Drug_Name,Category,Dosage_Form,Strength,Manufacturer,Indication,Classification
Albuterol,Anticoagulant,IV Infusion,250mg,Johnson & Johnson,Moderate to severe pain management,Prescription
Neosporin,Antihistamine,Gel,100mg,P&G,Heartburn and acid reflux,Over-the-Counter
Clotrimazole,Topical Anesthetic,Lozenge,25mg,GSK,Allergic rhinitis and hives,Over-the-Counter
Salicylic Acid,Analgesic,Ointment,5mg,P&G,Blood clot prevention,Over-the-Counter
Loperamide,Analgesic,Lozenge,400mg,Reckitt,Chest congestion and mucus relief,Over-the-Counter
Dexamethasone,Anxiolytic/Benzodiazepine,Topical Solution,100mcg,Johnson & Johnson,Hypertension and heart failure,Prescription
Calcium Carbonate,Antacid,Cream,100mg,P&G,Chest congestion and mucus relief,Over-the-Counter
Dexamethasone,Calcium Channel Blocker,Nasal Spray,50mg,Johnson & Johnson,Asthma and allergic rhinitis,Prescription
Hydrocodone,Antibiotic,IV Infusion,1000mg,AstraZeneca,Epilepsy and neuropathic pain,Prescription
Cetirizine,Sleep Aid,Gel,150mg,Chattem,Minor pain and itching relief,Over-the-Counter
Acetaminophen,Acne Treatment,Liquid,200mg,Reckitt,Skin inflammation and itching,Over-the-Counter
Sertraline,Antifungal,Inhaler,250mg,Boehringer Ingelheim,GERD and peptic ulcer disease,Prescription
Dexamethasone,Anticoagulant,IV Infusion,1mg,AstraZeneca,Moderate to severe pain management,Prescription
Pantoprazole,Bronchodilator,Nasal Spray,50mcg,Abbott,High cholesterol management,Prescription
Loratadine,Topical Corticosteroid,Ointment,150mg,Chattem,Fungal skin infections,Over-the-Counter
Fluoxetine,PPI,Sublingual Tablet,250mg,Novartis,High cholesterol management,Prescription
Lidocaine Cream,Antiemetic,Spray,250mg,Johnson & Johnson,Chest congestion and mucus relief,Over-the-Counter
Hydrocodone,Anticonvulsant,Patch,2mg,Pfizer,High cholesterol management,Prescription
Dexamethasone,Calcium Channel Blocker,Suppository,100mcg,Abbott,Fungal infections treatment,Prescription
Clindamycin,Leukotriene Inhibitor,Capsule,0.25mg,Gilead Sciences,Bacterial infections treatment,Prescription
Lisinopril,Leukotriene Inhibitor,Injection,250mg,Sanofi,Anxiety and panic disorders,Prescription
Loratadine,Acne Treatment,Cream,125mg,GSK,Blood clot prevention,Over-the-Counter
Simethicone,Antacid/PPI,Cream,200mg,GSK,Skin inflammation and itching,Over-the-Counter
Ciprofloxacin,ACE Inhibitor,Suppository,100mg,Boehringer Ingelheim,Hypertension and angina,Prescription
Simethicone,Antiemetic,Liquid,500mg,Pfizer,Motion sickness and nausea,Over-the-Counter
Montelukast,Corticosteroid,Extended Release Tablet,50mg,Gilead Sciences,Fungal infections treatment,Prescription
Bismuth Subsalicylate,Sleep Aid,Capsule,400mg,GSK,Pain relief and fever reduction,Over-the-Counter
Pantoprazole,Bronchodilator,Tablet,75mg,AstraZeneca,Hypertension and heart failure,Prescription
Albuterol,Antiplatelet,Tablet,50mg,Amgen,Fungal infections treatment,Prescription
Gabapentin,Leukotriene Inhibitor,Topical Solution,50mcg,Amgen,Moderate to severe pain management,Prescription
Loratadine,Antacid/PPI,Chewable Tablet,250mg,Reckitt,Blood clot prevention,Over-the-Counter
Magnesium Hydroxide,Topical Corticosteroid,Powder,150mg,Bayer,Constipation relief,Over-the-Counter
Aspirin,Laxative,Liquid,50mg,Unilever,Gas and bloating relief,Over-the-Counter
Naproxen,Antiflatulent,Drops,125mg,P&G,Gas and bloating relief,Over-the-Counter
Clindamycin,Anxiolytic/Benzodiazepine,Patch,25mg,Abbott,Epilepsy and neuropathic pain,Prescription
Naproxen,Topical Anesthetic,Ointment,5mg,P&G,Heartburn and indigestion,Over-the-Counter
Montelukast,PPI,Patch,0.5mg,GlaxoSmithKline,Epilepsy and neuropathic pain,Prescription
Bacitracin,Topical Corticosteroid,Drops,125mg,P&G,GERD and peptic ulcer,Over-the-Counter
Famotidine,Expectorant,Spray,1%,Chattem,Insomnia and sleep aid,Over-the-Counter
Fluoxetine,Leukotriene Inhibitor,Injection,1mg,Sanofi,Hypertension and heart failure,Prescription
Amlodipine,PPI,Suppository,400mcg,Abbott,Inflammation and autoimmune disorders,Prescription
Bismuth Subsalicylate,Antifungal,Tablet,2%,Pfizer,Chest congestion and mucus relief,Over-the-Counter
Montelukast,Statin,Topical Solution,25mg,GlaxoSmithKline,Epilepsy and neuropathic pain,Prescription
Loperamide,Antiflatulent,Ointment,5%,Sanofi,Minor wound infection prevention,Over-the-Counter
Fluoxetine,Anxiolytic/Benzodiazepine,Sublingual Tablet,2mg,Sanofi,Bacterial infections treatment,Prescription
Magnesium Hydroxide,Antacid,Tablet,2%,Novartis,Nasal congestion relief,Over-the-Counter
Aluminum Hydroxide,Acne Treatment,Ointment,200mg,Prestige Brands,Pain relief and fever reduction,Over-the-Counter
Calcium Carbonate,Decongestant,Ointment,125mg,GSK,Fungal skin infections,Over-the-Counter
Acetaminophen,Antiplatelet,Liquid,400mg,GSK,Pain relief and fever reduction,Over-the-Counter
Bacitracin,Sleep Aid,Drops,400mg,Novartis,Fungal skin infections,Over-the-Counter
Cetirizine,Antacid,Lozenge,325mg,Bayer,Acne treatment,Over-the-Counter
Lisinopril,Calcium Channel Blocker,Extended Release Tablet,0.25mg,Merck,Epilepsy and neuropathic pain,Prescription
Miconazole,Antacid/H2 Blocker,Liquid,250mg,Unilever,GERD and peptic ulcer,Over-the-Counter
Warfarin,Corticosteroid,Nasal Spray,250mg,Novartis,Type 2 diabetes management,Prescription
Omeprazole,Topical Antibiotic,Gel,2%,Johnson & Johnson,Gas and bloating relief,Over-the-Counter
Amlodipine,Antidepressant/SSRI,Patch,75mg,Boehringer Ingelheim,Hypertension and heart failure,Prescription
Calcium Carbonate,Skin Protectant,Liquid,25mg,Reckitt,Diarrhea treatment,Over-the-Counter
Clopidogrel,Antidepressant/SSRI,Nasal Spray,50mg,Roche,GERD and peptic ulcer disease,Prescription
Omeprazole,Antacid/PPI,Tablet,2%,GSK,Minor cuts and skin protection,Over-the-Counter
Clotrimazole,Antacid/H2 Blocker,Lozenge,50mg,P&G,Gas and bloating relief,Over-the-Counter
Aspirin,Sleep Aid,Spray,325mg,Johnson & Johnson,Motion sickness and nausea,Over-the-Counter
Oxycodone,Anticonvulsant,IV Infusion,500mg,Eli Lilly,Hypertension management,Prescription
Atorvastatin,Diuretic,Inhaler,250mg,AstraZeneca,Moderate to severe pain management,Prescription
Dextromethorphan,Skin Protectant,Chewable Tablet,5%,Unilever,Minor pain and itching relief,Over-the-Counter
Naproxen,Topical Antibiotic,Powder,25mg,Bayer,Heartburn and acid reflux,Over-the-Counter
Dexamethasone,Anticonvulsant,Suppository,250mg,Eli Lilly,GERD and peptic ulcer disease,Prescription
Diphenhydramine,Antacid/PPI,Ointment,100mg,Prestige Brands,Cough suppression,Over-the-Counter
Clopidogrel,Antiplatelet,Extended Release Tablet,100mg,Gilead Sciences,Hypertension management,Prescription
Trimethoprim,Anticonvulsant,Suppository,50mg,Boehringer Ingelheim,Depression and anxiety disorders,Prescription
Aluminum Hydroxide,Expectorant,Drops,125mg,Chattem,Skin inflammation and itching,Over-the-Counter
Lisinopril,Anxiolytic/Benzodiazepine,Injection,100mcg,Amgen,Blood clot prevention,Prescription
Pseudoephedrine,Acne Treatment,Lozenge,2%,P&G,Acne treatment,Over-the-Counter
Neosporin,Acne Treatment,Powder,200mg,Reckitt,Gas and bloating relief,Over-the-Counter
Naproxen,Sleep Aid,Ointment,50mg,Reckitt,Heartburn and acid reflux,Over-the-Counter
Pseudoephedrine,Topical Anesthetic,Spray,500mg,Chattem,Minor cuts and skin protection,Over-the-Counter
Metoprolol,Antiplatelet,Nasal Spray,2mg,Eli Lilly,Hypothyroidism treatment,Prescription
Docusate Sodium,Antifungal,Chewable Tablet,1%,3M Healthcare,GERD and peptic ulcer,Over-the-Counter
Ciprofloxacin,ACE Inhibitor,Patch,1000mg,Merck,Moderate to severe pain management,Prescription
Azithromycin,Antibiotic,Suppository,200mcg,Gilead Sciences,Asthma and allergic rhinitis,Prescription
Pseudoephedrine,Antacid/H2 Blocker,Powder,150mg,Johnson & Johnson,Skin inflammation and itching,Over-the-Counter
Amlodipine,Antibiotic,Liquid,150mg,Gilead Sciences,Inflammation and autoimmune disorders,Prescription
Acetaminophen,Antifungal,Spray,5mg,3M Healthcare,Acne treatment,Over-the-Counter
Gabapentin,Diuretic,Topical Solution,10mg,Pfizer,Depression and anxiety disorders,Prescription
Ibuprofen,Antiplatelet,Capsule,150mg,Prestige Brands,Constipation relief,Over-the-Counter
Albuterol,Anticonvulsant,Extended Release Tablet,500mg,Gilead Sciences,Bacterial infections treatment,Prescription
Clotrimazole,Antidiarrheal,Patch,125mg,Novartis,Constipation relief,Over-the-Counter
Benzoyl Peroxide,Antifungal,Gel,125mg,Sanofi,Heartburn and indigestion,Over-the-Counter
Guaifenesin,Analgesic,Cream,325mg,Unilever,Insomnia and sleep aid,Over-the-Counter
Ciprofloxacin,Antifungal,Sublingual Tablet,200mcg,Eli Lilly,Hypertension and heart failure,Prescription
Alprazolam,Corticosteroid,Tablet,0.25mg,Eli Lilly,Hypertension and heart failure,Prescription
Levothyroxine,Antidepressant/SSRI,Patch,50mcg,Boehringer Ingelheim,Fungal infections treatment,Prescription
Azithromycin,Antidiabetic,Suppository,400mcg,Amgen,Hypertension management,Prescription
Montelukast,Antibiotic,Capsule,0.5mg,Bristol-Myers Squibb,Inflammation and autoimmune disorders,Prescription
Magnesium Hydroxide,Laxative,Powder,400mg,Bayer,Acne treatment,Over-the-Counter
Lidocaine Cream,Sleep Aid,Tablet,50mg,Prestige Brands,Heartburn and acid reflux,Over-the-Counter
Benzoyl Peroxide,Antihistamine,Patch,10mg,GSK,Chest congestion and mucus relief,Over-the-Counter
Levothyroxine,Antidiabetic,Sublingual Tablet,100mcg,Abbott,Depression and anxiety disorders,Prescription
Escitalopram,Bronchodilator,Liquid,25mg,GlaxoSmithKline,Hypertension and heart failure,Prescription
Sertraline,Statin,Inhaler,0.5mg,Johnson & Johnson,Asthma and bronchospasm,Prescription
Metoprolol,Anticonvulsant,Capsule,75mg,Abbott,Hypertension and heart failure,Prescription
Aluminum Hydroxide,Acne Treatment,Lozenge,2%,Pfizer,Gas and bloating relief,Over-the-Counter
Levothyroxine,Thyroid Hormone,Extended Release Tablet,1mg,Amgen,High cholesterol management,Prescription
Clotrimazole,Cough Suppressant,Gel,325mg,3M Healthcare,Allergic rhinitis and hives,Over-the-Counter
Clindamycin,Antiplatelet,Capsule,400mcg,Sanofi,Fungal infections treatment,Prescription
Levothyroxine,ACE Inhibitor,Topical Solution,150mg,AstraZeneca,Type 2 diabetes management,Prescription
Diphenhydramine,Topical Antibiotic,Spray,150mg,3M Healthcare,Allergic rhinitis and hives,Over-the-Counter
Acetaminophen,Topical Corticosteroid,Lozenge,20mg,Chattem,Minor pain and itching relief,Over-the-Counter
Atorvastatin,Diuretic,Extended Release Tablet,100mcg,Sanofi,Hypertension and heart failure,Prescription
Prednisone,Statin,Capsule,2mg,Boehringer Ingelheim,Hypertension and heart failure,Prescription
Aspirin,Antihistamine,Patch,5%,Unilever,Minor wound infection prevention,Over-the-Counter
Gabapentin,Antibiotic,Inhaler,200mg,Novartis,Bacterial infections treatment,Prescription
Dexamethasone,Bronchodilator,Patch,200mcg,AstraZeneca,Hypertension management,Prescription
Magnesium Hydroxide,Antiplatelet,Tablet,250mg,Reckitt,Minor wound infection prevention,Over-the-Counter
Salicylic Acid,Skin Protectant,Tablet,1%,GSK,Minor wound infection prevention,Over-the-Counter
Losartan,Calcium Channel Blocker,Patch,200mg,GlaxoSmithKline,Anxiety and panic disorders,Prescription
Simethicone,Antiemetic,Gel,250mg,Prestige Brands,Constipation relief,Over-the-Counter
Clopidogrel,Anxiolytic/Benzodiazepine,IV Infusion,75mg,Abbott,Edema and hypertension,Prescription
Dextromethorphan,Antacid/H2 Blocker,Tablet,5%,Sanofi,Motion sickness and nausea,Over-the-Counter
Simethicone,Acne Treatment,Chewable Tablet,150mg,Unilever,Minor pain and itching relief,Over-the-Counter
Lidocaine Cream,Sleep Aid,Cream,150mg,Pfizer,Motion sickness and nausea,Over-the-Counter
Hydrocodone,Calcium Channel Blocker,Topical Solution,50mg,AstraZeneca,Hypertension and heart failure,Prescription
Lidocaine Cream,Topical Corticosteroid,Tablet,20mg,Prestige Brands,Pain relief and fever reduction,Over-the-Counter
Metronidazole,Thyroid Hormone,Inhaler,1000mg,Eli Lilly,Hypertension and angina,Prescription
Fluoxetine,Anticonvulsant,IV Infusion,200mcg,Gilead Sciences,Asthma and allergic rhinitis,Prescription
Ibuprofen,Topical Corticosteroid,Chewable Tablet,1%,Johnson & Johnson,Cough suppression,Over-the-Counter
Pseudoephedrine,Sleep Aid,Ointment,2%,3M Healthcare,Heartburn and indigestion,Over-the-Counter
Neosporin,Antihistamine,Tablet,5mg,Bayer,Fungal skin infections,Over-the-Counter
Aspirin,Topical Corticosteroid,Gel,2%,Prestige Brands,Minor pain and itching relief,Over-the-Counter
Fluoxetine,Antiplatelet,Injection,50mg,Roche,Hypertension and heart failure,Prescription
Bismuth Subsalicylate,Laxative,Gel,500mg,Pfizer,Gas and bloating relief,Over-the-Counter
Warfarin,Thyroid Hormone,IV Infusion,2mg,Bristol-Myers Squibb,Heart attack and stroke prevention,Prescription
Diphenhydramine,Antacid,Chewable Tablet,5%,Novartis,Cough suppression,Over-the-Counter
Ranitidine,Expectorant,Capsule,325mg,3M Healthcare,Insomnia and sleep aid,Over-the-Counter
Fluoxetine,Antidepressant/SSRI,Inhaler,150mg,Roche,Hypertension and heart failure,Prescription
Losartan,Antidiabetic,Patch,150mg,GlaxoSmithKline,Depression and anxiety disorders,Prescription
Prednisone,Anticoagulant,Patch,150mg,Roche,Hypothyroidism treatment,Prescription
Miconazole,Antiflatulent,Gel,5mg,Johnson & Johnson,GERD and peptic ulcer,Over-the-Counter
Doxycycline,PPI,Topical Solution,10mg,Eli Lilly,GERD and peptic ulcer disease,Prescription
Salicylic Acid,Antiemetic,Capsule,325mg,Chattem,Blood clot prevention,Over-the-Counter
Ciprofloxacin,Beta Blocker,Sublingual Tablet,100mg,Boehringer Ingelheim,Moderate to severe pain management,Prescription
Simethicone,Topical Antibiotic,Spray,500mg,P&G,Allergic rhinitis and hives,Over-the-Counter
Amlodipine,Diuretic,Inhaler,200mcg,Eli Lilly,Edema and hypertension,Prescription
Pregabalin,ARB,Inhaler,5mg,Eli Lilly,Heart attack and stroke prevention,Prescription
Salicylic Acid,Antihistamine,Ointment,200mg,GSK,Blood clot prevention,Over-the-Counter
Pregabalin,Anticoagulant,Injection,2mg,Boehringer Ingelheim,Moderate to severe pain management,Prescription
Prednisone,Leukotriene Inhibitor,Suppository,0.5mg,Novartis,Epilepsy and neuropathic pain,Prescription
Gabapentin,Statin,Nasal Spray,50mcg,AstraZeneca,Inflammation and autoimmune disorders,Prescription
Naproxen,Antifungal,Liquid,325mg,3M Healthcare,Diarrhea treatment,Over-the-Counter
Diphenhydramine,Laxative,Chewable Tablet,125mg,Bayer,Minor pain and itching relief,Over-the-Counter
Hydrocortisone Cream,Antacid,Tablet,100mg,Pfizer,Diarrhea treatment,Over-the-Counter
Atorvastatin,ACE Inhibitor,Nasal Spray,0.25mg,Gilead Sciences,Type 2 diabetes management,Prescription
Metformin,Opioid Analgesic,Injection,25mg,Boehringer Ingelheim,Blood clot prevention,Prescription
Calcium Carbonate,Decongestant,Drops,400mg,3M Healthcare,Motion sickness and nausea,Over-the-Counter
Dexamethasone,Thyroid Hormone,Liquid,1mg,Johnson & Johnson,Asthma and allergic rhinitis,Prescription
Losartan,Bronchodilator,IV Infusion,1000mg,Novartis,Edema and hypertension,Prescription
Fluoxetine,Calcium Channel Blocker,IV Infusion,1000mg,Merck,Fungal infections treatment,Prescription
Pregabalin,Bronchodilator,Extended Release Tablet,100mcg,Merck,Hypertension management,Prescription
Bismuth Subsalicylate,Decongestant,Spray,325mg,3M Healthcare,Allergic rhinitis and hives,Over-the-Counter
Dexamethasone,Antidiabetic,Capsule,5mg,Eli Lilly,Hypothyroidism treatment,Prescription
Meclizine,Antidiarrheal,Ointment,100mg,Novartis,Constipation relief,Over-the-Counter
Benzoyl Peroxide,Acne Treatment,Liquid,100mg,P&G,Allergic rhinitis and hives,Over-the-Counter
Famotidine,Topical Anesthetic,Capsule,100mg,Unilever,Blood clot prevention,Over-the-Counter
Amlodipine,Antiplatelet,Capsule,75mg,Roche,Moderate to severe pain management,Prescription
Cetirizine,Topical Anesthetic,Capsule,50mg,GSK,Cough suppression,Over-the-Counter
Cetirizine,Decongestant,Powder,10mg,Chattem,Pain relief and fever reduction,Over-the-Counter
Famotidine,Antiflatulent,Gel,150mg,Prestige Brands,Diarrhea treatment,Over-the-Counter
Albuterol,Anticonvulsant,Injection,25mg,Novartis,High cholesterol management,Prescription
Furosemide,Diuretic,Liquid,1mg,Amgen,Hypertension management,Prescription
Warfarin,Antibiotic,Sublingual Tablet,5mg,Pfizer,Fungal infections treatment,Prescription
Clotrimazole,Topical Anesthetic,Gel,400mg,GSK,Cough suppression,Over-the-Counter
Meclizine,Skin Protectant,Lozenge,400mg,Novartis,Gas and bloating relief,Over-the-Counter
Warfarin,Diuretic,Injection,50mcg,Amgen,Depression and anxiety disorders,Prescription
Albuterol,Anticonvulsant,Liquid,400mcg,Eli Lilly,Hypertension management,Prescription
Amoxicillin,Anticoagulant,Liquid,2mg,Bristol-Myers Squibb,Hypothyroidism treatment,Prescription
Cetirizine,Topical Antibiotic,Patch,100mg,Sanofi,Chest congestion and mucus relief,Over-the-Counter
Acetaminophen,Laxative,Liquid,125mg,Reckitt,Acne treatment,Over-the-Counter
Ibuprofen,Cough Suppressant,Patch,20mg,P&G,Insomnia and sleep aid,Over-the-Counter
Clindamycin,Bronchodilator,Sublingual Tablet,250mg,GlaxoSmithKline,Blood clot prevention,Prescription
Neosporin,Analgesic,Liquid,125mg,3M Healthcare,Minor wound infection prevention,Over-the-Counter
Furosemide,Diuretic,Extended Release Tablet,1000mg,Bristol-Myers Squibb,Epilepsy and neuropathic pain,Prescription
Albuterol,Leukotriene Inhibitor,Nasal Spray,5mg,GlaxoSmithKline,Heart attack and stroke prevention,Prescription
Famotidine,Antiflatulent,Chewable Tablet,25mg,P&G,Constipation relief,Over-the-Counter
Sertraline,Opioid Analgesic,Inhaler,200mcg,Amgen,Fungal infections treatment,Prescription
Salicylic Acid,Antihistamine,Gel,100mg,Pfizer,Minor pain and itching relief,Over-the-Counter
Trimethoprim,Diuretic,Injection,150mg,GlaxoSmithKline,Hypertension and heart failure,Prescription
Doxycycline,Thyroid Hormone,Liquid,1000mg,Boehringer Ingelheim,High cholesterol management,Prescription
Clotrimazole,Antifungal,Ointment,50mg,Chattem,Minor wound infection prevention,Over-the-Counter
Pregabalin,Opioid Analgesic,Liquid,1mg,Eli Lilly,Hypertension and heart failure,Prescription
Miconazole,Topical Anesthetic,Patch,125mg,Bayer,Chest congestion and mucus relief,Over-the-Counter
Simethicone,Laxative,Gel,125mg,Novartis,Pain relief and fever reduction,Over-the-Counter
Metoprolol,Antibiotic,Extended Release Tablet,500mg,GlaxoSmithKline,Hypertension and heart failure,Prescription
Docusate Sodium,Antiplatelet,Cream,2%,3M Healthcare,Cough suppression,Over-the-Counter
Ranitidine,Topical Antibiotic,Powder,20mg,Sanofi,Allergic rhinitis and hives,Over-the-Counter
Ranitidine,Decongestant,Powder,200mg,Reckitt,Heartburn and indigestion,Over-the-Counter
Prednisone,Antiplatelet,Liquid,100mcg,Boehringer Ingelheim,Bacterial infections treatment,Prescription
Naproxen,Decongestant,Tablet,500mg,3M Healthcare,Diarrhea treatment,Over-the-Counter
Cetirizine,Decongestant,Spray,10mg,Chattem,Minor wound infection prevention,Over-the-Counter
Neosporin,Antacid/H2 Blocker,Capsule,10mg,3M Healthcare,Cough suppression,Over-the-Counter
Calcium Carbonate,Antidiarrheal,Powder,5mg,Johnson & Johnson,Fungal skin infections,Over-the-Counter
Simethicone,Antihistamine,Lozenge,200mg,GSK,Fungal skin infections,Over-the-Counter
Alprazolam,Opioid Analgesic,Topical Solution,1mg,Pfizer,Depression and anxiety disorders,Prescription
Warfarin,Antifungal,Suppository,50mg,Pfizer,Heart attack and stroke prevention,Prescription
Diphenhydramine,Antacid/H2 Blocker,Ointment,2%,Reckitt,Nasal congestion relief,Over-the-Counter
Ibuprofen,Acne Treatment,Spray,125mg,Bayer,Heartburn and indigestion,Over-the-Counter
Metronidazole,Antiplatelet,Capsule,25mg,GlaxoSmithKline,Depression and anxiety disorders,Prescription
Magnesium Hydroxide,Antiemetic,Drops,100mg,Reckitt,Fungal skin infections,Over-the-Counter
Lisinopril,Antifungal,Extended Release Tablet,25mg,Amgen,GERD and peptic ulcer disease,Prescription
Hydrocortisone Cream,Topical Antibiotic,Spray,150mg,Novartis,Gas and bloating relief,Over-the-Counter
Amoxicillin,Leukotriene Inhibitor,Injection,0.25mg,Merck,Bacterial infections treatment,Prescription
Diphenhydramine,Topical Antibiotic,Liquid,10mg,Pfizer,Pain relief and fever reduction,Over-the-Counter
Loperamide,Antacid/PPI,Drops,25mg,Sanofi,Insomnia and sleep aid,Over-the-Counter
Warfarin,Statin,Liquid,250mg,Roche,Edema and hypertension,Prescription
Albuterol,ACE Inhibitor,IV Infusion,10mg,Novartis,Asthma and bronchospasm,Prescription
Furosemide,ARB,Topical Solution,2mg,Eli Lilly,Hypertension management,Prescription
Hydrocodone,Anticoagulant,Extended Release Tablet,2mg,Merck,Epilepsy and neuropathic pain,Prescription
Doxycycline,Antidiabetic,Topical Solution,250mg,GlaxoSmithKline,GERD and peptic ulcer disease,Prescription
Escitalopram,Antidepressant/SSRI,Sublingual Tablet,100mcg,Johnson & Johnson,Hypertension and heart failure,Prescription
Furosemide,Calcium Channel Blocker,Liquid,0.25mg,Gilead Sciences,Inflammation and autoimmune disorders,Prescription
Oxycodone,Opioid Analgesic,Nasal Spray,2mg,Sanofi,Edema and hypertension,Prescription
Loratadine,Antacid/PPI,Spray,2%,Reckitt,Constipation relief,Over-the-Counter
Hydrocodone,Corticosteroid,Tablet,250mg,Gilead Sciences,Fungal infections treatment,Prescription
Amoxicillin,Anticonvulsant,Capsule,200mcg,Roche,Heart attack and stroke prevention,Prescription
Amlodipine,Beta Blocker,Inhaler,100mg,GlaxoSmithKline,High cholesterol management,Prescription
Hydrocortisone Cream,Antacid/H2 Blocker,Patch,150mg,Reckitt,Allergic rhinitis and hives,Over-the-Counter
Clindamycin,ARB,Patch,20mg,AstraZeneca,Hypertension and heart failure,Prescription
Magnesium Hydroxide,Antihistamine,Powder,325mg,Reckitt,Minor pain and itching relief,Over-the-Counter
Clopidogrel,Corticosteroid,Patch,50mcg,Johnson & Johnson,GERD and peptic ulcer disease,Prescription
Pantoprazole,Opioid Analgesic,Tablet,2mg,Pfizer,Edema and hypertension,Prescription
Docusate Sodium,Antifungal,Liquid,100mg,Prestige Brands,GERD and peptic ulcer,Over-the-Counter
Ciprofloxacin,ACE Inhibitor,Liquid,50mcg,Merck,Hypertension management,Prescription
Guaifenesin,Antiflatulent,Cream,20mg,Bayer,Fungal skin infections,Over-the-Counter
Bismuth Subsalicylate,Antifungal,Capsule,1%,Novartis,Heartburn and acid reflux,Over-the-Counter
Furosemide,Anticonvulsant,IV Infusion,250mg,Boehringer Ingelheim,Asthma and allergic rhinitis,Prescription
Clindamycin,Beta Blocker,Injection,400mcg,Pfizer,Fungal infections treatment,Prescription
Cetirizine,Topical Antibiotic,Powder,400mg,P&G,Diarrhea treatment,Over-the-Counter
Doxycycline,Statin,Inhaler,10mg,Sanofi,Bacterial infections treatment,Prescription
Miconazole,Cough Suppressant,Lozenge,400mg,Johnson & Johnson,Minor wound infection prevention,Over-the-Counter
Pseudoephedrine,Expectorant,Spray,325mg,GSK,Blood clot prevention,Over-the-Counter
Alprazolam,ACE Inhibitor,Sublingual Tablet,400mcg,AstraZeneca,GERD and peptic ulcer disease,Prescription
Ciprofloxacin,Antibiotic,Nasal Spray,400mcg,Novartis,GERD and peptic ulcer disease,Prescription
Lisinopril,Statin,Patch,0.25mg,Bristol-Myers Squibb,Anxiety and panic disorders,Prescription
Lidocaine Cream,Antacid/H2 Blocker,Spray,5mg,P&G,Fungal skin infections,Over-the-Counter
Pseudoephedrine,Skin Protectant,Patch,5%,3M Healthcare,Pain relief and fever reduction,Over-the-Counter
Dextromethorphan,Topical Anesthetic,Chewable Tablet,100mg,Chattem,Blood clot prevention,Over-the-Counter
Loratadine,Laxative,Spray,5mg,Unilever,Minor wound infection prevention,Over-the-Counter
Dextromethorphan,Expectorant,Patch,1%,Unilever,Chest congestion and mucus relief,Over-the-Counter
Albuterol,Calcium Channel Blocker,Liquid,50mg,Eli Lilly,Blood clot prevention,Prescription
Meclizine,Cough Suppressant,Drops,200mg,Novartis,Minor wound infection prevention,Over-the-Counter
Famotidine,Antacid,Gel,500mg,GSK,Insomnia and sleep aid,Over-the-Counter
Calcium Carbonate,Antifungal,Patch,2%,Reckitt,Diarrhea treatment,Over-the-Counter
Escitalopram,Leukotriene Inhibitor,Inhaler,1mg,Merck,Bacterial infections treatment,Prescription
Naproxen,Topical Corticosteroid,Tablet,50mg,Unilever,Allergic rhinitis and hives,Over-the-Counter
Furosemide,Leukotriene Inhibitor,Nasal Spray,10mg,Roche,Bacterial infections treatment,Prescription
Warfarin,Anticoagulant,Extended Release Tablet,25mg,Boehringer Ingelheim,Fungal infections treatment,Prescription
Hydrocortisone Cream,Decongestant,Tablet,400mg,Unilever,Diarrhea treatment,Over-the-Counter
Azithromycin,Antiplatelet,Inhaler,150mg,GlaxoSmithKline,Hypertension and heart failure,Prescription
Docusate Sodium,Antacid/PPI,Capsule,1%,Bayer,Heartburn and acid reflux,Over-the-Counter
Sertraline,Diuretic,Suppository,200mg,Eli Lilly,Hypertension management,Prescription
Dextromethorphan,Antacid/H2 Blocker,Liquid,10mg,Sanofi,Heartburn and acid reflux,Over-the-Counter
Benzoyl Peroxide,Antihistamine,Lozenge,2%,Unilever,Minor wound infection prevention,Over-the-Counter
Simethicone,Antacid/H2 Blocker,Drops,150mg,Unilever,Minor pain and itching relief,Over-the-Counter
Fluoxetine,ARB,IV Infusion,0.25mg,Eli Lilly,Inflammation and autoimmune disorders,Prescription
Oxycodone,Opioid Analgesic,Extended Release Tablet,200mg,Pfizer,Heart attack and stroke prevention,Prescription
Diphenhydramine,Antiflatulent,Ointment,2%,Bayer,Allergic rhinitis and hives,Over-the-Counter
Loperamide,Acne Treatment,Patch,400mg,Chattem,Diarrhea treatment,Over-the-Counter
Prednisone,Anxiolytic/Benzodiazepine,Injection,400mcg,Gilead Sciences,Asthma and bronchospasm,Prescription
Metronidazole,Diuretic,IV Infusion,25mg,Boehringer Ingelheim,Hypothyroidism treatment,Prescription
Zinc Oxide,Antiplatelet,Lozenge,400mg,Pfizer,Nasal congestion relief,Over-the-Counter
Clotrimazole,Antiflatulent,Capsule,20mg,Sanofi,Heartburn and indigestion,Over-the-Counter
Docusate Sodium,Antiflatulent,Spray,50mg,Unilever,Constipation relief,Over-the-Counter
Clotrimazole,Analgesic,Cream,250mg,Sanofi,Minor cuts and skin protection,Over-the-Counter
Levothyroxine,PPI,Capsule,150mg,Gilead Sciences,Epilepsy and neuropathic pain,Prescription
Prednisone,Antidepressant/SSRI,Liquid,50mg,Eli Lilly,Asthma and bronchospasm,Prescription
Clopidogrel,Thyroid Hormone,Sublingual Tablet,25mg,Amgen,High cholesterol management,Prescription
Meclizine,Antiplatelet,Drops,250mg,GSK,Motion sickness and nausea,Over-the-Counter
Warfarin,Antifungal,Suppository,250mg,AstraZeneca,Edema and hypertension,Prescription
Gabapentin,Thyroid Hormone,Sublingual Tablet,400mcg,Eli Lilly,Heart attack and stroke prevention,Prescription
Lidocaine Cream,Acne Treatment,Lozenge,125mg,P&G,Insomnia and sleep aid,Over-the-Counter
Fluoxetine,Anxiolytic/Benzodiazepine,Topical Solution,150mg,Abbott,High cholesterol management,Prescription
Azithromycin,Antibiotic,Extended Release Tablet,25mg,AstraZeneca,GERD and peptic ulcer disease,Prescription
Gabapentin,Bronchodilator,Patch,25mg,Bristol-Myers Squibb,Fungal infections treatment,Prescription
Acetaminophen,Topical Antibiotic,Capsule,150mg,Unilever,Minor cuts and skin protection,Over-the-Counter
Escitalopram,Diuretic,Suppository,0.5mg,AstraZeneca,Epilepsy and neuropathic pain,Prescription
Alprazolam,Antidepressant/SSRI,Inhaler,75mg,Novartis,Heart attack and stroke prevention,Prescription
Alprazolam,Thyroid Hormone,Topical Solution,50mcg,GlaxoSmithKline,Hypertension and heart failure,Prescription
Losartan,Antibiotic,Patch,400mcg,Merck,Anxiety and panic disorders,Prescription
Loperamide,Cough Suppressant,Spray,20mg,Prestige Brands,Constipation relief,Over-the-Counter
Bismuth Subsalicylate,Skin Protectant,Powder,200mg,GSK,Fungal skin infections,Over-the-Counter
Aspirin,Topical Corticosteroid,Lozenge,400mg,Johnson & Johnson,Cough suppression,Over-the-Counter
Guaifenesin,Antiplatelet,Liquid,5%,Prestige Brands,Acne treatment,Over-the-Counter
Trimethoprim,Anticoagulant,Topical Solution,20mg,Amgen,Hypertension and heart failure,Prescription
Azithromycin,Diuretic,Nasal Spray,100mcg,Gilead Sciences,Heart attack and stroke prevention,Prescription
Clopidogrel,Antibiotic,Suppository,100mg,Bristol-Myers Squibb,Asthma and allergic rhinitis,Prescription
Simethicone,Laxative,Drops,400mg,Pfizer,Chest congestion and mucus relief,Over-the-Counter
Doxycycline,Antiplatelet,Nasal Spray,100mcg,Johnson & Johnson,Hypothyroidism treatment,Prescription
Lisinopril,Leukotriene Inhibitor,Nasal Spray,2mg,AstraZeneca,Bacterial infections treatment,Prescription
Oxycodone,Calcium Channel Blocker,Capsule,1mg,Abbott,Asthma and allergic rhinitis,Prescription
Clindamycin,Bronchodilator,Suppository,50mg,GlaxoSmithKline,Hypertension and angina,Prescription
Loratadine,Skin Protectant,Ointment,150mg,GSK,Minor wound infection prevention,Over-the-Counter
Alprazolam,Beta Blocker,Patch,50mcg,Boehringer Ingelheim,Inflammation and autoimmune disorders,Prescription
Warfarin,Corticosteroid,Capsule,100mcg,AstraZeneca,Anxiety and panic disorders,Prescription
Bacitracin,Acne Treatment,Patch,325mg,P&G,Cough suppression,Over-the-Counter
Montelukast,ARB,Liquid,5mg,Sanofi,Hypertension management,Prescription
Pseudoephedrine,Cough Suppressant,Drops,50mg,P&G,Acne treatment,Over-the-Counter
Meclizine,Laxative,Cream,325mg,Sanofi,Fungal skin infections,Over-the-Counter
Alprazolam,Antidiabetic,Topical Solution,25mg,Roche,Anxiety and panic disorders,Prescription
Azithromycin,Antifungal,Injection,1mg,GlaxoSmithKline,Hypertension and angina,Prescription
Amoxicillin,Antiplatelet,Tablet,0.5mg,Roche,GERD and peptic ulcer disease,Prescription
Loperamide,Skin Protectant,Gel,5mg,GSK,Nasal congestion relief,Over-the-Counter
Prednisone,ARB,Suppository,1mg,Pfizer,Anxiety and panic disorders,Prescription
Clopidogrel,Beta Blocker,Sublingual Tablet,200mcg,Abbott,Hypertension and heart failure,Prescription
Lisinopril,Antibiotic,Sublingual Tablet,20mg,Sanofi,Hypertension and heart failure,Prescription
Lisinopril,Antidepressant/SSRI,Injection,0.25mg,Sanofi,Inflammation and autoimmune disorders,Prescription
Sertraline,Statin,Extended Release Tablet,10mg,Abbott,Depression and anxiety disorders,Prescription
Dextromethorphan,Antiflatulent,Lozenge,200mg,Bayer,Nasal congestion relief,Over-the-Counter
Alprazolam,Antifungal,Capsule,75mg,GlaxoSmithKline,Type 2 diabetes management,Prescription
Meclizine,Antiplatelet,Drops,200mg,3M Healthcare,Constipation relief,Over-the-Counter
Dexamethasone,Antifungal,Injection,200mg,GlaxoSmithKline,High cholesterol management,Prescription
Warfarin,Corticosteroid,Extended Release Tablet,75mg,Novartis,Asthma and bronchospasm,Prescription
Atorvastatin,Corticosteroid,Suppository,5mg,Eli Lilly,Anxiety and panic disorders,Prescription
Oxycodone,Antidiabetic,Suppository,1000mg,Bristol-Myers Squibb,Asthma and bronchospasm,Prescription
Bismuth Subsalicylate,Expectorant,Chewable Tablet,1%,GSK,Skin inflammation and itching,Over-the-Counter
Trimethoprim,Beta Blocker,Extended Release Tablet,10mg,Pfizer,Asthma and bronchospasm,Prescription
Warfarin,Anticonvulsant,Liquid,1000mg,Sanofi,Blood clot prevention,Prescription
Losartan,Calcium Channel Blocker,Topical Solution,100mg,Eli Lilly,GERD and peptic ulcer disease,Prescription
Clindamycin,Statin,Topical Solution,250mg,Eli Lilly,Hypertension and heart failure,Prescription
Dextromethorphan,Laxative,Capsule,100mg,Bayer,Heartburn and indigestion,Over-the-Counter
Ciprofloxacin,Antidepressant/SSRI,Tablet,5mg,Amgen,High cholesterol management,Prescription
Albuterol,ARB,Inhaler,250mg,GlaxoSmithKline,Hypertension management,Prescription
Clotrimazole,Antacid/PPI,Capsule,400mg,Bayer,Blood clot prevention,Over-the-Counter
Magnesium Hydroxide,Antiplatelet,Gel,500mg,Bayer,Heartburn and acid reflux,Over-the-Counter
Dextromethorphan,Skin Protectant,Liquid,2%,Bayer,Allergic rhinitis and hives,Over-the-Counter
Aluminum Hydroxide,Antifungal,Gel,200mg,Pfizer,Gas and bloating relief,Over-the-Counter
Zinc Oxide,Antidiarrheal,Cream,500mg,P&G,Insomnia and sleep aid,Over-the-Counter
Amoxicillin,ACE Inhibitor,Suppository,75mg,Johnson & Johnson,Anxiety and panic disorders,Prescription
Meclizine,Laxative,Cream,500mg,Prestige Brands,Gas and bloating relief,Over-the-Counter
Guaifenesin,Acne Treatment,Gel,5%,Unilever,Insomnia and sleep aid,Over-the-Counter
Gabapentin,Thyroid Hormone,IV Infusion,25mg,Sanofi,Bacterial infections treatment,Prescription
Levothyroxine,Calcium Channel Blocker,Topical Solution,1mg,Roche,Hypertension and angina,Prescription
Diphenhydramine,Antiflatulent,Patch,400mg,Bayer,Heartburn and acid reflux,Over-the-Counter
Pregabalin,Antifungal,Suppository,5mg,Eli Lilly,Anxiety and panic disorders,Prescription
Sertraline,Beta Blocker,Patch,2mg,Pfizer,Blood clot prevention,Prescription
Pseudoephedrine,Antidiarrheal,Cream,5%,3M Healthcare,GERD and peptic ulcer,Over-the-Counter
Levothyroxine,Opioid Analgesic,Patch,0.25mg,AstraZeneca,Hypertension and angina,Prescription
Ciprofloxacin,Leukotriene Inhibitor,Topical Solution,50mg,Sanofi,Fungal infections treatment,Prescription
Hydrocortisone Cream,Cough Suppressant,Ointment,250mg,Pfizer,Allergic rhinitis and hives,Over-the-Counter
Ibuprofen,Skin Protectant,Chewable Tablet,2%,Johnson & Johnson,Minor pain and itching relief,Over-the-Counter
Pantoprazole,Antibiotic,Topical Solution,200mcg,Roche,Type 2 diabetes management,Prescription
Ciprofloxacin,Diuretic,Liquid,75mg,GlaxoSmithKline,Moderate to severe pain management,Prescription
Metoprolol,PPI,IV Infusion,10mg,Merck,Inflammation and autoimmune disorders,Prescription
Amlodipine,Antibiotic,Extended Release Tablet,25mg,Pfizer,Edema and hypertension,Prescription
Pseudoephedrine,Topical Corticosteroid,Patch,325mg,3M Healthcare,GERD and peptic ulcer,Over-the-Counter
Docusate Sodium,Antiplatelet,Drops,20mg,Prestige Brands,Gas and bloating relief,Over-the-Counter
Salicylic Acid,Cough Suppressant,Tablet,1%,Reckitt,Chest congestion and mucus relief,Over-the-Counter
Fluoxetine,Anticoagulant,Liquid,0.25mg,Pfizer,Depression and anxiety disorders,Prescription
Bacitracin,Expectorant,Lozenge,50mg,Reckitt,Heartburn and acid reflux,Over-the-Counter
Azithromycin,Beta Blocker,Liquid,1000mg,Eli Lilly,Asthma and allergic rhinitis,Prescription
Ranitidine,Antacid,Patch,150mg,Unilever,Insomnia and sleep aid,Over-the-Counter
Atorvastatin,Anticonvulsant,IV Infusion,2mg,Eli Lilly,Depression and anxiety disorders,Prescription
Bismuth Subsalicylate,Analgesic,Gel,500mg,GSK,Gas and bloating relief,Over-the-Counter
Famotidine,Cough Suppressant,Liquid,50mg,Unilever,Cough suppression,Over-the-Counter
Montelukast,Antidepressant/SSRI,Tablet,1mg,Amgen,Edema and hypertension,Prescription
Guaifenesin,Antiplatelet,Cream,1%,Unilever,Heartburn and indigestion,Over-the-Counter
Trimethoprim,Diuretic,Inhaler,0.5mg,Amgen,Edema and hypertension,Prescription
Escitalopram,Anticoagulant,Capsule,200mg,Johnson & Johnson,Moderate to severe pain management,Prescription
Pregabalin,PPI,Liquid,50mg,Johnson & Johnson,Hypothyroidism treatment,Prescription
Losartan,Thyroid Hormone,Liquid,0.5mg,Pfizer,GERD and peptic ulcer disease,Prescription
Oxycodone,Antifungal,Capsule,500mg,Eli Lilly,Hypothyroidism treatment,Prescription
Bacitracin,Antacid/PPI,Cream,150mg,Sanofi,Skin inflammation and itching,Over-the-Counter
Bismuth Subsalicylate,Analgesic,Tablet,5%,Sanofi,Gas and bloating relief,Over-the-Counter
Naproxen,Antacid/H2 Blocker,Chewable Tablet,500mg,Sanofi,Constipation relief,Over-the-Counter
Clopidogrel,Opioid Analgesic,Tablet,25mg,Johnson & Johnson,Asthma and allergic rhinitis,Prescription
Diphenhydramine,Antiplatelet,Ointment,5mg,P&G,Chest congestion and mucus relief,Over-the-Counter
Naproxen,Antifungal,Spray,20mg,Pfizer,Heartburn and acid reflux,Over-the-Counter
Ibuprofen,Antihistamine,Chewable Tablet,325mg,Reckitt,Cough suppression,Over-the-Counter
Clopidogrel,Anxiolytic/Benzodiazepine,Capsule,200mg,Boehringer Ingelheim,High cholesterol management,Prescription
Metformin,Antifungal,Injection,100mg,Pfizer,Hypertension management,Prescription
Meclizine,Antiflatulent,Capsule,500mg,Johnson & Johnson,Pain relief and fever reduction,Over-the-Counter
Zinc Oxide,Antiemetic,Tablet,100mg,Pfizer,Chest congestion and mucus relief,Over-the-Counter
Miconazole,Antacid,Gel,200mg,GSK,Allergic rhinitis and hives,Over-the-Counter
Doxycycline,Beta Blocker,Liquid,5mg,Novartis,Edema and hypertension,Prescription
Ciprofloxacin,Antidiabetic,Suppository,2mg,Eli Lilly,Inflammation and autoimmune disorders,Prescription
Magnesium Hydroxide,Topical Antibiotic,Liquid,5mg,Novartis,Chest congestion and mucus relief,Over-the-Counter
Aspirin,Antiemetic,Capsule,150mg,P&G,Fungal skin infections,Over-the-Counter
Lidocaine Cream,Antacid/H2 Blocker,Tablet,200mg,Bayer,Cough suppression,Over-the-Counter
Doxycycline,Antidepressant/SSRI,Suppository,5mg,Sanofi,Fungal infections treatment,Prescription
Warfarin,Anticoagulant,IV Infusion,20mg,Bristol-Myers Squibb,Asthma and bronchospasm,Prescription
Meclizine,Cough Suppressant,Tablet,250mg,Novartis,Minor wound infection prevention,Over-the-Counter
Lidocaine Cream,Decongestant,Chewable Tablet,325mg,GSK,Insomnia and sleep aid,Over-the-Counter
Loratadine,Antiemetic,Gel,10mg,Bayer,Motion sickness and nausea,Over-the-Counter
Sertraline,Beta Blocker,Capsule,250mg,Merck,Hypertension management,Prescription
Sertraline,ACE Inhibitor,Patch,5mg,Sanofi,GERD and peptic ulcer disease,Prescription
Famotidine,Topical Corticosteroid,Lozenge,5mg,Reckitt,Insomnia and sleep aid,Over-the-Counter
Bacitracin,Antifungal,Drops,1%,3M Healthcare,Insomnia and sleep aid,Over-the-Counter
Pantoprazole,Calcium Channel Blocker,Topical Solution,500mg,Sanofi,Epilepsy and neuropathic pain,Prescription
Alprazolam,Antibiotic,Inhaler,2mg,Bristol-Myers Squibb,Hypertension and heart failure,Prescription
Lisinopril,Antiplatelet,Patch,50mcg,Pfizer,Moderate to severe pain management,Prescription
Loratadine,Expectorant,Liquid,125mg,3M Healthcare,Constipation relief,Over-the-Counter
Ranitidine,Cough Suppressant,Powder,100mg,Novartis,Minor cuts and skin protection,Over-the-Counter
Simethicone,Antacid,Cream,5%,Johnson & Johnson,Heartburn and acid reflux,Over-the-Counter
Naproxen,Topical Antibiotic,Spray,250mg,Reckitt,Gas and bloating relief,Over-the-Counter
Oxycodone,Antibiotic,Inhaler,50mcg,AstraZeneca,Epilepsy and neuropathic pain,Prescription
Oxycodone,Anticoagulant,Inhaler,5mg,Roche,Bacterial infections treatment,Prescription
Trimethoprim,Opioid Analgesic,Nasal Spray,20mg,Johnson & Johnson,Depression and anxiety disorders,Prescription
Clotrimazole,Decongestant,Gel,500mg,Chattem,Constipation relief,Over-the-Counter
Omeprazole,Sleep Aid,Spray,20mg,Prestige Brands,Heartburn and indigestion,Over-the-Counter
Hydrocortisone Cream,Antiflatulent,Ointment,125mg,3M Healthcare,Allergic rhinitis and hives,Over-the-Counter
Amlodipine,Antibiotic,IV Infusion,100mg,Johnson & Johnson,Edema and hypertension,Prescription
Acetaminophen,Acne Treatment,Liquid,20mg,Prestige Brands,Heartburn and indigestion,Over-the-Counter
Miconazole,Topical Anesthetic,Powder,200mg,Bayer,Gas and bloating relief,Over-the-Counter
Metoprolol,Anticoagulant,Nasal Spray,20mg,Amgen,Hypertension and angina,Prescription
Famotidine,Acne Treatment,Powder,20mg,Prestige Brands,Acne treatment,Over-the-Counter
Hydrocortisone Cream,Decongestant,Patch,5%,Prestige Brands,Blood clot prevention,Over-the-Counter
Montelukast,Antidiabetic,Sublingual Tablet,400mcg,Johnson & Johnson,Fungal infections treatment,Prescription
Sertraline,Calcium Channel Blocker,Tablet,25mg,Novartis,Hypertension and heart failure,Prescription
Atorvastatin,Opioid Analgesic,IV Infusion,250mg,Johnson & Johnson,Moderate to severe pain management,Prescription
Clotrimazole,Antidiarrheal,Chewable Tablet,150mg,P&G,Acne treatment,Over-the-Counter
Salicylic Acid,Antidiarrheal,Patch,100mg,Unilever,Minor wound infection prevention,Over-the-Counter
Warfarin,Opioid Analgesic,Tablet,1000mg,Johnson & Johnson,Edema and hypertension,Prescription
Oxycodone,Bronchodilator,IV Infusion,100mg,Pfizer,Hypertension management,Prescription
Atorvastatin,Bronchodilator,Nasal Spray,500mg,Novartis,Moderate to severe pain management,Prescription
Simethicone,Cough Suppressant,Spray,250mg,Novartis,Skin inflammation and itching,Over-the-Counter
Loperamide,Antacid/H2 Blocker,Gel,2%,Sanofi,Blood clot prevention,Over-the-Counter
Metoprolol,Antidepressant/SSRI,IV Infusion,150mg,GlaxoSmithKline,Asthma and allergic rhinitis,Prescription
Fluoxetine,Anxiolytic/Benzodiazepine,Suppository,50mg,Bristol-Myers Squibb,Asthma and bronchospasm,Prescription
Azithromycin,Beta Blocker,Extended Release Tablet,100mcg,AstraZeneca,High cholesterol management,Prescription
Clindamycin,Bronchodilator,Tablet,200mg,Novartis,Edema and hypertension,Prescription
Naproxen,Topical Antibiotic,Gel,200mg,3M Healthcare,Insomnia and sleep aid,Over-the-Counter
Escitalopram,Corticosteroid,Topical Solution,500mg,Boehringer Ingelheim,Heart attack and stroke prevention,Prescription
Escitalopram,Calcium Channel Blocker,Inhaler,100mcg,Sanofi,Anxiety and panic disorders,Prescription
Benzoyl Peroxide,Topical Corticosteroid,Cream,5%,Johnson & Johnson,Blood clot prevention,Over-the-Counter
Bacitracin,Cough Suppressant,Capsule,150mg,Novartis,Acne treatment,Over-the-Counter
Hydrocortisone Cream,Expectorant,Tablet,500mg,Novartis,GERD and peptic ulcer,Over-the-Counter
Bacitracin,Acne Treatment,Patch,2%,Pfizer,Minor pain and itching relief,Over-the-Counter
Clindamycin,Statin,Topical Solution,200mcg,Boehringer Ingelheim,Moderate to severe pain management,Prescription
Loratadine,Cough Suppressant,Tablet,400mg,GSK,Minor wound infection prevention,Over-the-Counter
Metronidazole,ACE Inhibitor,Sublingual Tablet,100mg,Johnson & Johnson,Asthma and allergic rhinitis,Prescription
Cetirizine,Skin Protectant,Chewable Tablet,5%,Unilever,Minor pain and itching relief,Over-the-Counter
Bismuth Subsalicylate,Sleep Aid,Spray,50mg,3M Healthcare,Skin inflammation and itching,Over-the-Counter
Metformin,Diuretic,Injection,200mcg,AstraZeneca,Bacterial infections treatment,Prescription
Amoxicillin,Calcium Channel Blocker,Suppository,75mg,Eli Lilly,Inflammation and autoimmune disorders,Prescription
Ciprofloxacin,Calcium Channel Blocker,Tablet,150mg,AstraZeneca,Hypothyroidism treatment,Prescription
Fluoxetine,Thyroid Hormone,Tablet,100mg,Gilead Sciences,Moderate to severe pain management,Prescription
Zinc Oxide,Antacid/PPI,Capsule,250mg,Chattem,Blood clot prevention,Over-the-Counter
Bacitracin,Antiemetic,Liquid,1%,Johnson & Johnson,Cough suppression,Over-the-Counter
Azithromycin,Statin,Injection,500mg,Eli Lilly,Hypothyroidism treatment,Prescription
Metoprolol,Anxiolytic/Benzodiazepine,Sublingual Tablet,50mcg,Merck,Type 2 diabetes management,Prescription
Pregabalin,Antidepressant/SSRI,Tablet,50mg,Amgen,Bacterial infections treatment,Prescription
Meclizine,Topical Antibiotic,Spray,1%,Chattem,Heartburn and indigestion,Over-the-Counter
Cetirizine,Decongestant,Drops,325mg,Sanofi,Fungal skin infections,Over-the-Counter
Aluminum Hydroxide,Acne Treatment,Ointment,150mg,Pfizer,Minor wound infection prevention,Over-the-Counter
Lisinopril,Antifungal,Tablet,10mg,Pfizer,Asthma and allergic rhinitis,Prescription
Salicylic Acid,Laxative,Chewable Tablet,100mg,Novartis,Nasal congestion relief,Over-the-Counter
Azithromycin,Thyroid Hormone,Tablet,10mg,Bristol-Myers Squibb,Edema and hypertension,Prescription
Magnesium Hydroxide,Antihistamine,Spray,10mg,Prestige Brands,Minor wound infection prevention,Over-the-Counter
Lidocaine Cream,Antidiarrheal,Cream,10mg,GSK,Minor pain and itching relief,Over-the-Counter
Dextromethorphan,Cough Suppressant,Patch,150mg,Unilever,Minor wound infection prevention,Over-the-Counter
Metronidazole,ARB,Sublingual Tablet,0.25mg,Bristol-Myers Squibb,Asthma and bronchospasm,Prescription
Neosporin,Antiemetic,Tablet,50mg,Novartis,Skin inflammation and itching,Over-the-Counter
Ranitidine,Antiflatulent,Ointment,100mg,Reckitt,Minor wound infection prevention,Over-the-Counter
Metoprolol,Anxiolytic/Benzodiazepine,IV Infusion,100mcg,Sanofi,Hypertension and angina,Prescription
Amoxicillin,Thyroid Hormone,Liquid,100mcg,Roche,Hypothyroidism treatment,Prescription
Docusate Sodium,Antiplatelet,Capsule,100mg,Prestige Brands,GERD and peptic ulcer,Over-the-Counter
Trimethoprim,Antidiabetic,Nasal Spray,50mg,GlaxoSmithKline,High cholesterol management,Prescription
Azithromycin,ARB,Patch,2mg,GlaxoSmithKline,High cholesterol management,Prescription
Ciprofloxacin,Corticosteroid,Capsule,5mg,Abbott,Hypertension and angina,Prescription
Oxycodone,Bronchodilator,Topical Solution,500mg,Roche,Depression and anxiety disorders,Prescription
Magnesium Hydroxide,Topical Anesthetic,Lozenge,100mg,Pfizer,Heartburn and acid reflux,Over-the-Counter
Bismuth Subsalicylate,Skin Protectant,Spray,125mg,Novartis,Acne treatment,Over-the-Counter
Pseudoephedrine,Antihistamine,Cream,50mg,Prestige Brands,Minor pain and itching relief,Over-the-Counter
Ranitidine,Antacid,Powder,5mg,Sanofi,GERD and peptic ulcer,Over-the-Counter
Aluminum Hydroxide,Decongestant,Capsule,5%,Novartis,Minor cuts and skin protection,Over-the-Counter
Gabapentin,Antidepressant/SSRI,Extended Release Tablet,25mg,Johnson & Johnson,Inflammation and autoimmune disorders,Prescription
Metronidazole,Antibiotic,Extended Release Tablet,2mg,Pfizer,Depression and anxiety disorders,Prescription
Omeprazole,Topical Antibiotic,Liquid,325mg,Chattem,Heartburn and indigestion,Over-the-Counter
Furosemide,Thyroid Hormone,Tablet,0.25mg,Merck,Bacterial infections treatment,Prescription
Prednisone,Antiplatelet,Patch,2mg,Gilead Sciences,Bacterial infections treatment,Prescription
Hydrocodone,Corticosteroid,Extended Release Tablet,10mg,Gilead Sciences,Fungal infections treatment,Prescription
Guaifenesin,Antiemetic,Lozenge,125mg,Prestige Brands,Insomnia and sleep aid,Over-the-Counter
Montelukast,ACE Inhibitor,Nasal Spray,25mg,Boehringer Ingelheim,Hypertension and angina,Prescription
Loperamide,Antacid/PPI,Ointment,150mg,Sanofi,Minor wound infection prevention,Over-the-Counter
Pseudoephedrine,Analgesic,Ointment,1%,Bayer,Chest congestion and mucus relief,Over-the-Counter
Bacitracin,Topical Antibiotic,Powder,20mg,Novartis,Minor wound infection prevention,Over-the-Counter
Acetaminophen,Antifungal,Capsule,10mg,GSK,Nasal congestion relief,Over-the-Counter
Aluminum Hydroxide,Antacid/PPI,Drops,20mg,Novartis,Blood clot prevention,Over-the-Counter
Amoxicillin,ACE Inhibitor,Liquid,100mg,Gilead Sciences,Asthma and allergic rhinitis,Prescription
Atorvastatin,Antibiotic,Inhaler,1000mg,Pfizer,Hypothyroidism treatment,Prescription
Lidocaine Cream,Antifungal,Drops,20mg,Pfizer,Minor wound infection prevention,Over-the-Counter
Bismuth Subsalicylate,Antifungal,Powder,125mg,Novartis,Chest congestion and mucus relief,Over-the-Counter
Pseudoephedrine,Cough Suppressant,Capsule,125mg,Reckitt,Heartburn and indigestion,Over-the-Counter
Aspirin,Skin Protectant,Chewable Tablet,20mg,Johnson & Johnson,Motion sickness and nausea,Over-the-Counter
Oxycodone,Anticonvulsant,Nasal Spray,0.25mg,Bristol-Myers Squibb,Hypertension and heart failure,Prescription
Atorvastatin,Anxiolytic/Benzodiazepine,Tablet,150mg,GlaxoSmithKline,Type 2 diabetes management,Prescription
Losartan,Anxiolytic/Benzodiazepine,Tablet,25mg,Novartis,Heart attack and stroke prevention,Prescription
Naproxen,Antacid/PPI,Capsule,2%,Reckitt,GERD and peptic ulcer,Over-the-Counter
Azithromycin,Corticosteroid,Injection,500mg,Boehringer Ingelheim,Blood clot prevention,Prescription
Prednisone,Antifungal,Liquid,75mg,Boehringer Ingelheim,High cholesterol management,Prescription
Simethicone,Expectorant,Liquid,325mg,Pfizer,Allergic rhinitis and hives,Over-the-Counter
Ranitidine,Antidiarrheal,Tablet,150mg,Reckitt,Minor wound infection prevention,Over-the-Counter
Oxycodone,Antiplatelet,Suppository,1000mg,Johnson & Johnson,Depression and anxiety disorders,Prescription
Levothyroxine,Statin,Suppository,250mg,GlaxoSmithKline,Epilepsy and neuropathic pain,Prescription
Metronidazole,Leukotriene Inhibitor,Inhaler,50mg,Novartis,GERD and peptic ulcer disease,Prescription
Clindamycin,Corticosteroid,Capsule,25mg,Gilead Sciences,Blood clot prevention,Prescription
Ciprofloxacin,Anticonvulsant,Inhaler,20mg,Johnson & Johnson,Hypertension and heart failure,Prescription
Docusate Sodium,Antacid/PPI,Liquid,1%,Novartis,Minor pain and itching relief,Over-the-Counter
Lidocaine Cream,Decongestant,Gel,400mg,P&G,Heartburn and acid reflux,Over-the-Counter
Doxycycline,Diuretic,Extended Release Tablet,50mg,Johnson & Johnson,Heart attack and stroke prevention,Prescription
Amlodipine,Antifungal,Liquid,0.5mg,AstraZeneca,Inflammation and autoimmune disorders,Prescription
Ibuprofen,Acne Treatment,Spray,2%,Johnson & Johnson,Minor pain and itching relief,Over-the-Counter
Clotrimazole,Topical Anesthetic,Cream,20mg,GSK,Heartburn and acid reflux,Over-the-Counter
Aluminum Hydroxide,Antacid/PPI,Lozenge,5%,GSK,Skin inflammation and itching,Over-the-Counter
Loratadine,Antifungal,Spray,325mg,Chattem,Diarrhea treatment,Over-the-Counter
Oxycodone,Opioid Analgesic,Topical Solution,100mcg,Merck,Epilepsy and neuropathic pain,Prescription
Metoprolol,Leukotriene Inhibitor,Sublingual Tablet,50mg,Abbott,Hypertension management,Prescription
Pregabalin,Antidepressant/SSRI,Patch,5mg,Eli Lilly,Bacterial infections treatment,Prescription
Aluminum Hydroxide,Topical Antibiotic,Cream,50mg,Prestige Brands,Minor cuts and skin protection,Over-the-Counter
Fluoxetine,Statin,Inhaler,200mg,Amgen,High cholesterol management,Prescription
Hydrocodone,ARB,Patch,10mg,GlaxoSmithKline,Asthma and bronchospasm,Prescription
Acetaminophen,Decongestant,Cream,250mg,GSK,GERD and peptic ulcer,Over-the-Counter
Trimethoprim,ACE Inhibitor,Suppository,500mg,Boehringer Ingelheim,Hypertension and heart failure,Prescription
Amoxicillin,Antidiabetic,Liquid,1000mg,Abbott,Edema and hypertension,Prescription
Hydrocodone,ACE Inhibitor,Capsule,100mg,Eli Lilly,High cholesterol management,Prescription
Lidocaine Cream,Antacid/H2 Blocker,Gel,200mg,Unilever,Nasal congestion relief,Over-the-Counter
Famotidine,Antiplatelet,Gel,50mg,Sanofi,Cough suppression,Over-the-Counter
Simethicone,Antacid,Chewable Tablet,100mg,3M Healthcare,Nasal congestion relief,Over-the-Counter
Aluminum Hydroxide,Antacid,Gel,250mg,3M Healthcare,Minor cuts and skin protection,Over-the-Counter
Loratadine,Antihistamine,Powder,10mg,GSK,Acne treatment,Over-the-Counter
Ciprofloxacin,Antidepressant/SSRI,Capsule,10mg,AstraZeneca,Type 2 diabetes management,Prescription
Ibuprofen,Topical Anesthetic,Cream,125mg,Chattem,Skin inflammation and itching,Over-the-Counter
Ibuprofen,Cough Suppressant,Cream,2%,Prestige Brands,Constipation relief,Over-the-Counter
Famotidine,Decongestant,Ointment,500mg,Pfizer,Cough suppression,Over-the-Counter
Trimethoprim,Anticonvulsant,Nasal Spray,100mg,Bristol-Myers Squibb,Fungal infections treatment,Prescription
Simethicone,Antiflatulent,Cream,250mg,Johnson & Johnson,Heartburn and acid reflux,Over-the-Counter
Metronidazole,PPI,Capsule,150mg,Gilead Sciences,Moderate to severe pain management,Prescription
Zinc Oxide,Cough Suppressant,Capsule,325mg,P&G,Constipation relief,Over-the-Counter
Metronidazole,Thyroid Hormone,Injection,0.25mg,Pfizer,Hypertension and angina,Prescription
Alprazolam,Bronchodilator,Patch,2mg,Eli Lilly,Anxiety and panic disorders,Prescription
Ibuprofen,Antiemetic,Cream,20mg,Pfizer,Pain relief and fever reduction,Over-the-Counter
Naproxen,Decongestant,Capsule,50mg,Unilever,Heartburn and indigestion,Over-the-Counter
Losartan,Calcium Channel Blocker,Topical Solution,100mcg,Roche,Hypertension and angina,Prescription
Montelukast,Anticoagulant,Nasal Spray,50mg,GlaxoSmithKline,Hypertension and heart failure,Prescription
Salicylic Acid,Topical Anesthetic,Patch,500mg,3M Healthcare,Motion sickness and nausea,Over-the-Counter
Metoprolol,Anticoagulant,Topical Solution,20mg,Roche,Hypothyroidism treatment,Prescription
Warfarin,Anticoagulant,IV Infusion,250mg,Gilead Sciences,Bacterial infections treatment,Prescription
Trimethoprim,Opioid Analgesic,Patch,100mg,Abbott,Asthma and bronchospasm,Prescription
Warfarin,Anxiolytic/Benzodiazepine,Sublingual Tablet,1mg,Roche,Type 2 diabetes management,Prescription
Meclizine,Sleep Aid,Gel,325mg,Sanofi,Motion sickness and nausea,Over-the-Counter
Levothyroxine,Calcium Channel Blocker,Suppository,0.25mg,Pfizer,Hypertension management,Prescription
Montelukast,Antibiotic,Nasal Spray,20mg,Johnson & Johnson,Hypertension and angina,Prescription
Loperamide,Topical Anesthetic,Cream,150mg,Chattem,Motion sickness and nausea,Over-the-Counter
Ranitidine,Topical Antibiotic,Ointment,150mg,Reckitt,GERD and peptic ulcer,Over-the-Counter
Escitalopram,Anticoagulant,Topical Solution,100mg,AstraZeneca,Fungal infections treatment,Prescription
Aspirin,Skin Protectant,Patch,500mg,P&G,Fungal skin infections,Over-the-Counter
Ibuprofen,Laxative,Spray,50mg,3M Healthcare,Allergic rhinitis and hives,Over-the-Counter
Trimethoprim,Leukotriene Inhibitor,Liquid,100mg,AstraZeneca,Hypertension and angina,Prescription
Furosemide,Corticosteroid,Nasal Spray,250mg,Amgen,Bacterial infections treatment,Prescription
Atorvastatin,Calcium Channel Blocker,Capsule,500mg,Pfizer,Blood clot prevention,Prescription
Fluoxetine,Anxiolytic/Benzodiazepine,Liquid,100mg,Merck,Bacterial infections treatment,Prescription
Prednisone,Anticonvulsant,Patch,250mg,Merck,Depression and anxiety disorders,Prescription
Aspirin,Antifungal,Chewable Tablet,250mg,3M Healthcare,Chest congestion and mucus relief,Over-the-Counter
Trimethoprim,Antifungal,Sublingual Tablet,150mg,Pfizer,Bacterial infections treatment,Prescription
Fluoxetine,Anticonvulsant,Patch,50mcg,GlaxoSmithKline,Anxiety and panic disorders,Prescription
Guaifenesin,Antiemetic,Liquid,2%,Pfizer,Fungal skin infections,Over-the-Counter
Albuterol,PPI,Extended Release Tablet,5mg,Pfizer,Epilepsy and neuropathic pain,Prescription
Escitalopram,PPI,Injection,75mg,Gilead Sciences,Hypothyroidism treatment,Prescription
Calcium Carbonate,Antacid/H2 Blocker,Ointment,500mg,3M Healthcare,Motion sickness and nausea,Over-the-Counter
Naproxen,Antiflatulent,Gel,125mg,Unilever,Minor wound infection prevention,Over-the-Counter
Prednisone,Leukotriene Inhibitor,Liquid,1000mg,Novartis,Hypertension management,Prescription
Acetaminophen,Topical Anesthetic,Drops,200mg,Prestige Brands,Nasal congestion relief,Over-the-Counter
Aspirin,Antacid,Spray,500mg,GSK,Cough suppression,Over-the-Counter
Pseudoephedrine,Antifungal,Tablet,150mg,P&G,Gas and bloating relief,Over-the-Counter
Montelukast,Leukotriene Inhibitor,Capsule,50mg,Roche,Hypertension and heart failure,Prescription
Escitalopram,ARB,Extended Release Tablet,1000mg,AstraZeneca,Anxiety and panic disorders,Prescription
Cetirizine,Sleep Aid,Tablet,150mg,P&G,Acne treatment,Over-the-Counter
Hydrocodone,Antiplatelet,Injection,75mg,GlaxoSmithKline,Asthma and bronchospasm,Prescription
Prednisone,Calcium Channel Blocker,Injection,50mcg,GlaxoSmithKline,Asthma and allergic rhinitis,Prescription
Ciprofloxacin,Thyroid Hormone,Capsule,25mg,AstraZeneca,Fungal infections treatment,Prescription
Azithromycin,Anticonvulsant,Tablet,0.25mg,Abbott,Bacterial infections treatment,Prescription
Trimethoprim,Anticonvulsant,Patch,10mg,Merck,Hypertension and heart failure,Prescription
Levothyroxine,Anticoagulant,Extended Release Tablet,250mg,Merck,Hypertension and heart failure,Prescription
Oxycodone,Antifungal,Patch,200mg,Gilead Sciences,Fungal infections treatment,Prescription
Neosporin,Antiflatulent,Capsule,100mg,Reckitt,Gas and bloating relief,Over-the-Counter
Albuterol,Antibiotic,Extended Release Tablet,250mg,AstraZeneca,High cholesterol management,Prescription
Zinc Oxide,Antidiarrheal,Lozenge,5mg,3M Healthcare,Insomnia and sleep aid,Over-the-Counter
Aluminum Hydroxide,Antiflatulent,Patch,500mg,Reckitt,Insomnia and sleep aid,Over-the-Counter
Bacitracin,Sleep Aid,Powder,10mg,Prestige Brands,Acne treatment,Over-the-Counter
Sertraline,Antiplatelet,Extended Release Tablet,0.5mg,Boehringer Ingelheim,Blood clot prevention,Prescription
Metoprolol,Beta Blocker,Suppository,1mg,Johnson & Johnson,High cholesterol management,Prescription
Ibuprofen,Topical Anesthetic,Ointment,250mg,Bayer,Allergic rhinitis and hives,Over-the-Counter
Bacitracin,Decongestant,Powder,400mg,Prestige Brands,Diarrhea treatment,Over-the-Counter
Diphenhydramine,Cough Suppressant,Powder,325mg,Novartis,Chest congestion and mucus relief,Over-the-Counter
Trimethoprim,Antidepressant/SSRI,Liquid,250mg,Pfizer,Hypertension and heart failure,Prescription
Warfarin,Statin,IV Infusion,10mg,GlaxoSmithKline,Type 2 diabetes management,Prescription
Pantoprazole,Bronchodilator,Extended Release Tablet,0.25mg,GlaxoSmithKline,Asthma and allergic rhinitis,Prescription
Lidocaine Cream,Skin Protectant,Ointment,400mg,Johnson & Johnson,Minor cuts and skin protection,Over-the-Counter
Amlodipine,Statin,Injection,200mcg,Gilead Sciences,Heart attack and stroke prevention,Prescription
Montelukast,Corticosteroid,Nasal Spray,0.5mg,Amgen,Asthma and bronchospasm,Prescription
Ranitidine,Topical Corticosteroid,Cream,400mg,P&G,Motion sickness and nausea,Over-the-Counter
Bacitracin,Antifungal,Tablet,2%,Bayer,Fungal skin infections,Over-the-Counter
Salicylic Acid,Sleep Aid,Chewable Tablet,10mg,Prestige Brands,Cough suppression,Over-the-Counter
Hydrocortisone Cream,Analgesic,Powder,150mg,Chattem,Allergic rhinitis and hives,Over-the-Counter
Metoprolol,Anticoagulant,Nasal Spray,75mg,Johnson & Johnson,Hypertension management,Prescription
Montelukast,Anxiolytic/Benzodiazepine,Extended Release Tablet,500mg,Abbott,Hypertension and heart failure,Prescription
Neosporin,Acne Treatment,Spray,250mg,3M Healthcare,Heartburn and indigestion,Over-the-Counter
Aluminum Hydroxide,Cough Suppressant,Capsule,200mg,Novartis,Blood clot prevention,Over-the-Counter
Diphenhydramine,Antiplatelet,Ointment,100mg,Johnson & Johnson,Minor pain and itching relief,Over-the-Counter
Clotrimazole,Decongestant,Cream,5mg,P&G,Allergic rhinitis and hives,Over-the-Counter
Oxycodone,Antifungal,Sublingual Tablet,5mg,Roche,Asthma and allergic rhinitis,Prescription
Clopidogrel,Leukotriene Inhibitor,IV Infusion,50mg,Roche,Hypertension and heart failure,Prescription
Furosemide,Anticoagulant,Extended Release Tablet,1000mg,Pfizer,Epilepsy and neuropathic pain,Prescription
Azithromycin,Diuretic,Inhaler,200mcg,Novartis,Hypertension and heart failure,Prescription
Bacitracin,Analgesic,Cream,100mg,Chattem,Motion sickness and nausea,Over-the-Counter
Docusate Sodium,Antacid/PPI,Capsule,325mg,3M Healthcare,Fungal skin infections,Over-the-Counter
Clotrimazole,Antiemetic,Ointment,5mg,Sanofi,Minor wound infection prevention,Over-the-Counter
Lidocaine Cream,Skin Protectant,Capsule,25mg,Sanofi,Minor cuts and skin protection,Over-the-Counter
Clopidogrel,Antidiabetic,Liquid,10mg,Gilead Sciences,Heart attack and stroke prevention,Prescription
Meclizine,Decongestant,Tablet,150mg,3M Healthcare,Blood clot prevention,Over-the-Counter
Ranitidine,Antacid,Gel,1%,Pfizer,Cough suppression,Over-the-Counter
Dexamethasone,ACE Inhibitor,Liquid,5mg,Pfizer,Inflammation and autoimmune disorders,Prescription
Pseudoephedrine,Sleep Aid,Ointment,125mg,Prestige Brands,Allergic rhinitis and hives,Over-the-Counter
Ranitidine,Antacid/H2 Blocker,Patch,10mg,3M Healthcare,Constipation relief,Over-the-Counter
Loratadine,Decongestant,Capsule,2%,Reckitt,Heartburn and indigestion,Over-the-Counter
Levothyroxine,PPI,Inhaler,25mg,Pfizer,Anxiety and panic disorders,Prescription
Docusate Sodium,Antidiarrheal,Liquid,20mg,Bayer,Skin inflammation and itching,Over-the-Counter
Acetaminophen,Analgesic,Patch,50mg,Novartis,Pain relief and fever reduction,Over-the-Counter
Alprazolam,Antidiabetic,Injection,200mg,Abbott,Hypertension and heart failure,Prescription
Ibuprofen,Antihistamine,Cream,20mg,Prestige Brands,Chest congestion and mucus relief,Over-the-Counter
Omeprazole,Antacid,Chewable Tablet,250mg,Novartis,Minor cuts and skin protection,Over-the-Counter
Neosporin,Cough Suppressant,Lozenge,200mg,Unilever,Insomnia and sleep aid,Over-the-Counter
Clindamycin,ARB,Capsule,2mg,Novartis,Asthma and bronchospasm,Prescription
Naproxen,Analgesic,Chewable Tablet,325mg,Unilever,Motion sickness and nausea,Over-the-Counter
Calcium Carbonate,Topical Anesthetic,Liquid,500mg,3M Healthcare,Nasal congestion relief,Over-the-Counter
Sertraline,Opioid Analgesic,Patch,2mg,Eli Lilly,Moderate to severe pain management,Prescription
Bismuth Subsalicylate,Antacid/H2 Blocker,Capsule,125mg,Johnson & Johnson,Cough suppression,Over-the-Counter
Lisinopril,PPI,IV Infusion,10mg,GlaxoSmithKline,Depression and anxiety disorders,Prescription
Trimethoprim,Thyroid Hormone,Patch,20mg,Boehringer Ingelheim,Type 2 diabetes management,Prescription
Loratadine,Antihistamine,Tablet,20mg,Chattem,Pain relief and fever reduction,Over-the-Counter
Sertraline,Beta Blocker,Patch,400mcg,Roche,Bacterial infections treatment,Prescription
Metronidazole,Anticoagulant,Patch,50mcg,Eli Lilly,Asthma and bronchospasm,Prescription
Dextromethorphan,Skin Protectant,Powder,25mg,Prestige Brands,Pain relief and fever reduction,Over-the-Counter
Neosporin,Decongestant,Drops,125mg,GSK,Blood clot prevention,Over-the-Counter
Losartan,Anticoagulant,Suppository,250mg,Pfizer,Heart attack and stroke prevention,Prescription
Losartan,Opioid Analgesic,IV Infusion,200mg,Amgen,High cholesterol management,Prescription
Simethicone,Laxative,Powder,250mg,Johnson & Johnson,Nasal congestion relief,Over-the-Counter
Bismuth Subsalicylate,Antacid/H2 Blocker,Tablet,5%,Prestige Brands,Allergic rhinitis and hives,Over-the-Counter
Sertraline,Leukotriene Inhibitor,Topical Solution,5mg,Novartis,Heart attack and stroke prevention,Prescription
Lisinopril,Beta Blocker,Suppository,200mg,Eli Lilly,Anxiety and panic disorders,Prescription
Cetirizine,Antacid,Powder,50mg,Bayer,Gas and bloating relief,Over-the-Counter
Lidocaine Cream,Acne Treatment,Patch,2%,Novartis,Acne treatment,Over-the-Counter
Ibuprofen,Antiemetic,Powder,325mg,Johnson & Johnson,Skin inflammation and itching,Over-the-Counter
Zinc Oxide,Antifungal,Cream,125mg,Prestige Brands,Gas and bloating relief,Over-the-Counter
Sertraline,Anxiolytic/Benzodiazepine,Nasal Spray,200mg,Johnson & Johnson,Hypertension management,Prescription
Docusate Sodium,Topical Anesthetic,Spray,200mg,Sanofi,Minor pain and itching relief,Over-the-Counter
Bacitracin,Acne Treatment,Drops,200mg,Sanofi,Blood clot prevention,Over-the-Counter
Prednisone,Calcium Channel Blocker,Liquid,0.25mg,GlaxoSmithKline,Hypertension management,Prescription
Losartan,Opioid Analgesic,Liquid,400mcg,Gilead Sciences,Heart attack and stroke prevention,Prescription
Clotrimazole,Antiemetic,Tablet,5%,P&G,Acne treatment,Over-the-Counter
Pantoprazole,PPI,Topical Solution,100mcg,Abbott,Epilepsy and neuropathic pain,Prescription
Metronidazole,Statin,Tablet,10mg,Sanofi,Fungal infections treatment,Prescription
Cetirizine,Antacid/PPI,Liquid,200mg,Unilever,GERD and peptic ulcer,Over-the-Counter
Dextromethorphan,Antiemetic,Patch,50mg,Johnson & Johnson,Allergic rhinitis and hives,Over-the-Counter
Montelukast,Anticoagulant,Injection,75mg,Roche,Hypertension and heart failure,Prescription
Ranitidine,Antihistamine,Powder,500mg,Unilever,Blood clot prevention,Over-the-Counter
Bacitracin,Decongestant,Drops,5%,GSK,Fungal skin infections,Over-the-Counter
Clopidogrel,Anxiolytic/Benzodiazepine,Patch,100mg,AstraZeneca,Hypertension management,Prescription
Zinc Oxide,Antiemetic,Chewable Tablet,5%,P&G,Pain relief and fever reduction,Over-the-Counter
Atorvastatin,ARB,Liquid,20mg,Roche,Hypertension and heart failure,Prescription
Ibuprofen,Antiemetic,Tablet,125mg,3M Healthcare,Fungal skin infections,Over-the-Counter
Guaifenesin,Antiemetic,Spray,1%,P&G,Chest congestion and mucus relief,Over-the-Counter
Oxycodone,Thyroid Hormone,Tablet,2mg,Boehringer Ingelheim,Hypothyroidism treatment,Prescription
Pregabalin,Diuretic,Extended Release Tablet,50mg,Gilead Sciences,Hypertension and heart failure,Prescription
Furosemide,Corticosteroid,Patch,25mg,Merck,Anxiety and panic disorders,Prescription
Warfarin,Calcium Channel Blocker,IV Infusion,200mcg,Johnson & Johnson,Inflammation and autoimmune disorders,Prescription
Hydrocodone,ACE Inhibitor,Sublingual Tablet,50mg,Johnson & Johnson,Fungal infections treatment,Prescription
Amlodipine,Anticoagulant,Extended Release Tablet,5mg,Roche,Heart attack and stroke prevention,Prescription
Gabapentin,Diuretic,Suppository,2mg,Novartis,Edema and hypertension,Prescription
Aluminum Hydroxide,Cough Suppressant,Powder,250mg,Novartis,Diarrhea treatment,Over-the-Counter
Meclizine,Sleep Aid,Chewable Tablet,200mg,P&G,Chest congestion and mucus relief,Over-the-Counter
Simethicone,Sleep Aid,Ointment,325mg,Prestige Brands,Skin inflammation and itching,Over-the-Counter
Bacitracin,Antiplatelet,Tablet,50mg,Sanofi,Pain relief and fever reduction,Over-the-Counter
Ibuprofen,Acne Treatment,Powder,325mg,Sanofi,Motion sickness and nausea,Over-the-Counter
Ranitidine,Antihistamine,Cream,200mg,GSK,Acne treatment,Over-the-Counter
Prednisone,Leukotriene Inhibitor,Nasal Spray,1000mg,Amgen,Asthma and bronchospasm,Prescription
Hydrocodone,Antidiabetic,Tablet,200mg,Amgen,High cholesterol management,Prescription
Magnesium Hydroxide,Antihistamine,Lozenge,250mg,Pfizer,Minor wound infection prevention,Over-the-Counter
Warfarin,PPI,Capsule,10mg,Johnson & Johnson,High cholesterol management,Prescription
Levothyroxine,Calcium Channel Blocker,Tablet,100mcg,AstraZeneca,Depression and anxiety disorders,Prescription
Miconazole,Analgesic,Tablet,50mg,Prestige Brands,Chest congestion and mucus relief,Over-the-Counter
Lisinopril,PPI,Nasal Spray,250mg,Novartis,Epilepsy and neuropathic pain,Prescription
Benzoyl Peroxide,Sleep Aid,Cream,400mg,P&G,Allergic rhinitis and hives,Over-the-Counter
Prednisone,Thyroid Hormone,Patch,10mg,GlaxoSmithKline,Fungal infections treatment,Prescription
Miconazole,Cough Suppressant,Ointment,5mg,GSK,Blood clot prevention,Over-the-Counter
Lidocaine Cream,Sleep Aid,Liquid,1%,Bayer,Fungal skin infections,Over-the-Counter
Ciprofloxacin,Bronchodilator,Patch,75mg,Sanofi,Anxiety and panic disorders,Prescription
Furosemide,Calcium Channel Blocker,Topical Solution,1000mg,Johnson & Johnson,Asthma and allergic rhinitis,Prescription
Benzoyl Peroxide,Antihistamine,Chewable Tablet,10mg,Johnson & Johnson,Minor wound infection prevention,Over-the-Counter
Furosemide,Antibiotic,Capsule,0.25mg,Abbott,Hypertension and heart failure,Prescription
Simethicone,Topical Antibiotic,Ointment,1%,Pfizer,Insomnia and sleep aid,Over-the-Counter
Ciprofloxacin,Antidepressant/SSRI,Liquid,200mg,Eli Lilly,Hypertension management,Prescription
Clotrimazole,Topical Corticosteroid,Capsule,20mg,Johnson & Johnson,Nasal congestion relief,Over-the-Counter
Losartan,ACE Inhibitor,Topical Solution,100mg,Eli Lilly,High cholesterol management,Prescription
Alprazolam,Anxiolytic/Benzodiazepine,Tablet,200mcg,Gilead Sciences,Hypertension management,Prescription
Escitalopram,Corticosteroid,Injection,25mg,Sanofi,Anxiety and panic disorders,Prescription
Azithromycin,Antidepressant/SSRI,IV Infusion,20mg,Boehringer Ingelheim,Hypertension and angina,Prescription
Guaifenesin,Antidiarrheal,Lozenge,20mg,Prestige Brands,Minor wound infection prevention,Over-the-Counter
Metformin,Corticosteroid,Injection,50mg,GlaxoSmithKline,Hypothyroidism treatment,Prescription
Amoxicillin,Bronchodilator,Tablet,2mg,Amgen,Asthma and bronchospasm,Prescription
Alprazolam,Antifungal,Capsule,150mg,Amgen,GERD and peptic ulcer disease,Prescription
Pseudoephedrine,Skin Protectant,Cream,2%,3M Healthcare,Minor wound infection prevention,Over-the-Counter
Doxycycline,Antibiotic,Liquid,0.5mg,Amgen,Edema and hypertension,Prescription
Metformin,Beta Blocker,Inhaler,75mg,GlaxoSmithKline,Edema and hypertension,Prescription
Meclizine,Antacid/PPI,Gel,1%,P&G,Skin inflammation and itching,Over-the-Counter
Losartan,Thyroid Hormone,IV Infusion,1mg,Amgen,Anxiety and panic disorders,Prescription
Docusate Sodium,Acne Treatment,Powder,200mg,Pfizer,Minor cuts and skin protection,Over-the-Counter
Azithromycin,Antifungal,IV Infusion,500mg,Gilead Sciences,Type 2 diabetes management,Prescription
Montelukast,Antidiabetic,Inhaler,200mg,Gilead Sciences,Blood clot prevention,Prescription
Acetaminophen,Topical Anesthetic,Lozenge,400mg,Pfizer,Gas and bloating relief,Over-the-Counter
Pantoprazole,PPI,Injection,1mg,Pfizer,High cholesterol management,Prescription
Metronidazole,Antidiabetic,Nasal Spray,200mcg,Sanofi,Moderate to severe pain management,Prescription
Alprazolam,Anxiolytic/Benzodiazepine,Patch,150mg,Johnson & Johnson,GERD and peptic ulcer disease,Prescription
Furosemide,ACE Inhibitor,Topical Solution,50mg,GlaxoSmithKline,Hypertension and heart failure,Prescription
Lisinopril,Anticonvulsant,Patch,1mg,Gilead Sciences,Inflammation and autoimmune disorders,Prescription
Fluoxetine,Anticoagulant,Capsule,50mg,Eli Lilly,Blood clot prevention,Prescription
Meclizine,Analgesic,Spray,1%,Novartis,Pain relief and fever reduction,Over-the-Counter
Prednisone,Antibiotic,Liquid,200mg,Novartis,Blood clot prevention,Prescription
Benzoyl Peroxide,Skin Protectant,Drops,25mg,Novartis,Acne treatment,Over-the-Counter
Furosemide,Beta Blocker,Extended Release Tablet,100mg,Amgen,Hypertension and angina,Prescription
Salicylic Acid,Skin Protectant,Tablet,1%,Chattem,Heartburn and acid reflux,Over-the-Counter
Loratadine,Topical Antibiotic,Ointment,50mg,Bayer,Heartburn and indigestion,Over-the-Counter
Loperamide,Laxative,Lozenge,400mg,Reckitt,Heartburn and indigestion,Over-the-Counter
Trimethoprim,Antifungal,Suppository,50mcg,Sanofi,Inflammation and autoimmune disorders,Prescription
Clopidogrel,ARB,Nasal Spray,150mg,Bristol-Myers Squibb,Depression and anxiety disorders,Prescription
Magnesium Hydroxide,Cough Suppressant,Powder,25mg,3M Healthcare,Allergic rhinitis and hives,Over-the-Counter
Pregabalin,Anticoagulant,IV Infusion,1000mg,Merck,Epilepsy and neuropathic pain,Prescription
Diphenhydramine,Antacid/H2 Blocker,Ointment,150mg,3M Healthcare,Heartburn and acid reflux,Over-the-Counter
Salicylic Acid,Topical Corticosteroid,Tablet,5%,Chattem,Diarrhea treatment,Over-the-Counter
Loperamide,Antiplatelet,Drops,10mg,Unilever,Pain relief and fever reduction,Over-the-Counter
Bacitracin,Antiemetic,Spray,1%,Chattem,Diarrhea treatment,Over-the-Counter
Omeprazole,Antidiarrheal,Patch,100mg,Reckitt,Skin inflammation and itching,Over-the-Counter
Montelukast,Thyroid Hormone,Nasal Spray,400mcg,Sanofi,Anxiety and panic disorders,Prescription
Furosemide,Beta Blocker,Sublingual Tablet,0.25mg,Boehringer Ingelheim,Moderate to severe pain management,Prescription
Lidocaine Cream,Antiemetic,Patch,10mg,Bayer,Nasal congestion relief,Over-the-Counter
Pseudoephedrine,Expectorant,Patch,2%,Unilever,Insomnia and sleep aid,Over-the-Counter
Famotidine,Topical Antibiotic,Lozenge,500mg,P&G,Gas and bloating relief,Over-the-Counter
Acetaminophen,Antiemetic,Liquid,200mg,3M Healthcare,Gas and bloating relief,Over-the-Counter
Guaifenesin,Topical Antibiotic,Ointment,500mg,Pfizer,Pain relief and fever reduction,Over-the-Counter
Furosemide,Antidepressant/SSRI,Extended Release Tablet,100mg,GlaxoSmithKline,Hypertension management,Prescription
Omeprazole,Topical Antibiotic,Gel,325mg,Reckitt,GERD and peptic ulcer,Over-the-Counter
Diphenhydramine,Antiflatulent,Capsule,400mg,Prestige Brands,Gas and bloating relief,Over-the-Counter
Albuterol,Thyroid Hormone,Liquid,0.25mg,Novartis,GERD and peptic ulcer disease,Prescription
Dexamethasone,Bronchodilator,Nasal Spray,25mg,Merck,Edema and hypertension,Prescription
Cetirizine,Expectorant,Capsule,125mg,Unilever,Pain relief and fever reduction,Over-the-Counter
Furosemide,Leukotriene Inhibitor,Topical Solution,10mg,Merck,Fungal infections treatment,Prescription
Metformin,Antibiotic,Topical Solution,100mcg,Roche,Epilepsy and neuropathic pain,Prescription
Ibuprofen,Topical Antibiotic,Capsule,100mg,Bayer,Pain relief and fever reduction,Over-the-Counter
Azithromycin,ARB,Inhaler,500mg,Merck,Asthma and allergic rhinitis,Prescription
Aspirin,Laxative,Gel,50mg,Bayer,Fungal skin infections,Over-the-Counter
Montelukast,Anticoagulant,Sublingual Tablet,20mg,Sanofi,Edema and hypertension,Prescription
Bacitracin,Antacid/PPI,Tablet,10mg,Unilever,Minor wound infection prevention,Over-the-Counter
Warfarin,ACE Inhibitor,Liquid,50mg,Novartis,Hypertension and heart failure,Prescription
Cetirizine,Antacid/H2 Blocker,Lozenge,325mg,Sanofi,Cough suppression,Over-the-Counter
Ranitidine,Laxative,Liquid,150mg,Novartis,Insomnia and sleep aid,Over-the-Counter
Dextromethorphan,Expectorant,Tablet,10mg,Sanofi,Minor cuts and skin protection,Over-the-Counter
Pantoprazole,Beta Blocker,Suppository,100mg,GlaxoSmithKline,Depression and anxiety disorders,Prescription
Miconazole,Topical Corticosteroid,Gel,325mg,Johnson & Johnson,Chest congestion and mucus relief,Over-the-Counter
Clopidogrel,Bronchodilator,IV Infusion,100mcg,GlaxoSmithKline,Edema and hypertension,Prescription
Aspirin,Sleep Aid,Cream,150mg,3M Healthcare,Diarrhea treatment,Over-the-Counter
Trimethoprim,Anticoagulant,Tablet,20mg,Roche,High cholesterol management,Prescription
Aluminum Hydroxide,Cough Suppressant,Ointment,25mg,Unilever,Constipation relief,Over-the-Counter
Zinc Oxide,Acne Treatment,Lozenge,20mg,3M Healthcare,Pain relief and fever reduction,Over-the-Counter
Metronidazole,Leukotriene Inhibitor,Tablet,5mg,Boehringer Ingelheim,Inflammation and autoimmune disorders,Prescription
Diphenhydramine,Laxative,Spray,125mg,Johnson & Johnson,Pain relief and fever reduction,Over-the-Counter
Pantoprazole,Antifungal,Nasal Spray,100mg,Amgen,Moderate to severe pain management,Prescription
Pseudoephedrine,Topical Corticosteroid,Lozenge,200mg,Unilever,GERD and peptic ulcer,Over-the-Counter
Loratadine,Expectorant,Capsule,250mg,Johnson & Johnson,Pain relief and fever reduction,Over-the-Counter
Montelukast,Antibiotic,Tablet,0.25mg,GlaxoSmithKline,Depression and anxiety disorders,Prescription
Hydrocortisone Cream,Analgesic,Lozenge,250mg,Prestige Brands,Pain relief and fever reduction,Over-the-Counter
Diphenhydramine,Topical Anesthetic,Drops,125mg,Sanofi,Motion sickness and nausea,Over-the-Counter
Atorvastatin,Thyroid Hormone,Extended Release Tablet,250mg,Pfizer,Blood clot prevention,Prescription
Metronidazole,PPI,Extended Release Tablet,5mg,Gilead Sciences,Blood clot prevention,Prescription
Guaifenesin,Expectorant,Cream,200mg,Johnson & Johnson,Allergic rhinitis and hives,Over-the-Counter
Escitalopram,Diuretic,Topical Solution,250mg,Bristol-Myers Squibb,Hypertension and angina,Prescription
Metoprolol,Antibiotic,Inhaler,200mcg,Novartis,Epilepsy and neuropathic pain,Prescription
Amlodipine,Antidepressant/SSRI,Topical Solution,10mg,GlaxoSmithKline,Bacterial infections treatment,Prescription
Metoprolol,Antidepressant/SSRI,Inhaler,0.5mg,Amgen,High cholesterol management,Prescription
Ciprofloxacin,Bronchodilator,Injection,1000mg,Pfizer,Epilepsy and neuropathic pain,Prescription
Furosemide,Beta Blocker,Sublingual Tablet,200mg,Bristol-Myers Squibb,Type 2 diabetes management,Prescription
Furosemide,Antidiabetic,Extended Release Tablet,200mcg,Pfizer,Fungal infections treatment,Prescription
Dextromethorphan,Antifungal,Powder,100mg,Bayer,Constipation relief,Over-the-Counter
Metformin,Bronchodilator,Extended Release Tablet,50mcg,Bristol-Myers Squibb,GERD and peptic ulcer disease,Prescription
Montelukast,Antiplatelet,Nasal Spray,100mg,Pfizer,Hypertension and heart failure,Prescription
Escitalopram,Statin,Sublingual Tablet,75mg,Abbott,Hypertension and heart failure,Prescription
Montelukast,Antidiabetic,Tablet,10mg,Eli Lilly,Hypothyroidism treatment,Prescription
Salicylic Acid,Skin Protectant,Liquid,150mg,Sanofi,GERD and peptic ulcer,Over-the-Counter
Benzoyl Peroxide,Antifungal,Liquid,150mg,Sanofi,Fungal skin infections,Over-the-Counter
Bacitracin,Analgesic,Powder,400mg,Bayer,Insomnia and sleep aid,Over-the-Counter
Trimethoprim,Antibiotic,Injection,400mcg,Bristol-Myers Squibb,Heart attack and stroke prevention,Prescription
Alprazolam,Antifungal,Liquid,100mg,Gilead Sciences,Hypertension and heart failure,Prescription
Guaifenesin,Topical Anesthetic,Chewable Tablet,5mg,Novartis,Cough suppression,Over-the-Counter
Ibuprofen,Antiemetic,Powder,500mg,Unilever,Cough suppression,Over-the-Counter
Albuterol,Anticonvulsant,IV Infusion,5mg,AstraZeneca,Hypertension and heart failure,Prescription
Metformin,ARB,Injection,25mg,Eli Lilly,Hypertension and heart failure,Prescription
Warfarin,Calcium Channel Blocker,Patch,0.5mg,Abbott,Hypertension and heart failure,Prescription
Loratadine,Antiflatulent,Lozenge,325mg,Sanofi,Blood clot prevention,Over-the-Counter
Benzoyl Peroxide,Antiplatelet,Drops,325mg,Unilever,Heartburn and acid reflux,Over-the-Counter
Aspirin,Topical Antibiotic,Chewable Tablet,1%,Chattem,Minor wound infection prevention,Over-the-Counter
Zinc Oxide,Antacid,Ointment,250mg,GSK,Chest congestion and mucus relief,Over-the-Counter
Metoprolol,Bronchodilator,Suppository,50mg,Pfizer,Edema and hypertension,Prescription
Ciprofloxacin,Anticoagulant,Suppository,150mg,GlaxoSmithKline,GERD and peptic ulcer disease,Prescription
Simethicone,Skin Protectant,Drops,325mg,Pfizer,Motion sickness and nausea,Over-the-Counter
Pseudoephedrine,Antacid,Cream,325mg,Pfizer,Minor cuts and skin protection,Over-the-Counter
Meclizine,Antidiarrheal,Drops,100mg,Novartis,Skin inflammation and itching,Over-the-Counter
Calcium Carbonate,Decongestant,Spray,200mg,Johnson & Johnson,Fungal skin infections,Over-the-Counter
Amoxicillin,Diuretic,IV Infusion,200mcg,AstraZeneca,Inflammation and autoimmune disorders,Prescription
Pregabalin,Anticonvulsant,Inhaler,0.5mg,Boehringer Ingelheim,Edema and hypertension,Prescription
Omeprazole,Topical Antibiotic,Powder,10mg,Sanofi,GERD and peptic ulcer,Over-the-Counter
Doxycycline,Anticoagulant,Nasal Spray,100mcg,GlaxoSmithKline,High cholesterol management,Prescription
Hydrocodone,Antibiotic,Suppository,50mg,Roche,Hypertension and heart failure,Prescription
Pregabalin,Anxiolytic/Benzodiazepine,Topical Solution,400mcg,Novartis,GERD and peptic ulcer disease,Prescription
Clotrimazole,Topical Antibiotic,Gel,150mg,Novartis,Constipation relief,Over-the-Counter
Ranitidine,Antacid/PPI,Spray,250mg,Sanofi,Diarrhea treatment,Over-the-Counter
Clopidogrel,Opioid Analgesic,Suppository,200mg,Merck,Asthma and bronchospasm,Prescription
Escitalopram,Antiplatelet,Nasal Spray,10mg,Pfizer,High cholesterol management,Prescription
Diphenhydramine,Decongestant,Chewable Tablet,5%,Unilever,Insomnia and sleep aid,Over-the-Counter
Sertraline,Opioid Analgesic,Sublingual Tablet,20mg,Eli Lilly,Asthma and bronchospasm,Prescription
Levothyroxine,Antifungal,Topical Solution,0.25mg,Pfizer,Inflammation and autoimmune disorders,Prescription
Montelukast,Leukotriene Inhibitor,Liquid,0.25mg,Bristol-Myers Squibb,Bacterial infections treatment,Prescription
Doxycycline,Anxiolytic/Benzodiazepine,Suppository,1000mg,Boehringer Ingelheim,Epilepsy and neuropathic pain,Prescription
Neosporin,Expectorant,Patch,125mg,3M Healthcare,Skin inflammation and itching,Over-the-Counter
Trimethoprim,Statin,Capsule,150mg,GlaxoSmithKline,Inflammation and autoimmune disorders,Prescription
Metformin,Diuretic,Topical Solution,1000mg,Pfizer,High cholesterol management,Prescription
Aluminum Hydroxide,Decongestant,Cream,5%,Johnson & Johnson,Heartburn and acid reflux,Over-the-Counter
Prednisone,Calcium Channel Blocker,Patch,150mg,Boehringer Ingelheim,Fungal infections treatment,Prescription
Furosemide,Antidepressant/SSRI,Suppository,20mg,AstraZeneca,Edema and hypertension,Prescription
Bismuth Subsalicylate,Antiemetic,Ointment,5%,Sanofi,GERD and peptic ulcer,Over-the-Counter
Omeprazole,Decongestant,Capsule,100mg,Bayer,Allergic rhinitis and hives,Over-the-Counter
Pantoprazole,Corticosteroid,Suppository,1mg,Bristol-Myers Squibb,GERD and peptic ulcer disease,Prescription
Alprazolam,Bronchodilator,Topical Solution,75mg,Gilead Sciences,Blood clot prevention,Prescription
Levothyroxine,Anticoagulant,Extended Release Tablet,200mg,Gilead Sciences,Asthma and allergic rhinitis,Prescription
Azithromycin,Leukotriene Inhibitor,Topical Solution,75mg,Amgen,Blood clot prevention,Prescription
Montelukast,Antifungal,Suppository,25mg,AstraZeneca,Hypertension and heart failure,Prescription
Metronidazole,ACE Inhibitor,IV Infusion,500mg,Roche,Asthma and allergic rhinitis,Prescription
Montelukast,Antidiabetic,Inhaler,20mg,Eli Lilly,High cholesterol management,Prescription
Dextromethorphan,Topical Antibiotic,Tablet,325mg,Unilever,Blood clot prevention,Over-the-Counter
Clopidogrel,Antidiabetic,Suppository,400mcg,Pfizer,Inflammation and autoimmune disorders,Prescription
Gabapentin,Anxiolytic/Benzodiazepine,Nasal Spray,75mg,Merck,Inflammation and autoimmune disorders,Prescription
Famotidine,Cough Suppressant,Chewable Tablet,200mg,Prestige Brands,Heartburn and acid reflux,Over-the-Counter
Escitalopram,PPI,Sublingual Tablet,10mg,Boehringer Ingelheim,Anxiety and panic disorders,Prescription
Lisinopril,Antidiabetic,Inhaler,10mg,Eli Lilly,Asthma and allergic rhinitis,Prescription
Metformin,PPI,IV Infusion,100mcg,Novartis,Hypothyroidism treatment,Prescription
Acetaminophen,Analgesic,Lozenge,5mg,Prestige Brands,Blood clot prevention,Over-the-Counter
Clopidogrel,Calcium Channel Blocker,Nasal Spray,400mcg,Sanofi,Hypertension and heart failure,Prescription
Pseudoephedrine,Antacid,Liquid,500mg,P&G,Diarrhea treatment,Over-the-Counter
Salicylic Acid,Topical Corticosteroid,Tablet,100mg,Novartis,Constipation relief,Over-the-Counter
Metoprolol,Antifungal,Liquid,200mg,Gilead Sciences,Bacterial infections treatment,Prescription
Hydrocortisone Cream,Topical Antibiotic,Cream,250mg,Reckitt,Skin inflammation and itching,Over-the-Counter
Salicylic Acid,Decongestant,Drops,125mg,Chattem,Minor pain and itching relief,Over-the-Counter
Lisinopril,Calcium Channel Blocker,Sublingual Tablet,150mg,Roche,Epilepsy and neuropathic pain,Prescription
Acetaminophen,Laxative,Drops,1%,P&G,Minor pain and itching relief,Over-the-Counter
Amoxicillin,Anticoagulant,IV Infusion,25mg,Johnson & Johnson,Asthma and allergic rhinitis,Prescription
Trimethoprim,Diuretic,Nasal Spray,100mcg,Novartis,Bacterial infections treatment,Prescription
Aspirin,Antiplatelet,Patch,20mg,GSK,Allergic rhinitis and hives,Over-the-Counter
Albuterol,Antidepressant/SSRI,Inhaler,250mg,Bristol-Myers Squibb,Edema and hypertension,Prescription
Hydrocodone,Antifungal,IV Infusion,20mg,Merck,Type 2 diabetes management,Prescription
Magnesium Hydroxide,Antifungal,Gel,25mg,3M Healthcare,Gas and bloating relief,Over-the-Counter
Guaifenesin,Acne Treatment,Tablet,10mg,Johnson & Johnson,Minor pain and itching relief,Over-the-Counter
Doxycycline,Thyroid Hormone,Liquid,75mg,Gilead Sciences,Type 2 diabetes management,Prescription
Aspirin,Antifungal,Chewable Tablet,5mg,Reckitt,Minor pain and itching relief,Over-the-Counter
Benzoyl Peroxide,Decongestant,Cream,150mg,3M Healthcare,Pain relief and fever reduction,Over-the-Counter
Lidocaine Cream,Antifungal,Liquid,325mg,Sanofi,Heartburn and acid reflux,Over-the-Counter
Metformin,Diuretic,Sublingual Tablet,200mcg,Boehringer Ingelheim,Blood clot prevention,Prescription
Bacitracin,Analgesic,Ointment,10mg,Pfizer,Cough suppression,Over-the-Counter
Bacitracin,Topical Anesthetic,Drops,325mg,GSK,Acne treatment,Over-the-Counter
Alprazolam,Diuretic,Suppository,100mcg,Boehringer Ingelheim,Hypertension and heart failure,Prescription
Montelukast,Leukotriene Inhibitor,Extended Release Tablet,100mcg,Eli Lilly,Hypertension and heart failure,Prescription
Ciprofloxacin,Bronchodilator,Nasal Spray,2mg,Merck,Depression and anxiety disorders,Prescription
Neosporin,Antacid,Spray,5mg,Chattem,Heartburn and acid reflux,Over-the-Counter
Azithromycin,Anticoagulant,IV Infusion,75mg,Sanofi,Depression and anxiety disorders,Prescription
Pantoprazole,Opioid Analgesic,Suppository,200mg,Pfizer,Type 2 diabetes management,Prescription
Docusate Sodium,Cough Suppressant,Liquid,2%,Unilever,Heartburn and indigestion,Over-the-Counter
Pantoprazole,Leukotriene Inhibitor,Nasal Spray,500mg,Bristol-Myers Squibb,Type 2 diabetes management,Prescription
Oxycodone,Anxiolytic/Benzodiazepine,Suppository,1mg,Gilead Sciences,Hypertension management,Prescription
Famotidine,Sleep Aid,Gel,150mg,Novartis,Constipation relief,Over-the-Counter
Calcium Carbonate,Antihistamine,Capsule,100mg,Novartis,Cough suppression,Over-the-Counter
Diphenhydramine,Topical Antibiotic,Cream,20mg,Unilever,Constipation relief,Over-the-Counter
Atorvastatin,Bronchodilator,Extended Release Tablet,1000mg,Novartis,Hypothyroidism treatment,Prescription
Metformin,ACE Inhibitor,Topical Solution,400mcg,Novartis,Heart attack and stroke prevention,Prescription
Magnesium Hydroxide,Antacid/H2 Blocker,Tablet,200mg,P&G,Motion sickness and nausea,Over-the-Counter
Lidocaine Cream,Antifungal,Drops,125mg,GSK,Minor wound infection prevention,Over-the-Counter
Salicylic Acid,Cough Suppressant,Ointment,100mg,Novartis,Skin inflammation and itching,Over-the-Counter
Losartan,ACE Inhibitor,Sublingual Tablet,25mg,Boehringer Ingelheim,Moderate to severe pain management,Prescription
Famotidine,Antacid,Lozenge,2%,Chattem,Cough suppression,Over-the-Counter
Atorvastatin,Beta Blocker,Capsule,0.25mg,Eli Lilly,Hypertension management,Prescription
Hydrocortisone Cream,Antacid/H2 Blocker,Patch,20mg,Johnson & Johnson,Acne treatment,Over-the-Counter
Montelukast,Antiplatelet,Patch,75mg,Gilead Sciences,Inflammation and autoimmune disorders,Prescription
Alprazolam,Antidiabetic,Inhaler,200mcg,Boehringer Ingelheim,Anxiety and panic disorders,Prescription
Clotrimazole,Expectorant,Capsule,5%,Johnson & Johnson,Acne treatment,Over-the-Counter
Famotidine,Topical Corticosteroid,Drops,5%,Pfizer,Skin inflammation and itching,Over-the-Counter
Naproxen,Antifungal,Gel,500mg,Pfizer,Nasal congestion relief,Over-the-Counter
Zinc Oxide,Cough Suppressant,Drops,325mg,Bayer,Blood clot prevention,Over-the-Counter
Guaifenesin,Topical Corticosteroid,Liquid,325mg,Prestige Brands,Skin inflammation and itching,Over-the-Counter
Benzoyl Peroxide,Antacid,Capsule,125mg,Pfizer,Minor cuts and skin protection,Over-the-Counter
Bismuth Subsalicylate,Topical Anesthetic,Gel,250mg,Pfizer,Insomnia and sleep aid,Over-the-Counter
Loperamide,Antidiarrheal,Ointment,10mg,P&G,Heartburn and indigestion,Over-the-Counter
Pregabalin,Antidepressant/SSRI,Nasal Spray,100mg,Abbott,Fungal infections treatment,Prescription
Loperamide,Antihistamine,Chewable Tablet,400mg,Pfizer,Diarrhea treatment,Over-the-Counter
Escitalopram,Antiplatelet,Nasal Spray,250mg,GlaxoSmithKline,Fungal infections treatment,Prescription
Guaifenesin,Laxative,Liquid,325mg,GSK,Diarrhea treatment,Over-the-Counter
Omeprazole,Topical Antibiotic,Tablet,20mg,Johnson & Johnson,Minor wound infection prevention,Over-the-Counter
Simethicone,Antidiarrheal,Lozenge,400mg,Reckitt,Motion sickness and nausea,Over-the-Counter
Clopidogrel,Opioid Analgesic,Capsule,250mg,GlaxoSmithKline,Fungal infections treatment,Prescription
Prednisone,Anticonvulsant,Sublingual Tablet,20mg,AstraZeneca,Asthma and allergic rhinitis,Prescription
Losartan,Thyroid Hormone,Extended Release Tablet,250mg,Bristol-Myers Squibb,Depression and anxiety disorders,Prescription
Metoprolol,Leukotriene Inhibitor,Extended Release Tablet,0.5mg,Sanofi,GERD and peptic ulcer disease,Prescription
Acetaminophen,Topical Anesthetic,Liquid,250mg,Reckitt,Skin inflammation and itching,Over-the-Counter
Metronidazole,Antidiabetic,Injection,25mg,Merck,Bacterial infections treatment,Prescription
Lidocaine Cream,Sleep Aid,Drops,2%,GSK,Skin inflammation and itching,Over-the-Counter
Albuterol,Antifungal,Liquid,50mcg,Eli Lilly,Type 2 diabetes management,Prescription
Lidocaine Cream,Sleep Aid,Chewable Tablet,325mg,Johnson & Johnson,Blood clot prevention,Over-the-Counter
Atorvastatin,Bronchodilator,Tablet,200mg,Johnson & Johnson,Edema and hypertension,Prescription
Bismuth Subsalicylate,Cough Suppressant,Cream,5%,Chattem,Insomnia and sleep aid,Over-the-Counter
Clotrimazole,Antacid/PPI,Gel,5mg,Sanofi,Diarrhea treatment,Over-the-Counter
Dextromethorphan,Skin Protectant,Drops,200mg,Sanofi,Nasal congestion relief,Over-the-Counter
Metformin,Anxiolytic/Benzodiazepine,Liquid,50mg,Gilead Sciences,Depression and anxiety disorders,Prescription
Dexamethasone,Beta Blocker,Injection,2mg,Gilead Sciences,Blood clot prevention,Prescription
Miconazole,Topical Anesthetic,Cream,200mg,Unilever,Minor cuts and skin protection,Over-the-Counter
Neosporin,Laxative,Tablet,25mg,Prestige Brands,Heartburn and acid reflux,Over-the-Counter
Bismuth Subsalicylate,Antidiarrheal,Spray,10mg,GSK,Minor cuts and skin protection,Over-the-Counter
Clopidogrel,Thyroid Hormone,Extended Release Tablet,50mcg,Eli Lilly,Anxiety and panic disorders,Prescription
Loperamide,Analgesic,Lozenge,25mg,Prestige Brands,Minor cuts and skin protection,Over-the-Counter
Metformin,Antiplatelet,Injection,400mcg,Amgen,Moderate to severe pain management,Prescription
Escitalopram,Bronchodilator,Sublingual Tablet,250mg,Novartis,Hypertension and angina,Prescription
Fluoxetine,Bronchodilator,Liquid,25mg,Eli Lilly,Epilepsy and neuropathic pain,Prescription
Clotrimazole,Topical Anesthetic,Spray,250mg,Chattem,Diarrhea treatment,Over-the-Counter
Metformin,Antiplatelet,Inhaler,75mg,Sanofi,Anxiety and panic disorders,Prescription
Metformin,PPI,Suppository,400mcg,Merck,Fungal infections treatment,Prescription
Sertraline,Opioid Analgesic,Injection,100mg,Boehringer Ingelheim,Hypothyroidism treatment,Prescription
Benzoyl Peroxide,Antihistamine,Drops,150mg,3M Healthcare,GERD and peptic ulcer,Over-the-Counter
Montelukast,Antidepressant/SSRI,Suppository,2mg,GlaxoSmithKline,Depression and anxiety disorders,Prescription
Dextromethorphan,Antifungal,Tablet,5mg,GSK,Insomnia and sleep aid,Over-the-Counter
Hydrocortisone Cream,Antacid,Spray,125mg,Chattem,Constipation relief,Over-the-Counter
Pseudoephedrine,Antifungal,Chewable Tablet,125mg,Sanofi,Pain relief and fever reduction,Over-the-Counter
Dextromethorphan,Decongestant,Powder,25mg,Sanofi,Chest congestion and mucus relief,Over-the-Counter
Bismuth Subsalicylate,Antiplatelet,Capsule,150mg,Sanofi,Diarrhea treatment,Over-the-Counter
Docusate Sodium,Topical Antibiotic,Spray,10mg,Bayer,Chest congestion and mucus relief,Over-the-Counter
Omeprazole,Laxative,Chewable Tablet,500mg,Johnson & Johnson,Heartburn and indigestion,Over-the-Counter
Clotrimazole,Antacid/H2 Blocker,Liquid,500mg,Johnson & Johnson,Fungal skin infections,Over-the-Counter
Levothyroxine,Antidiabetic,Nasal Spray,0.5mg,Boehringer Ingelheim,Hypothyroidism treatment,Prescription
Oxycodone,Corticosteroid,IV Infusion,500mg,Novartis,Asthma and bronchospasm,Prescription
Acetaminophen,Laxative,Gel,2%,Johnson & Johnson,Blood clot prevention,Over-the-Counter
Levothyroxine,Diuretic,Patch,200mg,Amgen,Epilepsy and neuropathic pain,Prescription
Neosporin,Topical Corticosteroid,Chewable Tablet,50mg,Novartis,Allergic rhinitis and hives,Over-the-Counter
Simethicone,Laxative,Patch,50mg,Johnson & Johnson,Allergic rhinitis and hives,Over-the-Counter
Alprazolam,Corticosteroid,Tablet,0.25mg,Johnson & Johnson,Hypertension and angina,Prescription
Ibuprofen,Topical Anesthetic,Gel,150mg,Unilever,Constipation relief,Over-the-Counter
Gabapentin,Antidiabetic,Sublingual Tablet,50mg,GlaxoSmithKline,Heart attack and stroke prevention,Prescription
Naproxen,Antiemetic,Spray,200mg,Johnson & Johnson,Heartburn and acid reflux,Over-the-Counter
Losartan,ARB,Suppository,200mg,GlaxoSmithKline,Hypertension and angina,Prescription
Neosporin,Topical Antibiotic,Chewable Tablet,20mg,Johnson & Johnson,Heartburn and indigestion,Over-the-Counter
Famotidine,Antacid/H2 Blocker,Tablet,150mg,Sanofi,Gas and bloating relief,Over-the-Counter
Aluminum Hydroxide,Antiflatulent,Capsule,400mg,3M Healthcare,Gas and bloating relief,Over-the-Counter
Lidocaine Cream,Antifungal,Gel,10mg,Pfizer,Blood clot prevention,Over-the-Counter
Loratadine,Antiemetic,Lozenge,50mg,Chattem,Pain relief and fever reduction,Over-the-Counter
Doxycycline,Antiplatelet,Suppository,0.5mg,AstraZeneca,Edema and hypertension,Prescription
Hydrocodone,Calcium Channel Blocker,Liquid,75mg,Novartis,Bacterial infections treatment,Prescription
Atorvastatin,Calcium Channel Blocker,Sublingual Tablet,100mg,Gilead Sciences,Hypertension and heart failure,Prescription
Levothyroxine,Opioid Analgesic,Capsule,25mg,Bristol-Myers Squibb,Asthma and bronchospasm,Prescription
Doxycycline,Beta Blocker,Topical Solution,25mg,Roche,Heart attack and stroke prevention,Prescription
Clopidogrel,Anticonvulsant,Inhaler,0.25mg,Bristol-Myers Squibb,Edema and hypertension,Prescription
Montelukast,Opioid Analgesic,Capsule,250mg,Sanofi,Asthma and allergic rhinitis,Prescription
Sertraline,Corticosteroid,IV Infusion,0.5mg,Johnson & Johnson,Hypertension and heart failure,Prescription
Albuterol,Anxiolytic/Benzodiazepine,IV Infusion,5mg,Pfizer,Edema and hypertension,Prescription
Neosporin,Antiemetic,Powder,150mg,P&G,Blood clot prevention,Over-the-Counter
Neosporin,Antacid,Tablet,50mg,Pfizer,Minor wound infection prevention,Over-the-Counter
Oxycodone,Antiplatelet,Tablet,150mg,Boehringer Ingelheim,Asthma and bronchospasm,Prescription
Simethicone,Laxative,Ointment,2%,Prestige Brands,Constipation relief,Over-the-Counter
Loperamide,Sleep Aid,Liquid,5%,GSK,Gas and bloating relief,Over-the-Counter
Metoprolol,Antifungal,Sublingual Tablet,200mcg,Merck,Hypothyroidism treatment,Prescription
Docusate Sodium,Topical Anesthetic,Drops,50mg,Sanofi,GERD and peptic ulcer,Over-the-Counter
Aspirin,Topical Corticosteroid,Ointment,20mg,Prestige Brands,Chest congestion and mucus relief,Over-the-Counter
Pantoprazole,Anticonvulsant,Liquid,200mcg,Amgen,Blood clot prevention,Prescription
Diphenhydramine,Antacid/H2 Blocker,Tablet,25mg,Prestige Brands,Nasal congestion relief,Over-the-Counter
Metoprolol,Corticosteroid,Sublingual Tablet,100mcg,AstraZeneca,Asthma and allergic rhinitis,Prescription
Hydrocodone,Antiplatelet,Patch,10mg,Boehringer Ingelheim,Moderate to severe pain management,Prescription
Ciprofloxacin,Anticoagulant,Liquid,1mg,Gilead Sciences,Inflammation and autoimmune disorders,Prescription
Lidocaine Cream,Topical Corticosteroid,Spray,200mg,Novartis,Acne treatment,Over-the-Counter
Amlodipine,Anticonvulsant,Sublingual Tablet,2mg,Merck,Hypertension and angina,Prescription
Naproxen,Antiplatelet,Capsule,125mg,3M Healthcare,Diarrhea treatment,Over-the-Counter
Simethicone,Antifungal,Ointment,50mg,3M Healthcare,Minor wound infection prevention,Over-the-Counter
Pregabalin,Antifungal,Topical Solution,1000mg,Novartis,Edema and hypertension,Prescription
Metronidazole,Opioid Analgesic,Liquid,200mcg,Sanofi,Hypertension and heart failure,Prescription
Amlodipine,ACE Inhibitor,Liquid,25mg,Roche,Bacterial infections treatment,Prescription
Gabapentin,Statin,Extended Release Tablet,5mg,AstraZeneca,Hypertension management,Prescription
Dextromethorphan,Topical Antibiotic,Tablet,5mg,Sanofi,Fungal skin infections,Over-the-Counter
Ranitidine,Topical Antibiotic,Patch,1%,Pfizer,Chest congestion and mucus relief,Over-the-Counter
Omeprazole,Cough Suppressant,Liquid,150mg,Chattem,Cough suppression,Over-the-Counter
Atorvastatin,Diuretic,IV Infusion,1mg,Sanofi,Anxiety and panic disorders,Prescription
Docusate Sodium,Antifungal,Liquid,200mg,Novartis,Chest congestion and mucus relief,Over-the-Counter
Aspirin,Antifungal,Patch,5mg,Pfizer,Minor wound infection prevention,Over-the-Counter
Lisinopril,Anticoagulant,Extended Release Tablet,20mg,Pfizer,Depression and anxiety disorders,Prescription
Clotrimazole,Antiemetic,Capsule,10mg,Chattem,Pain relief and fever reduction,Over-the-Counter
Ibuprofen,Decongestant,Drops,250mg,Johnson & Johnson,Blood clot prevention,Over-the-Counter
Loratadine,Expectorant,Patch,500mg,Johnson & Johnson,Pain relief and fever reduction,Over-the-Counter
Guaifenesin,Antiplatelet,Lozenge,50mg,Johnson & Johnson,Minor pain and itching relief,Over-the-Counter
Ciprofloxacin,PPI,Inhaler,75mg,Amgen,Type 2 diabetes management,Prescription
Levothyroxine,Antiplatelet,Extended Release Tablet,500mg,Boehringer Ingelheim,Hypothyroidism treatment,Prescription
Losartan,Anticoagulant,Patch,0.5mg,Roche,High cholesterol management,Prescription
Levothyroxine,Opioid Analgesic,Capsule,75mg,GlaxoSmithKline,Epilepsy and neuropathic pain,Prescription
Magnesium Hydroxide,Cough Suppressant,Liquid,1%,Chattem,Insomnia and sleep aid,Over-the-Counter
Prednisone,Leukotriene Inhibitor,Sublingual Tablet,5mg,Bristol-Myers Squibb,Blood clot prevention,Prescription
Guaifenesin,Antihistamine,Powder,150mg,Prestige Brands,GERD and peptic ulcer,Over-the-Counter
Bismuth Subsalicylate,Topical Antibiotic,Chewable Tablet,400mg,Reckitt,Minor cuts and skin protection,Over-the-Counter
Acetaminophen,Antihistamine,Liquid,25mg,3M Healthcare,Minor pain and itching relief,Over-the-Counter
Ranitidine,Antacid/H2 Blocker,Powder,5%,3M Healthcare,Allergic rhinitis and hives,Over-the-Counter
Alprazolam,Thyroid Hormone,Sublingual Tablet,0.25mg,AstraZeneca,Hypertension and angina,Prescription
Ciprofloxacin,Statin,Inhaler,200mg,Johnson & Johnson,Bacterial infections treatment,Prescription
Calcium Carbonate,Antacid,Spray,10mg,Pfizer,Gas and bloating relief,Over-the-Counter
Clotrimazole,Decongestant,Gel,250mg,Novartis,Minor cuts and skin protection,Over-the-Counter
Fluoxetine,Leukotriene Inhibitor,IV Infusion,1000mg,Novartis,Edema and hypertension,Prescription
Clotrimazole,Decongestant,Powder,2%,Pfizer,Fungal skin infections,Over-the-Counter
Levothyroxine,Antidepressant/SSRI,Patch,2mg,Novartis,Type 2 diabetes management,Prescription
Albuterol,Leukotriene Inhibitor,Inhaler,250mg,Novartis,High cholesterol management,Prescription
Loratadine,Antacid/H2 Blocker,Liquid,50mg,Reckitt,Heartburn and acid reflux,Over-the-Counter
Docusate Sodium,Antacid/PPI,Cream,1%,Sanofi,Pain relief and fever reduction,Over-the-Counter
Amoxicillin,Antiplatelet,Inhaler,200mcg,GlaxoSmithKline,Asthma and bronchospasm,Prescription
Escitalopram,ARB,Tablet,25mg,Johnson & Johnson,Blood clot prevention,Prescription
Gabapentin,Leukotriene Inhibitor,Tablet,25mg,Pfizer,Hypertension and heart failure,Prescription
Levothyroxine,Anticoagulant,Sublingual Tablet,400mcg,Novartis,High cholesterol management,Prescription
Bismuth Subsalicylate,Cough Suppressant,Chewable Tablet,125mg,Prestige Brands,GERD and peptic ulcer,Over-the-Counter
Oxycodone,Thyroid Hormone,Topical Solution,250mg,Johnson & Johnson,Heart attack and stroke prevention,Prescription
Aspirin,Antidiarrheal,Ointment,200mg,Prestige Brands,Constipation relief,Over-the-Counter
Clotrimazole,Topical Corticosteroid,Powder,50mg,Reckitt,Chest congestion and mucus relief,Over-the-Counter
Dexamethasone,Antidepressant/SSRI,Extended Release Tablet,200mcg,GlaxoSmithKline,Heart attack and stroke prevention,Prescription
Oxycodone,Antidiabetic,Tablet,2mg,Eli Lilly,Inflammation and autoimmune disorders,Prescription
Pregabalin,Thyroid Hormone,Tablet,100mcg,Pfizer,Edema and hypertension,Prescription
Neosporin,Decongestant,Cream,500mg,Unilever,Gas and bloating relief,Over-the-Counter
Bismuth Subsalicylate,Antiemetic,Lozenge,400mg,Reckitt,Heartburn and acid reflux,Over-the-Counter
Neosporin,Antacid/PPI,Tablet,5%,Pfizer,Motion sickness and nausea,Over-the-Counter
Omeprazole,Laxative,Capsule,200mg,Reckitt,Heartburn and acid reflux,Over-the-Counter
Trimethoprim,Beta Blocker,Capsule,50mcg,Novartis,Hypothyroidism treatment,Prescription
Magnesium Hydroxide,Cough Suppressant,Liquid,1%,Bayer,Diarrhea treatment,Over-the-Counter
Pantoprazole,Bronchodilator,Nasal Spray,10mg,AstraZeneca,Asthma and allergic rhinitis,Prescription
Losartan,Bronchodilator,Nasal Spray,20mg,Amgen,Inflammation and autoimmune disorders,Prescription
Furosemide,Antifungal,Extended Release Tablet,0.5mg,Gilead Sciences,Epilepsy and neuropathic pain,Prescription
Pseudoephedrine,Expectorant,Lozenge,50mg,Chattem,Diarrhea treatment,Over-the-Counter
Neosporin,Sleep Aid,Capsule,2%,Reckitt,Nasal congestion relief,Over-the-Counter
Pseudoephedrine,Laxative,Ointment,200mg,3M Healthcare,Heartburn and acid reflux,Over-the-Counter
Escitalopram,Bronchodilator,Patch,1mg,Merck,Hypertension management,Prescription
Aluminum Hydroxide,Expectorant,Liquid,325mg,Unilever,Nasal congestion relief,Over-the-Counter
Zinc Oxide,Topical Antibiotic,Capsule,325mg,Unilever,GERD and peptic ulcer,Over-the-Counter
Losartan,Calcium Channel Blocker,Tablet,0.5mg,Novartis,Asthma and allergic rhinitis,Prescription
Warfarin,Opioid Analgesic,Topical Solution,200mcg,Merck,Asthma and bronchospasm,Prescription
Dextromethorphan,Expectorant,Lozenge,1%,GSK,Diarrhea treatment,Over-the-Counter
Salicylic Acid,Laxative,Gel,10mg,Johnson & Johnson,Allergic rhinitis and hives,Over-the-Counter
Acetaminophen,Topical Corticosteroid,Liquid,10mg,P&G,Chest congestion and mucus relief,Over-the-Counter
Ranitidine,Topical Corticosteroid,Capsule,5%,Novartis,Heartburn and acid reflux,Over-the-Counter
Zinc Oxide,Cough Suppressant,Gel,50mg,Prestige Brands,Heartburn and acid reflux,Over-the-Counter
Sertraline,ACE Inhibitor,Suppository,20mg,Boehringer Ingelheim,Hypertension and angina,Prescription
Amlodipine,Calcium Channel Blocker,Nasal Spray,200mcg,Merck,Edema and hypertension,Prescription
Gabapentin,Anticonvulsant,Topical Solution,1mg,Eli Lilly,Fungal infections treatment,Prescription
Bismuth Subsalicylate,Antacid,Powder,250mg,Pfizer,Minor pain and itching relief,Over-the-Counter
Pantoprazole,Bronchodilator,Nasal Spray,250mg,Sanofi,Type 2 diabetes management,Prescription
Neosporin,Antiplatelet,Gel,10mg,Prestige Brands,Diarrhea treatment,Over-the-Counter
Azithromycin,Corticosteroid,Extended Release Tablet,200mg,Eli Lilly,Fungal infections treatment,Prescription
Salicylic Acid,Laxative,Cream,100mg,Reckitt,Skin inflammation and itching,Over-the-Counter
Metronidazole,PPI,Suppository,200mcg,Boehringer Ingelheim,High cholesterol management,Prescription
Aluminum Hydroxide,Expectorant,Liquid,1%,Unilever,Gas and bloating relief,Over-the-Counter
Oxycodone,ARB,Nasal Spray,200mg,Johnson & Johnson,Hypertension management,Prescription
Famotidine,Antiflatulent,Spray,5%,GSK,Diarrhea treatment,Over-the-Counter
Levothyroxine,Statin,Capsule,5mg,Boehringer Ingelheim,Hypertension and angina,Prescription
Bacitracin,Laxative,Liquid,250mg,GSK,Minor cuts and skin protection,Over-the-Counter
Bismuth Subsalicylate,Cough Suppressant,Liquid,200mg,Pfizer,Skin inflammation and itching,Over-the-Counter
Gabapentin,Anticoagulant,Sublingual Tablet,50mcg,Novartis,Epilepsy and neuropathic pain,Prescription
Guaifenesin,Laxative,Ointment,20mg,Johnson & Johnson,Minor pain and itching relief,Over-the-Counter
Simethicone,Sleep Aid,Liquid,325mg,Bayer,Minor pain and itching relief,Over-the-Counter
Loratadine,Decongestant,Liquid,5mg,Unilever,Constipation relief,Over-the-Counter
Hydrocodone,Corticosteroid,Inhaler,2mg,Bristol-Myers Squibb,Moderate to severe pain management,Prescription
Hydrocortisone Cream,Topical Anesthetic,Liquid,325mg,Bayer,Minor wound infection prevention,Over-the-Counter
Clindamycin,Leukotriene Inhibitor,IV Infusion,1000mg,Eli Lilly,Heart attack and stroke prevention,Prescription
Dextromethorphan,Laxative,Drops,2%,3M Healthcare,Heartburn and acid reflux,Over-the-Counter
Guaifenesin,Analgesic,Powder,5mg,Reckitt,Minor cuts and skin protection,Over-the-Counter
Dextromethorphan,Cough Suppressant,Tablet,5mg,P&G,GERD and peptic ulcer,Over-the-Counter
Omeprazole,Antiemetic,Drops,50mg,Chattem,Skin inflammation and itching,Over-the-Counter
Losartan,Statin,IV Infusion,150mg,Roche,Anxiety and panic disorders,Prescription
Trimethoprim,Bronchodilator,Tablet,25mg,Eli Lilly,Bacterial infections treatment,Prescription
Clindamycin,PPI,Nasal Spray,150mg,Gilead Sciences,Blood clot prevention,Prescription
Guaifenesin,Antiemetic,Liquid,5%,Chattem,Minor cuts and skin protection,Over-the-Counter
Metformin,ARB,Injection,2mg,Pfizer,Type 2 diabetes management,Prescription
Pseudoephedrine,Antiemetic,Liquid,5%,Sanofi,Acne treatment,Over-the-Counter
Calcium Carbonate,Decongestant,Tablet,5mg,Pfizer,Chest congestion and mucus relief,Over-the-Counter
Pantoprazole,Thyroid Hormone,Sublingual Tablet,200mg,Abbott,Bacterial infections treatment,Prescription
Bismuth Subsalicylate,Laxative,Powder,325mg,3M Healthcare,Cough suppression,Over-the-Counter
Zinc Oxide,Analgesic,Tablet,200mg,Unilever,Acne treatment,Over-the-Counter
Atorvastatin,ACE Inhibitor,Suppository,2mg,Pfizer,High cholesterol management,Prescription
Dexamethasone,PPI,Patch,100mg,Novartis,Edema and hypertension,Prescription
Docusate Sodium,Analgesic,Gel,5%,Pfizer,Pain relief and fever reduction,Over-the-Counter
Fluoxetine,ACE Inhibitor,IV Infusion,100mcg,Novartis,Edema and hypertension,Prescription
Meclizine,Antiplatelet,Powder,400mg,Reckitt,Pain relief and fever reduction,Over-the-Counter
Miconazole,Laxative,Capsule,200mg,Novartis,Blood clot prevention,Over-the-Counter
Loperamide,Analgesic,Drops,2%,Novartis,Acne treatment,Over-the-Counter
Aspirin,Antiflatulent,Patch,325mg,Pfizer,Minor wound infection prevention,Over-the-Counter
Benzoyl Peroxide,Laxative,Ointment,20mg,Unilever,Minor wound infection prevention,Over-the-Counter
Warfarin,PPI,Topical Solution,25mg,GlaxoSmithKline,Hypothyroidism treatment,Prescription
Metronidazole,Antifungal,Tablet,0.5mg,Sanofi,Blood clot prevention,Prescription
Aluminum Hydroxide,Antacid/H2 Blocker,Gel,100mg,Reckitt,Cough suppression,Over-the-Counter
Clotrimazole,Antihistamine,Lozenge,50mg,Chattem,Minor wound infection prevention,Over-the-Counter
Magnesium Hydroxide,Acne Treatment,Capsule,2%,Pfizer,Gas and bloating relief,Over-the-Counter
Clotrimazole,Acne Treatment,Ointment,150mg,Pfizer,Cough suppression,Over-the-Counter
Furosemide,Beta Blocker,Injection,1mg,Merck,Fungal infections treatment,Prescription
Alprazolam,Anticoagulant,Tablet,2mg,Novartis,Asthma and bronchospasm,Prescription
Clotrimazole,Acne Treatment,Tablet,10mg,P&G,Skin inflammation and itching,Over-the-Counter
Albuterol,Antidiabetic,Topical Solution,25mg,Roche,Anxiety and panic disorders,Prescription
Montelukast,Bronchodilator,Liquid,0.25mg,Eli Lilly,Hypertension and heart failure,Prescription
Lidocaine Cream,Decongestant,Ointment,2%,Bayer,Insomnia and sleep aid,Over-the-Counter
Bacitracin,Laxative,Tablet,20mg,Pfizer,Fungal skin infections,Over-the-Counter
Naproxen,Sleep Aid,Lozenge,400mg,Reckitt,Diarrhea treatment,Over-the-Counter
Ciprofloxacin,ARB,Extended Release Tablet,25mg,GlaxoSmithKline,Hypertension and heart failure,Prescription
Guaifenesin,Decongestant,Lozenge,1%,Reckitt,Allergic rhinitis and hives,Over-the-Counter
Doxycycline,Antifungal,IV Infusion,20mg,GlaxoSmithKline,Anxiety and panic disorders,Prescription
Dextromethorphan,Antiemetic,Gel,5%,Novartis,Heartburn and indigestion,Over-the-Counter
Dexamethasone,Bronchodilator,Nasal Spray,50mg,Eli Lilly,Asthma and bronchospasm,Prescription
Benzoyl Peroxide,Antiflatulent,Powder,150mg,Chattem,Constipation relief,Over-the-Counter
Losartan,Anticonvulsant,IV Infusion,150mg,Abbott,Inflammation and autoimmune disorders,Prescription
Loratadine,Cough Suppressant,Spray,500mg,Unilever,Heartburn and acid reflux,Over-the-Counter
Dexamethasone,Leukotriene Inhibitor,Extended Release Tablet,20mg,GlaxoSmithKline,Hypertension and angina,Prescription
Clopidogrel,PPI,Suppository,2mg,Roche,Heart attack and stroke prevention,Prescription
Escitalopram,Corticosteroid,Inhaler,50mg,GlaxoSmithKline,Depression and anxiety disorders,Prescription
Calcium Carbonate,Antiemetic,Powder,25mg,Reckitt,Cough suppression,Over-the-Counter
Calcium Carbonate,Topical Antibiotic,Tablet,325mg,3M Healthcare,Blood clot prevention,Over-the-Counter
Trimethoprim,Statin,Patch,50mcg,Pfizer,Anxiety and panic disorders,Prescription
Ranitidine,Decongestant,Chewable Tablet,20mg,Bayer,Insomnia and sleep aid,Over-the-Counter
Bacitracin,Antiemetic,Chewable Tablet,400mg,Pfizer,Heartburn and acid reflux,Over-the-Counter
Azithromycin,Antibiotic,Liquid,100mcg,Roche,Moderate to severe pain management,Prescription
Lisinopril,Antidiabetic,Topical Solution,200mg,GlaxoSmithKline,Hypertension and heart failure,Prescription
Magnesium Hydroxide,Decongestant,Spray,20mg,Sanofi,Cough suppression,Over-the-Counter
Loperamide,Analgesic,Tablet,20mg,GSK,Cough suppression,Over-the-Counter
Pseudoephedrine,Laxative,Ointment,325mg,Pfizer,Minor wound infection prevention,Over-the-Counter
Salicylic Acid,Antacid,Powder,150mg,P&G,Fungal skin infections,Over-the-Counter
Montelukast,Diuretic,Suppository,25mg,Gilead Sciences,Hypothyroidism treatment,Prescription
Albuterol,Statin,Capsule,200mcg,GlaxoSmithKline,Anxiety and panic disorders,Prescription
Azithromycin,PPI,IV Infusion,20mg,Merck,Anxiety and panic disorders,Prescription
Ciprofloxacin,PPI,Suppository,50mg,AstraZeneca,Hypertension and angina,Prescription
Azithromycin,Bronchodilator,Liquid,250mg,AstraZeneca,Bacterial infections treatment,Prescription
Clopidogrel,Corticosteroid,Topical Solution,25mg,Novartis,Hypertension and heart failure,Prescription
Aluminum Hydroxide,Topical Anesthetic,Capsule,100mg,Unilever,Heartburn and acid reflux,Over-the-Counter
Calcium Carbonate,Antifungal,Patch,25mg,Prestige Brands,Chest congestion and mucus relief,Over-the-Counter
Naproxen,Antiplatelet,Gel,20mg,Reckitt,Diarrhea treatment,Over-the-Counter
Furosemide,Calcium Channel Blocker,IV Infusion,200mg,Merck,Epilepsy and neuropathic pain,Prescription
Pantoprazole,Anxiolytic/Benzodiazepine,Topical Solution,200mg,Gilead Sciences,GERD and peptic ulcer disease,Prescription
Levothyroxine,Calcium Channel Blocker,Liquid,200mcg,Bristol-Myers Squibb,Moderate to severe pain management,Prescription
Calcium Carbonate,Expectorant,Cream,250mg,Johnson & Johnson,GERD and peptic ulcer,Over-the-Counter
Metronidazole,ARB,Patch,50mcg,Abbott,Depression and anxiety disorders,Prescription
Ranitidine,Sleep Aid,Patch,400mg,Johnson & Johnson,Motion sickness and nausea,Over-the-Counter
Benzoyl Peroxide,Antacid/H2 Blocker,Liquid,150mg,Novartis,Nasal congestion relief,Over-the-Counter
Pantoprazole,Leukotriene Inhibitor,Suppository,75mg,Roche,Heart attack and stroke prevention,Prescription
Dextromethorphan,Acne Treatment,Liquid,5mg,Prestige Brands,Blood clot prevention,Over-the-Counter
Magnesium Hydroxide,Acne Treatment,Cream,5mg,Johnson & Johnson,Minor wound infection prevention,Over-the-Counter
Clindamycin,ARB,IV Infusion,150mg,Merck,Heart attack and stroke prevention,Prescription
Alprazolam,Antidepressant/SSRI,Liquid,1mg,Pfizer,GERD and peptic ulcer disease,Prescription
Atorvastatin,Thyroid Hormone,Liquid,75mg,Sanofi,Bacterial infections treatment,Prescription
Zinc Oxide,Antacid/PPI,Ointment,200mg,3M Healthcare,Heartburn and acid reflux,Over-the-Counter
Famotidine,Antifungal,Ointment,200mg,Pfizer,Minor wound infection prevention,Over-the-Counter
Lisinopril,Thyroid Hormone,Tablet,100mg,Sanofi,Edema and hypertension,Prescription
Atorvastatin,Leukotriene Inhibitor,Suppository,75mg,Eli Lilly,Hypertension and angina,Prescription
Pseudoephedrine,Antacid/PPI,Liquid,25mg,Chattem,Fungal skin infections,Over-the-Counter
Metronidazole,Anxiolytic/Benzodiazepine,Suppository,1000mg,Boehringer Ingelheim,Hypertension and heart failure,Prescription
Ibuprofen,Antacid/PPI,Ointment,400mg,P&G,Heartburn and acid reflux,Over-the-Counter
Bacitracin,Cough Suppressant,Chewable Tablet,200mg,Prestige Brands,Diarrhea treatment,Over-the-Counter
Metoprolol,Beta Blocker,Patch,250mg,Boehringer Ingelheim,GERD and peptic ulcer disease,Prescription
Miconazole,Antidiarrheal,Liquid,5mg,3M Healthcare,Heartburn and indigestion,Over-the-Counter
Lisinopril,Beta Blocker,Topical Solution,1mg,AstraZeneca,Depression and anxiety disorders,Prescription
Dexamethasone,ARB,Inhaler,100mg,Pfizer,Bacterial infections treatment,Prescription
Metoprolol,ACE Inhibitor,Tablet,200mcg,Abbott,Bacterial infections treatment,Prescription
Pseudoephedrine,Topical Antibiotic,Tablet,100mg,P&G,Cough suppression,Over-the-Counter
Simethicone,Antiflatulent,Powder,400mg,Novartis,Cough suppression,Over-the-Counter
Famotidine,Expectorant,Capsule,200mg,Unilever,Cough suppression,Over-the-Counter
Bismuth Subsalicylate,Laxative,Drops,5%,Novartis,Pain relief and fever reduction,Over-the-Counter
Clindamycin,Anticonvulsant,Tablet,0.25mg,Abbott,GERD and peptic ulcer disease,Prescription
Fluoxetine,Anxiolytic/Benzodiazepine,Liquid,1mg,Bristol-Myers Squibb,Blood clot prevention,Prescription
Benzoyl Peroxide,Antifungal,Capsule,125mg,P&G,Gas and bloating relief,Over-the-Counter
Simethicone,Expectorant,Powder,10mg,Novartis,Heartburn and acid reflux,Over-the-Counter
Calcium Carbonate,Topical Antibiotic,Capsule,250mg,Johnson & Johnson,Nasal congestion relief,Over-the-Counter
Trimethoprim,Antifungal,Injection,250mg,Johnson & Johnson,Hypertension management,Prescription
Pregabalin,PPI,Patch,400mcg,Pfizer,Bacterial infections treatment,Prescription
Neosporin,Topical Antibiotic,Cream,2%,Unilever,Nasal congestion relief,Over-the-Counter
Diphenhydramine,Topical Antibiotic,Gel,100mg,Bayer,Allergic rhinitis and hives,Over-the-Counter
Aspirin,Analgesic,Chewable Tablet,50mg,Novartis,GERD and peptic ulcer,Over-the-Counter
Lidocaine Cream,Sleep Aid,Cream,150mg,3M Healthcare,Chest congestion and mucus relief,Over-the-Counter
Furosemide,Antiplatelet,Capsule,1mg,Bristol-Myers Squibb,Inflammation and autoimmune disorders,Prescription
Clindamycin,Antidepressant/SSRI,Inhaler,500mg,Amgen,GERD and peptic ulcer disease,Prescription
Alprazolam,Antidiabetic,Tablet,10mg,Pfizer,Epilepsy and neuropathic pain,Prescription
Bacitracin,Laxative,Patch,5%,P&G,Minor wound infection prevention,Over-the-Counter
Metformin,Diuretic,Patch,1000mg,AstraZeneca,Type 2 diabetes management,Prescription
Dextromethorphan,Antihistamine,Lozenge,50mg,Unilever,Fungal skin infections,Over-the-Counter
Ciprofloxacin,Leukotriene Inhibitor,IV Infusion,250mg,Merck,Edema and hypertension,Prescription
Aspirin,Topical Corticosteroid,Liquid,250mg,Reckitt,Skin inflammation and itching,Over-the-Counter
Zinc Oxide,Decongestant,Capsule,2%,Pfizer,Heartburn and indigestion,Over-the-Counter
Naproxen,Antacid,Spray,5%,3M Healthcare,Gas and bloating relief,Over-the-Counter
Hydrocodone,Corticosteroid,Suppository,1mg,AstraZeneca,Anxiety and panic disorders,Prescription
Escitalopram,Anticoagulant,Liquid,5mg,Bristol-Myers Squibb,Moderate to severe pain management,Prescription
Ibuprofen,Antiflatulent,Patch,2%,Chattem,Minor cuts and skin protection,Over-the-Counter
Docusate Sodium,Topical Anesthetic,Tablet,500mg,Pfizer,Insomnia and sleep aid,Over-the-Counter
Zinc Oxide,Topical Anesthetic,Cream,500mg,3M Healthcare,Pain relief and fever reduction,Over-the-Counter
Montelukast,Antidiabetic,Sublingual Tablet,1mg,Bristol-Myers Squibb,Hypothyroidism treatment,Prescription
Cetirizine,Antiflatulent,Cream,25mg,Bayer,Allergic rhinitis and hives,Over-the-Counter
Amlodipine,Diuretic,Topical Solution,50mcg,Bristol-Myers Squibb,Asthma and allergic rhinitis,Prescription
Oxycodone,PPI,Topical Solution,75mg,Pfizer,Moderate to severe pain management,Prescription
Bismuth Subsalicylate,Sleep Aid,Drops,500mg,Sanofi,Chest congestion and mucus relief,Over-the-Counter
Miconazole,Antiemetic,Ointment,200mg,Sanofi,Blood clot prevention,Over-the-Counter
Aspirin,Topical Antibiotic,Tablet,250mg,P&G,Minor wound infection prevention,Over-the-Counter
Furosemide,ACE Inhibitor,Injection,100mcg,Johnson & Johnson,Type 2 diabetes management,Prescription
Pantoprazole,Antiplatelet,Capsule,400mcg,Pfizer,Epilepsy and neuropathic pain,Prescription
Losartan,Anticonvulsant,Injection,1mg,Roche,Depression and anxiety disorders,Prescription
Pseudoephedrine,Skin Protectant,Spray,5%,3M Healthcare,Allergic rhinitis and hives,Over-the-Counter
Naproxen,Cough Suppressant,Capsule,100mg,GSK,Insomnia and sleep aid,Over-the-Counter
Guaifenesin,Skin Protectant,Tablet,2%,3M Healthcare,Pain relief and fever reduction,Over-the-Counter
Amoxicillin,Antidiabetic,Capsule,200mcg,Amgen,Moderate to severe pain management,Prescription
Warfarin,Antifungal,Nasal Spray,0.5mg,Gilead Sciences,GERD and peptic ulcer disease,Prescription
Ranitidine,Antacid/PPI,Powder,125mg,P&G,Blood clot prevention,Over-the-Counter
Escitalopram,Bronchodilator,Capsule,1000mg,GlaxoSmithKline,High cholesterol management,Prescription
Doxycycline,ACE Inhibitor,Suppository,200mg,Abbott,Moderate to severe pain management,Prescription
Escitalopram,Anticoagulant,Topical Solution,25mg,GlaxoSmithKline,GERD and peptic ulcer disease,Prescription
Diphenhydramine,Antacid,Lozenge,20mg,Prestige Brands,Motion sickness and nausea,Over-the-Counter
Bismuth Subsalicylate,Antiplatelet,Cream,5mg,GSK,Skin inflammation and itching,Over-the-Counter
Guaifenesin,Sleep Aid,Spray,25mg,Unilever,Minor pain and itching relief,Over-the-Counter
Neosporin,Topical Antibiotic,Drops,250mg,P&G,Gas and bloating relief,Over-the-Counter
Lisinopril,Antidepressant/SSRI,IV Infusion,100mg,Sanofi,Type 2 diabetes management,Prescription
Trimethoprim,ACE Inhibitor,Injection,50mg,GlaxoSmithKline,Epilepsy and neuropathic pain,Prescription
Zinc Oxide,Topical Corticosteroid,Chewable Tablet,5mg,GSK,Chest congestion and mucus relief,Over-the-Counter
Sertraline,Antiplatelet,Nasal Spray,2mg,Novartis,Edema and hypertension,Prescription
Meclizine,Antiplatelet,Ointment,400mg,Novartis,Chest congestion and mucus relief,Over-the-Counter
Dexamethasone,Beta Blocker,Suppository,150mg,Amgen,Moderate to severe pain management,Prescription
Amlodipine,Thyroid Hormone,Liquid,1000mg,Boehringer Ingelheim,Hypertension management,Prescription
Pseudoephedrine,Antacid,Capsule,200mg,Novartis,GERD and peptic ulcer,Over-the-Counter
Amoxicillin,Corticosteroid,Extended Release Tablet,200mcg,Johnson & Johnson,Asthma and allergic rhinitis,Prescription
Clotrimazole,Topical Corticosteroid,Tablet,100mg,Johnson & Johnson,Allergic rhinitis and hives,Over-the-Counter
Miconazole,Skin Protectant,Capsule,200mg,Novartis,Motion sickness and nausea,Over-the-Counter
Fluoxetine,Bronchodilator,Extended Release Tablet,200mcg,Pfizer,Hypothyroidism treatment,Prescription
Lisinopril,Antifungal,Sublingual Tablet,5mg,Gilead Sciences,Hypertension and heart failure,Prescription
Clindamycin,Bronchodilator,Injection,25mg,Roche,Depression and anxiety disorders,Prescription
Neosporin,Skin Protectant,Liquid,250mg,GSK,Allergic rhinitis and hives,Over-the-Counter
Loperamide,Sleep Aid,Patch,2%,GSK,Minor pain and itching relief,Over-the-Counter
Atorvastatin,ACE Inhibitor,Suppository,1mg,Eli Lilly,Fungal infections treatment,Prescription
Pantoprazole,Anxiolytic/Benzodiazepine,Patch,5mg,Boehringer Ingelheim,Bacterial infections treatment,Prescription
Trimethoprim,Beta Blocker,Inhaler,200mcg,Sanofi,Hypothyroidism treatment,Prescription
Simethicone,Skin Protectant,Patch,20mg,Johnson & Johnson,Blood clot prevention,Over-the-Counter
Lisinopril,Beta Blocker,Extended Release Tablet,25mg,Eli Lilly,High cholesterol management,Prescription
Zinc Oxide,Laxative,Drops,5%,Bayer,Motion sickness and nausea,Over-the-Counter
Alprazolam,Opioid Analgesic,Liquid,50mcg,Abbott,Heart attack and stroke prevention,Prescription
Loperamide,Antidiarrheal,Chewable Tablet,325mg,P&G,Blood clot prevention,Over-the-Counter
Calcium Carbonate,Topical Antibiotic,Lozenge,250mg,Johnson & Johnson,Skin inflammation and itching,Over-the-Counter
Lidocaine Cream,Antidiarrheal,Capsule,200mg,Bayer,Pain relief and fever reduction,Over-the-Counter
Metformin,Bronchodilator,Extended Release Tablet,0.25mg,Boehringer Ingelheim,Hypertension and angina,Prescription
Loperamide,Analgesic,Ointment,250mg,Sanofi,Nasal congestion relief,Over-the-Counter
Atorvastatin,Beta Blocker,Capsule,500mg,Merck,Depression and anxiety disorders,Prescription
Loratadine,Sleep Aid,Liquid,325mg,3M Healthcare,Cough suppression,Over-the-Counter
Escitalopram,Opioid Analgesic,Liquid,20mg,Johnson & Johnson,Type 2 diabetes management,Prescription
Alprazolam,PPI,IV Infusion,200mg,Abbott,Asthma and bronchospasm,Prescription
Prednisone,Diuretic,Sublingual Tablet,75mg,Amgen,Moderate to severe pain management,Prescription
Famotidine,Antacid/PPI,Liquid,10mg,Prestige Brands,Cough suppression,Over-the-Counter
Benzoyl Peroxide,Laxative,Gel,2%,Johnson & Johnson,Diarrhea treatment,Over-the-Counter
Zinc Oxide,Antiplatelet,Drops,100mg,3M Healthcare,Heartburn and indigestion,Over-the-Counter
Escitalopram,Bronchodilator,Injection,200mg,Roche,Blood clot prevention,Prescription
Neosporin,Antihistamine,Cream,325mg,Johnson & Johnson,Chest congestion and mucus relief,Over-the-Counter
Neosporin,Antifungal,Gel,250mg,Prestige Brands,Skin inflammation and itching,Over-the-Counter
Zinc Oxide,Decongestant,Gel,2%,Pfizer,Heartburn and acid reflux,Over-the-Counter
Salicylic Acid,Cough Suppressant,Liquid,100mg,Unilever,Blood clot prevention,Over-the-Counter
Warfarin,Bronchodilator,Sublingual Tablet,1000mg,Roche,GERD and peptic ulcer disease,Prescription
Amlodipine,Anxiolytic/Benzodiazepine,Topical Solution,1mg,Johnson & Johnson,Asthma and allergic rhinitis,Prescription
Hydrocodone,Leukotriene Inhibitor,Patch,5mg,Eli Lilly,Asthma and allergic rhinitis,Prescription
Neosporin,Antidiarrheal,Cream,1%,Novartis,Minor pain and itching relief,Over-the-Counter
Benzoyl Peroxide,Antacid/H2 Blocker,Liquid,100mg,Prestige Brands,Heartburn and acid reflux,Over-the-Counter
Naproxen,Topical Anesthetic,Patch,100mg,Chattem,Minor cuts and skin protection,Over-the-Counter
Clopidogrel,ARB,Liquid,1mg,Pfizer,Edema and hypertension,Prescription
Ciprofloxacin,Bronchodilator,Liquid,150mg,Boehringer Ingelheim,Blood clot prevention,Prescription
Docusate Sodium,Sleep Aid,Gel,125mg,Bayer,Heartburn and indigestion,Over-the-Counter
Docusate Sodium,Antacid/PPI,Cream,100mg,Chattem,Diarrhea treatment,Over-the-Counter
Dextromethorphan,Laxative,Chewable Tablet,5mg,GSK,Motion sickness and nausea,Over-the-Counter
Magnesium Hydroxide,Decongestant,Powder,25mg,Bayer,Heartburn and indigestion,Over-the-Counter
Metformin,Calcium Channel Blocker,Inhaler,10mg,Bristol-Myers Squibb,Blood clot prevention,Prescription
Guaifenesin,Antidiarrheal,Gel,5mg,Prestige Brands,Chest congestion and mucus relief,Over-the-Counter
Docusate Sodium,Antiflatulent,Ointment,100mg,Prestige Brands,Allergic rhinitis and hives,Over-the-Counter
Ciprofloxacin,ACE Inhibitor,Extended Release Tablet,25mg,Roche,Depression and anxiety disorders,Prescription
Amlodipine,PPI,Injection,10mg,Eli Lilly,Fungal infections treatment,Prescription
Metformin,Calcium Channel Blocker,Liquid,50mg,Johnson & Johnson,Blood clot prevention,Prescription
Omeprazole,Analgesic,Spray,5mg,Johnson & Johnson,Constipation relief,Over-the-Counter
Famotidine,Topical Antibiotic,Gel,5%,Johnson & Johnson,Motion sickness and nausea,Over-the-Counter
Gabapentin,Opioid Analgesic,IV Infusion,50mcg,Sanofi,Heart attack and stroke prevention,Prescription
Famotidine,Topical Anesthetic,Powder,20mg,Sanofi,Pain relief and fever reduction,Over-the-Counter
Simethicone,Sleep Aid,Cream,2%,Bayer,Minor pain and itching relief,Over-the-Counter
Simethicone,Antifungal,Drops,125mg,P&G,Nasal congestion relief,Over-the-Counter
Escitalopram,PPI,Patch,10mg,GlaxoSmithKline,Moderate to severe pain management,Prescription
Lidocaine Cream,Topical Corticosteroid,Capsule,325mg,P&G,Blood clot prevention,Over-the-Counter
Ranitidine,Topical Anesthetic,Cream,10mg,Bayer,Diarrhea treatment,Over-the-Counter
Aluminum Hydroxide,Antihistamine,Patch,5%,Novartis,Insomnia and sleep aid,Over-the-Counter
Meclizine,Antihistamine,Powder,2%,Pfizer,Motion sickness and nausea,Over-the-Counter
Metronidazole,Opioid Analgesic,Nasal Spray,0.5mg,Abbott,Type 2 diabetes management,Prescription
Azithromycin,Calcium Channel Blocker,Inhaler,500mg,Merck,Hypertension and heart failure,Prescription
Amoxicillin,Corticosteroid,Injection,1mg,Boehringer Ingelheim,Blood clot prevention,Prescription
Amoxicillin,Anxiolytic/Benzodiazepine,Liquid,50mcg,Roche,Depression and anxiety disorders,Prescription
Omeprazole,Antacid/PPI,Cream,325mg,Chattem,Heartburn and indigestion,Over-the-Counter
Trimethoprim,Leukotriene Inhibitor,Sublingual Tablet,10mg,Eli Lilly,Moderate to severe pain management,Prescription
Oxycodone,PPI,Tablet,2mg,Gilead Sciences,Type 2 diabetes management,Prescription
Loperamide,Expectorant,Powder,400mg,Sanofi,Allergic rhinitis and hives,Over-the-Counter
Clopidogrel,Beta Blocker,Nasal Spray,200mcg,Johnson & Johnson,GERD and peptic ulcer disease,Prescription
Lidocaine Cream,Analgesic,Tablet,1%,Johnson & Johnson,GERD and peptic ulcer,Over-the-Counter
Miconazole,Skin Protectant,Tablet,5mg,GSK,Heartburn and acid reflux,Over-the-Counter
Hydrocortisone Cream,Expectorant,Powder,150mg,Chattem,Insomnia and sleep aid,Over-the-Counter
Naproxen,Topical Corticosteroid,Ointment,200mg,Pfizer,Constipation relief,Over-the-Counter
Bacitracin,Decongestant,Chewable Tablet,50mg,Unilever,Heartburn and acid reflux,Over-the-Counter
Loperamide,Antacid/PPI,Drops,100mg,Reckitt,Cough suppression,Over-the-Counter
Albuterol,Antidepressant/SSRI,Topical Solution,500mg,Eli Lilly,GERD and peptic ulcer disease,Prescription
Warfarin,Leukotriene Inhibitor,IV Infusion,5mg,Pfizer,Inflammation and autoimmune disorders,Prescription
Meclizine,Sleep Aid,Liquid,50mg,3M Healthcare,Chest congestion and mucus relief,Over-the-Counter
Guaifenesin,Antacid/H2 Blocker,Lozenge,400mg,P&G,Heartburn and indigestion,Over-the-Counter
Dexamethasone,Antifungal,Patch,150mg,Boehringer Ingelheim,Asthma and bronchospasm,Prescription
Clindamycin,Beta Blocker,Suppository,25mg,Johnson & Johnson,Epilepsy and neuropathic pain,Prescription
Cetirizine,Antidiarrheal,Liquid,20mg,GSK,Gas and bloating relief,Over-the-Counter
Albuterol,Corticosteroid,Liquid,25mg,AstraZeneca,Blood clot prevention,Prescription
Calcium Carbonate,Expectorant,Chewable Tablet,200mg,GSK,Motion sickness and nausea,Over-the-Counter
Lidocaine Cream,Antiemetic,Capsule,100mg,P&G,Gas and bloating relief,Over-the-Counter
Lisinopril,PPI,Injection,200mcg,Sanofi,Hypertension and heart failure,Prescription
Ranitidine,Antidiarrheal,Capsule,250mg,Novartis,Minor cuts and skin protection,Over-the-Counter
Dexamethasone,Statin,Topical Solution,75mg,Johnson & Johnson,Anxiety and panic disorders,Prescription
Salicylic Acid,Topical Antibiotic,Chewable Tablet,150mg,Sanofi,Nasal congestion relief,Over-the-Counter
Famotidine,Acne Treatment,Patch,2%,P&G,Heartburn and acid reflux,Over-the-Counter
Trimethoprim,PPI,Inhaler,5mg,Sanofi,Asthma and bronchospasm,Prescription
Metoprolol,Anxiolytic/Benzodiazepine,Liquid,250mg,GlaxoSmithKline,Blood clot prevention,Prescription
Benzoyl Peroxide,Topical Anesthetic,Spray,5mg,Prestige Brands,GERD and peptic ulcer,Over-the-Counter
Albuterol,PPI,Tablet,0.5mg,Bristol-Myers Squibb,Epilepsy and neuropathic pain,Prescription
Lisinopril,Anticonvulsant,Patch,50mg,Merck,Asthma and bronchospasm,Prescription
Neosporin,Antacid/H2 Blocker,Gel,25mg,Sanofi,GERD and peptic ulcer,Over-the-Counter
Hydrocortisone Cream,Antifungal,Cream,1%,Prestige Brands,Skin inflammation and itching,Over-the-Counter
Benzoyl Peroxide,Acne Treatment,Spray,2%,3M Healthcare,Minor wound infection prevention,Over-the-Counter
Calcium Carbonate,Topical Anesthetic,Tablet,50mg,Unilever,Diarrhea treatment,Over-the-Counter
Ibuprofen,Laxative,Powder,10mg,Johnson & Johnson,Pain relief and fever reduction,Over-the-Counter
Clindamycin,Antidiabetic,Capsule,0.5mg,Eli Lilly,Anxiety and panic disorders,Prescription
Atorvastatin,ACE Inhibitor,Patch,250mg,Johnson & Johnson,Hypertension and heart failure,Prescription
Amlodipine,Diuretic,Topical Solution,50mcg,Novartis,Hypothyroidism treatment,Prescription
Lisinopril,Anticonvulsant,Nasal Spray,25mg,AstraZeneca,Anxiety and panic disorders,Prescription
Levothyroxine,Diuretic,Sublingual Tablet,250mg,AstraZeneca,Epilepsy and neuropathic pain,Prescription
Sertraline,Diuretic,Inhaler,150mg,GlaxoSmithKline,Heart attack and stroke prevention,Prescription
Albuterol,Bronchodilator,Extended Release Tablet,5mg,Eli Lilly,High cholesterol management,Prescription
Loratadine,Analgesic,Cream,5%,Johnson & Johnson,Nasal congestion relief,Over-the-Counter
Acetaminophen,Cough Suppressant,Spray,400mg,Novartis,Fungal skin infections,Over-the-Counter
Alprazolam,Diuretic,Nasal Spray,0.25mg,Merck,Depression and anxiety disorders,Prescription
Ranitidine,Topical Antibiotic,Liquid,2%,GSK,Minor cuts and skin protection,Over-the-Counter
Loperamide,Antacid/H2 Blocker,Cream,325mg,Bayer,Constipation relief,Over-the-Counter
Prednisone,Anxiolytic/Benzodiazepine,Capsule,1000mg,Abbott,Hypertension and heart failure,Prescription
Amoxicillin,Beta Blocker,IV Infusion,400mcg,Johnson & Johnson,GERD and peptic ulcer disease,Prescription
Fluoxetine,Anticonvulsant,Injection,200mcg,Boehringer Ingelheim,GERD and peptic ulcer disease,Prescription
Dexamethasone,Antibiotic,Extended Release Tablet,150mg,Roche,GERD and peptic ulcer disease,Prescription
Zinc Oxide,Topical Antibiotic,Drops,2%,Novartis,Constipation relief,Over-the-Counter
Escitalopram,Diuretic,Topical Solution,100mcg,Novartis,Hypertension and angina,Prescription
Omeprazole,Sleep Aid,Capsule,250mg,Johnson & Johnson,Gas and bloating relief,Over-the-Counter
Montelukast,Antidepressant/SSRI,Inhaler,200mcg,Eli Lilly,Hypertension and heart failure,Prescription
Escitalopram,Beta Blocker,Capsule,200mcg,Gilead Sciences,Hypertension management,Prescription
Sertraline,ACE Inhibitor,IV Infusion,10mg,Novartis,Anxiety and panic disorders,Prescription
Docusate Sodium,Topical Corticosteroid,Patch,20mg,Bayer,Minor cuts and skin protection,Over-the-Counter
Dextromethorphan,Antacid,Lozenge,2%,GSK,Heartburn and acid reflux,Over-the-Counter
Miconazole,Cough Suppressant,Gel,250mg,Unilever,Diarrhea treatment,Over-the-Counter
Calcium Carbonate,Antifungal,Gel,10mg,Chattem,Gas and bloating relief,Over-the-Counter
Lisinopril,Opioid Analgesic,IV Infusion,2mg,Boehringer Ingelheim,Asthma and bronchospasm,Prescription
Losartan,Opioid Analgesic,Liquid,0.5mg,AstraZeneca,Hypertension and heart failure,Prescription
Atorvastatin,Opioid Analgesic,Extended Release Tablet,200mg,GlaxoSmithKline,Epilepsy and neuropathic pain,Prescription
Acetaminophen,Skin Protectant,Capsule,10mg,Reckitt,Minor cuts and skin protection,Over-the-Counter
Montelukast,Beta Blocker,Extended Release Tablet,0.25mg,Novartis,Asthma and allergic rhinitis,Prescription
Lisinopril,PPI,Inhaler,1000mg,Bristol-Myers Squibb,Edema and hypertension,Prescription
Lidocaine Cream,Antiplatelet,Tablet,50mg,Johnson & Johnson,Minor wound infection prevention,Over-the-Counter
Calcium Carbonate,Topical Anesthetic,Gel,10mg,Reckitt,Constipation relief,Over-the-Counter
Metronidazole,Opioid Analgesic,Tablet,2mg,Boehringer Ingelheim,Hypertension management,Prescription
Atorvastatin,Statin,Injection,1000mg,GlaxoSmithKline,Inflammation and autoimmune disorders,Prescription
Neosporin,Antacid,Ointment,125mg,Reckitt,Cough suppression,Over-the-Counter
Famotidine,Antiemetic,Ointment,200mg,3M Healthcare,Constipation relief,Over-the-Counter
Amlodipine,Anticoagulant,Liquid,250mg,Eli Lilly,Inflammation and autoimmune disorders,Prescription
Aspirin,Skin Protectant,Gel,1%,Unilever,Minor cuts and skin protection,Over-the-Counter
Aluminum Hydroxide,Antiflatulent,Powder,150mg,Sanofi,Diarrhea treatment,Over-the-Counter
Gabapentin,Anxiolytic/Benzodiazepine,Inhaler,500mg,Johnson & Johnson,Depression and anxiety disorders,Prescription
Ibuprofen,Antiplatelet,Lozenge,200mg,GSK,Diarrhea treatment,Over-the-Counter
Sertraline,Thyroid Hormone,IV Infusion,10mg,Johnson & Johnson,Anxiety and panic disorders,Prescription
Pantoprazole,Anxiolytic/Benzodiazepine,Sublingual Tablet,75mg,Novartis,Edema and hypertension,Prescription
Losartan,Beta Blocker,Extended Release Tablet,10mg,Bristol-Myers Squibb,Heart attack and stroke prevention,Prescription
Neosporin,Antiplatelet,Ointment,5mg,3M Healthcare,Fungal skin infections,Over-the-Counter
Dextromethorphan,Antiplatelet,Powder,325mg,Reckitt,Minor pain and itching relief,Over-the-Counter
Gabapentin,Beta Blocker,Capsule,0.5mg,Bristol-Myers Squibb,Bacterial infections treatment,Prescription
Ciprofloxacin,Anticonvulsant,Capsule,500mg,Eli Lilly,Asthma and bronchospasm,Prescription
Dextromethorphan,Antidiarrheal,Chewable Tablet,20mg,Bayer,Blood clot prevention,Over-the-Counter
Pregabalin,Thyroid Hormone,Suppository,0.5mg,Johnson & Johnson,Fungal infections treatment,Prescription
Magnesium Hydroxide,Decongestant,Liquid,250mg,Reckitt,Heartburn and acid reflux,Over-the-Counter
Benzoyl Peroxide,Antihistamine,Patch,400mg,Prestige Brands,Minor wound infection prevention,Over-the-Counter
Meclizine,Topical Anesthetic,Chewable Tablet,5%,Reckitt,Motion sickness and nausea,Over-the-Counter
Albuterol,Antidepressant/SSRI,Nasal Spray,200mcg,Abbott,Moderate to severe pain management,Prescription
Bismuth Subsalicylate,Laxative,Liquid,200mg,GSK,Acne treatment,Over-the-Counter
Azithromycin,Beta Blocker,Patch,400mcg,Amgen,Hypertension and angina,Prescription
Ibuprofen,Topical Antibiotic,Cream,125mg,3M Healthcare,Insomnia and sleep aid,Over-the-Counter
Prednisone,ARB,Tablet,100mcg,Johnson & Johnson,Asthma and allergic rhinitis,Prescription
Simethicone,Antiplatelet,Spray,5%,Reckitt,Fungal skin infections,Over-the-Counter
Simethicone,Antidiarrheal,Powder,25mg,P&G,Heartburn and acid reflux,Over-the-Counter
Simethicone,Antiemetic,Lozenge,400mg,Prestige Brands,GERD and peptic ulcer,Over-the-Counter
Metronidazole,Antidepressant/SSRI,Suppository,25mg,Amgen,Hypertension management,Prescription
Ciprofloxacin,Leukotriene Inhibitor,Capsule,0.5mg,GlaxoSmithKline,Blood clot prevention,Prescription
Escitalopram,Antidepressant/SSRI,Extended Release Tablet,100mg,Sanofi,Type 2 diabetes management,Prescription
Pseudoephedrine,Analgesic,Spray,150mg,Prestige Brands,Minor pain and itching relief,Over-the-Counter
Neosporin,Cough Suppressant,Patch,50mg,Bayer,Constipation relief,Over-the-Counter
Dextromethorphan,Topical Antibiotic,Spray,150mg,Unilever,GERD and peptic ulcer,Over-the-Counter
Neosporin,Topical Anesthetic,Ointment,2%,Pfizer,Nasal congestion relief,Over-the-Counter
Diphenhydramine,Expectorant,Spray,5mg,Unilever,Skin inflammation and itching,Over-the-Counter
Loratadine,Antacid/PPI,Chewable Tablet,500mg,Prestige Brands,Allergic rhinitis and hives,Over-the-Counter
Omeprazole,Antifungal,Gel,250mg,P&G,Minor pain and itching relief,Over-the-Counter
Levothyroxine,ACE Inhibitor,Topical Solution,5mg,Sanofi,Anxiety and panic disorders,Prescription
Metronidazole,Antifungal,Sublingual Tablet,50mcg,Pfizer,Type 2 diabetes management,Prescription
Metronidazole,Leukotriene Inhibitor,IV Infusion,75mg,Gilead Sciences,Asthma and allergic rhinitis,Prescription
Lisinopril,Statin,Sublingual Tablet,1000mg,Johnson & Johnson,Hypertension and heart failure,Prescription
Acetaminophen,Decongestant,Lozenge,20mg,3M Healthcare,Constipation relief,Over-the-Counter
Oxycodone,PPI,Injection,50mcg,Bristol-Myers Squibb,Fungal infections treatment,Prescription
Ciprofloxacin,Anticoagulant,Extended Release Tablet,150mg,Sanofi,Hypertension and heart failure,Prescription
Amoxicillin,Corticosteroid,Extended Release Tablet,100mcg,Bristol-Myers Squibb,Fungal infections treatment,Prescription
Guaifenesin,Antiflatulent,Patch,20mg,Unilever,Minor wound infection prevention,Over-the-Counter
Simethicone,Antiemetic,Patch,50mg,Bayer,Heartburn and indigestion,Over-the-Counter
Gabapentin,Antidepressant/SSRI,Topical Solution,10mg,Novartis,Moderate to severe pain management,Prescription
Docusate Sodium,Topical Anesthetic,Ointment,5mg,Bayer,Heartburn and acid reflux,Over-the-Counter
Dexamethasone,Anticonvulsant,Sublingual Tablet,400mcg,Merck,Edema and hypertension,Prescription
Albuterol,Antiplatelet,Extended Release Tablet,400mcg,Novartis,Asthma and allergic rhinitis,Prescription
Aluminum Hydroxide,Topical Corticosteroid,Powder,10mg,GSK,Minor cuts and skin protection,Over-the-Counter
Metoprolol,Antiplatelet,Nasal Spray,200mcg,Eli Lilly,Type 2 diabetes management,Prescription
Naproxen,Antihistamine,Drops,25mg,Prestige Brands,Blood clot prevention,Over-the-Counter
Zinc Oxide,Antifungal,Liquid,20mg,P&G,Blood clot prevention,Over-the-Counter
Cetirizine,Expectorant,Chewable Tablet,400mg,Bayer,GERD and peptic ulcer,Over-the-Counter
Levothyroxine,ACE Inhibitor,Extended Release Tablet,200mcg,Novartis,Asthma and bronchospasm,Prescription
Hydrocodone,Antibiotic,Extended Release Tablet,200mcg,Pfizer,Bacterial infections treatment,Prescription
Montelukast,Statin,Capsule,10mg,Abbott,Heart attack and stroke prevention,Prescription
Amoxicillin,Anticoagulant,Injection,250mg,Abbott,Anxiety and panic disorders,Prescription
Amlodipine,Antiplatelet,Patch,200mcg,Pfizer,High cholesterol management,Prescription
Amlodipine,PPI,Sublingual Tablet,100mg,GlaxoSmithKline,Hypertension and heart failure,Prescription
Montelukast,Leukotriene Inhibitor,Liquid,150mg,AstraZeneca,Moderate to severe pain management,Prescription
Clindamycin,Statin,Sublingual Tablet,0.5mg,Merck,Moderate to severe pain management,Prescription
Neosporin,Antidiarrheal,Drops,50mg,3M Healthcare,Chest congestion and mucus relief,Over-the-Counter
Azithromycin,Calcium Channel Blocker,Sublingual Tablet,200mcg,Sanofi,Hypothyroidism treatment,Prescription
Ibuprofen,Antiemetic,Spray,250mg,Reckitt,Blood clot prevention,Over-the-Counter
Bacitracin,Antacid/PPI,Cream,100mg,Chattem,Motion sickness and nausea,Over-the-Counter
Trimethoprim,Leukotriene Inhibitor,Suppository,150mg,Novartis,Edema and hypertension,Prescription
Prednisone,PPI,Extended Release Tablet,0.5mg,Boehringer Ingelheim,Inflammation and autoimmune disorders,Prescription
Clotrimazole,Sleep Aid,Gel,150mg,P&G,Motion sickness and nausea,Over-the-Counter
Guaifenesin,Topical Antibiotic,Spray,25mg,Chattem,Chest congestion and mucus relief,Over-the-Counter
Famotidine,Sleep Aid,Spray,20mg,P&G,Insomnia and sleep aid,Over-the-Counter
Pregabalin,Antibiotic,Topical Solution,20mg,AstraZeneca,Inflammation and autoimmune disorders,Prescription
Ibuprofen,Topical Anesthetic,Capsule,25mg,Novartis,Fungal skin infections,Over-the-Counter
Metoprolol,Antidepressant/SSRI,Capsule,75mg,Roche,Asthma and allergic rhinitis,Prescription
Montelukast,Thyroid Hormone,IV Infusion,5mg,Pfizer,Asthma and bronchospasm,Prescription
Losartan,Corticosteroid,Nasal Spray,200mg,AstraZeneca,Anxiety and panic disorders,Prescription
Dextromethorphan,Antiplatelet,Chewable Tablet,150mg,Reckitt,Acne treatment,Over-the-Counter
Loratadine,Antihistamine,Drops,400mg,Reckitt,Fungal skin infections,Over-the-Counter
Aspirin,Topical Antibiotic,Capsule,325mg,3M Healthcare,Fungal skin infections,Over-the-Counter
Docusate Sodium,Antacid,Gel,500mg,Novartis,Gas and bloating relief,Over-the-Counter
Lidocaine Cream,Laxative,Gel,125mg,Novartis,Skin inflammation and itching,Over-the-Counter
Azithromycin,Opioid Analgesic,IV Infusion,100mg,AstraZeneca,Depression and anxiety disorders,Prescription
Dexamethasone,Opioid Analgesic,IV Infusion,250mg,Novartis,Anxiety and panic disorders,Prescription
Miconazole,Antidiarrheal,Spray,10mg,Sanofi,Pain relief and fever reduction,Over-the-Counter
Miconazole,Topical Corticosteroid,Patch,125mg,GSK,Diarrhea treatment,Over-the-Counter
Lisinopril,Anticonvulsant,Capsule,20mg,AstraZeneca,Bacterial infections treatment,Prescription
Pseudoephedrine,Antiemetic,Capsule,5mg,Johnson & Johnson,Heartburn and indigestion,Over-the-Counter
Docusate Sodium,Antacid,Drops,250mg,3M Healthcare,Minor cuts and skin protection,Over-the-Counter
Amlodipine,ARB,Suppository,100mg,Novartis,Inflammation and autoimmune disorders,Prescription
Azithromycin,Calcium Channel Blocker,Extended Release Tablet,250mg,Pfizer,Hypothyroidism treatment,Prescription
Bacitracin,Laxative,Tablet,125mg,3M Healthcare,Cough suppression,Over-the-Counter
Warfarin,Anxiolytic/Benzodiazepine,Tablet,50mcg,Roche,Fungal infections treatment,Prescription
Metoprolol,Beta Blocker,Sublingual Tablet,20mg,Sanofi,Inflammation and autoimmune disorders,Prescription
Bismuth Subsalicylate,Laxative,Liquid,250mg,Prestige Brands,Minor wound infection prevention,Over-the-Counter
Aspirin,Antiplatelet,Drops,400mg,Chattem,Cough suppression,Over-the-Counter
Azithromycin,Leukotriene Inhibitor,Sublingual Tablet,75mg,Pfizer,Epilepsy and neuropathic pain,Prescription
Magnesium Hydroxide,Antifungal,Tablet,5mg,Reckitt,Gas and bloating relief,Over-the-Counter
Pseudoephedrine,Laxative,Spray,5%,Pfizer,Constipation relief,Over-the-Counter
Bacitracin,Antacid/H2 Blocker,Lozenge,100mg,Bayer,Skin inflammation and itching,Over-the-Counter
Cetirizine,Skin Protectant,Gel,10mg,P&G,GERD and peptic ulcer,Over-the-Counter
Losartan,Anticonvulsant,Tablet,100mcg,Amgen,Moderate to severe pain management,Prescription
Lidocaine Cream,Topical Anesthetic,Liquid,5mg,Sanofi,Chest congestion and mucus relief,Over-the-Counter
Amoxicillin,ARB,Liquid,0.25mg,Sanofi,Type 2 diabetes management,Prescription
Dextromethorphan,Acne Treatment,Lozenge,125mg,Pfizer,Motion sickness and nausea,Over-the-Counter
Loperamide,Sleep Aid,Powder,125mg,Reckitt,Allergic rhinitis and hives,Over-the-Counter
Clindamycin,ARB,Sublingual Tablet,200mcg,Roche,Anxiety and panic disorders,Prescription
Pseudoephedrine,Decongestant,Patch,200mg,Johnson & Johnson,Insomnia and sleep aid,Over-the-Counter
Omeprazole,Decongestant,Chewable Tablet,5%,Pfizer,GERD and peptic ulcer,Over-the-Counter
Albuterol,Leukotriene Inhibitor,IV Infusion,0.5mg,Amgen,Anxiety and panic disorders,Prescription
Hydrocortisone Cream,Laxative,Capsule,50mg,Novartis,Minor cuts and skin protection,Over-the-Counter
Omeprazole,Acne Treatment,Powder,100mg,Pfizer,Motion sickness and nausea,Over-the-Counter
Losartan,Antibiotic,Nasal Spray,100mg,Roche,Hypothyroidism treatment,Prescription
Ciprofloxacin,Antiplatelet,Injection,5mg,Boehringer Ingelheim,Asthma and allergic rhinitis,Prescription
Neosporin,Topical Antibiotic,Chewable Tablet,125mg,Unilever,Chest congestion and mucus relief,Over-the-Counter
Warfarin,Bronchodilator,Nasal Spray,250mg,Abbott,Depression and anxiety disorders,Prescription
Omeprazole,Skin Protectant,Patch,125mg,Unilever,Allergic rhinitis and hives,Over-the-Counter
Ranitidine,Sleep Aid,Lozenge,150mg,Prestige Brands,Blood clot prevention,Over-the-Counter
Warfarin,Calcium Channel Blocker,Extended Release Tablet,400mcg,Amgen,Type 2 diabetes management,Prescription
Docusate Sodium,Topical Corticosteroid,Tablet,2%,Bayer,Cough suppression,Over-the-Counter
Aluminum Hydroxide,Antiemetic,Lozenge,20mg,Sanofi,GERD and peptic ulcer,Over-the-Counter
Albuterol,Antidiabetic,IV Infusion,400mcg,Novartis,Hypertension and heart failure,Prescription
Clotrimazole,Antiemetic,Lozenge,400mg,P&G,Pain relief and fever reduction,Over-the-Counter
Montelukast,Anticonvulsant,Inhaler,500mg,Novartis,Hypertension management,Prescription
Amlodipine,Bronchodilator,Topical Solution,0.25mg,Bristol-Myers Squibb,Hypertension management,Prescription
Furosemide,Antifungal,Patch,1mg,Amgen,Hypertension management,Prescription
Calcium Carbonate,Antidiarrheal,Cream,2%,Novartis,Pain relief and fever reduction,Over-the-Counter
Clopidogrel,Leukotriene Inhibitor,Extended Release Tablet,50mcg,Johnson & Johnson,Heart attack and stroke prevention,Prescription
Lidocaine Cream,Antacid/H2 Blocker,Capsule,200mg,Johnson & Johnson,Minor pain and itching relief,Over-the-Counter
Amoxicillin,ACE Inhibitor,Nasal Spray,1000mg,Sanofi,Hypothyroidism treatment,Prescription
Azithromycin,Calcium Channel Blocker,Capsule,2mg,Gilead Sciences,Hypertension management,Prescription
Omeprazole,Antiplatelet,Gel,100mg,Bayer,Blood clot prevention,Over-the-Counter
Lisinopril,Diuretic,Topical Solution,100mg,Roche,Asthma and bronchospasm,Prescription
Azithromycin,Corticosteroid,Suppository,20mg,GlaxoSmithKline,Blood clot prevention,Prescription
Dextromethorphan,Antidiarrheal,Powder,2%,Bayer,Acne treatment,Over-the-Counter
Prednisone,Bronchodilator,Capsule,500mg,AstraZeneca,Inflammation and autoimmune disorders,Prescription
Lisinopril,Beta Blocker,IV Infusion,50mg,Roche,Inflammation and autoimmune disorders,Prescription
Aspirin,Topical Anesthetic,Ointment,400mg,Chattem,Minor pain and itching relief,Over-the-Counter
Metronidazole,Antidiabetic,Inhaler,75mg,GlaxoSmithKline,Moderate to severe pain management,Prescription
Amoxicillin,Antibiotic,Liquid,500mg,Gilead Sciences,Fungal infections treatment,Prescription
Meclizine,Acne Treatment,Cream,150mg,Johnson & Johnson,Heartburn and acid reflux,Over-the-Counter
Aluminum Hydroxide,Skin Protectant,Powder,10mg,Prestige Brands,Blood clot prevention,Over-the-Counter
Meclizine,Laxative,Ointment,10mg,Prestige Brands,Pain relief and fever reduction,Over-the-Counter
Oxycodone,Diuretic,Topical Solution,1000mg,Abbott,Inflammation and autoimmune disorders,Prescription
Pseudoephedrine,Topical Anesthetic,Powder,500mg,Bayer,Minor cuts and skin protection,Over-the-Counter
Pseudoephedrine,Antiemetic,Ointment,400mg,3M Healthcare,Heartburn and acid reflux,Over-the-Counter
Fluoxetine,Diuretic,Inhaler,500mg,AstraZeneca,Bacterial infections treatment,Prescription
Oxycodone,Leukotriene Inhibitor,Extended Release Tablet,500mg,Novartis,Type 2 diabetes management,Prescription
Diphenhydramine,Antacid/H2 Blocker,Ointment,400mg,Unilever,Constipation relief,Over-the-Counter
Metformin,Bronchodilator,Capsule,100mcg,Abbott,Blood clot prevention,Prescription
Omeprazole,Antiemetic,Lozenge,2%,3M Healthcare,Pain relief and fever reduction,Over-the-Counter
Miconazole,Antihistamine,Capsule,20mg,3M Healthcare,Insomnia and sleep aid,Over-the-Counter
Omeprazole,Sleep Aid,Gel,20mg,Pfizer,Gas and bloating relief,Over-the-Counter
Fluoxetine,Antidepressant/SSRI,Inhaler,1mg,Johnson & Johnson,Type 2 diabetes management,Prescription
Alprazolam,Diuretic,Patch,100mcg,AstraZeneca,Heart attack and stroke prevention,Prescription
Alprazolam,Antiplatelet,Nasal Spray,150mg,Bristol-Myers Squibb,Edema and hypertension,Prescription
Furosemide,ACE Inhibitor,Topical Solution,2mg,Novartis,Anxiety and panic disorders,Prescription
Loratadine,Antacid,Powder,10mg,Reckitt,Blood clot prevention,Over-the-Counter
Clotrimazole,Antihistamine,Capsule,200mg,Reckitt,Acne treatment,Over-the-Counter
Trimethoprim,Leukotriene Inhibitor,Inhaler,100mcg,AstraZeneca,Epilepsy and neuropathic pain,Prescription
Salicylic Acid,Antacid/PPI,Chewable Tablet,125mg,Prestige Brands,Diarrhea treatment,Over-the-Counter
Bacitracin,Antiemetic,Patch,400mg,Novartis,Minor pain and itching relief,Over-the-Counter
Levothyroxine,Corticosteroid,Sublingual Tablet,50mg,GlaxoSmithKline,Edema and hypertension,Prescription
Meclizine,Antiflatulent,Liquid,2%,Chattem,Blood clot prevention,Over-the-Counter
Cetirizine,Expectorant,Capsule,5mg,Sanofi,Allergic rhinitis and hives,Over-the-Counter
Cetirizine,Topical Corticosteroid,Drops,150mg,Pfizer,Nasal congestion relief,Over-the-Counter
Guaifenesin,Sleep Aid,Spray,10mg,Novartis,Diarrhea treatment,Over-the-Counter
Benzoyl Peroxide,Antihistamine,Powder,2%,Unilever,Minor wound infection prevention,Over-the-Counter
Neosporin,Antacid,Cream,20mg,P&G,Constipation relief,Over-the-Counter
Metoprolol,Beta Blocker,Tablet,1mg,GlaxoSmithKline,Epilepsy and neuropathic pain,Prescription
Sertraline,Anticoagulant,Nasal Spray,75mg,Roche,Hypertension and heart failure,Prescription
Prednisone,Thyroid Hormone,Liquid,20mg,Johnson & Johnson,High cholesterol management,Prescription
Ranitidine,Sleep Aid,Liquid,400mg,Chattem,Minor pain and itching relief,Over-the-Counter
Atorvastatin,Antiplatelet,Injection,2mg,Sanofi,Hypothyroidism treatment,Prescription
Amoxicillin,Corticosteroid,Inhaler,50mcg,Bristol-Myers Squibb,Depression and anxiety disorders,Prescription
Docusate Sodium,Antiplatelet,Tablet,5%,Johnson & Johnson,Diarrhea treatment,Over-the-Counter
Pantoprazole,ACE Inhibitor,Topical Solution,10mg,Sanofi,Hypertension and heart failure,Prescription
Naproxen,Sleep Aid,Capsule,100mg,Unilever,GERD and peptic ulcer,Over-the-Counter
Atorvastatin,Antibiotic,Extended Release Tablet,25mg,Gilead Sciences,Bacterial infections treatment,Prescription
Bismuth Subsalicylate,Topical Anesthetic,Lozenge,1%,Sanofi,Diarrhea treatment,Over-the-Counter
Acetaminophen,Expectorant,Chewable Tablet,10mg,P&G,Acne treatment,Over-the-Counter
Omeprazole,Expectorant,Patch,150mg,Bayer,Minor wound infection prevention,Over-the-Counter
Azithromycin,Calcium Channel Blocker,Inhaler,0.25mg,Eli Lilly,Anxiety and panic disorders,Prescription
Escitalopram,Opioid Analgesic,IV Infusion,0.5mg,Pfizer,Blood clot prevention,Prescription
Bismuth Subsalicylate,Sleep Aid,Drops,125mg,Prestige Brands,Minor cuts and skin protection,Over-the-Counter
Meclizine,Antidiarrheal,Patch,25mg,Pfizer,GERD and peptic ulcer,Over-the-Counter
Ibuprofen,Antiplatelet,Lozenge,325mg,Bayer,GERD and peptic ulcer,Over-the-Counter
Miconazole,Topical Corticosteroid,Capsule,10mg,Bayer,Cough suppression,Over-the-Counter
Bacitracin,Antiemetic,Patch,250mg,Chattem,Acne treatment,Over-the-Counter
Metoprolol,Bronchodilator,IV Infusion,150mg,GlaxoSmithKline,GERD and peptic ulcer disease,Prescription
Clindamycin,Antiplatelet,Topical Solution,100mcg,Roche,Heart attack and stroke prevention,Prescription
Escitalopram,Antidiabetic,Tablet,100mcg,Novartis,Hypothyroidism treatment,Prescription
Docusate Sodium,Skin Protectant,Capsule,5%,Bayer,Blood clot prevention,Over-the-Counter
Diphenhydramine,Antihistamine,Drops,5mg,3M Healthcare,Constipation relief,Over-the-Counter
Albuterol,Diuretic,IV Infusion,500mg,Novartis,Hypothyroidism treatment,Prescription
Famotidine,Antiflatulent,Lozenge,325mg,GSK,Fungal skin infections,Over-the-Counter
Losartan,Diuretic,Nasal Spray,0.5mg,Eli Lilly,Asthma and bronchospasm,Prescription
Calcium Carbonate,Antacid/PPI,Lozenge,250mg,GSK,Acne treatment,Over-the-Counter
Salicylic Acid,Antacid/PPI,Chewable Tablet,400mg,Bayer,Acne treatment,Over-the-Counter
Dexamethasone,ARB,Nasal Spray,75mg,Novartis,Bacterial infections treatment,Prescription
Aluminum Hydroxide,Decongestant,Gel,325mg,Novartis,Acne treatment,Over-the-Counter
Gabapentin,Antidepressant/SSRI,Sublingual Tablet,5mg,Sanofi,Epilepsy and neuropathic pain,Prescription
Lisinopril,PPI,Suppository,5mg,AstraZeneca,High cholesterol management,Prescription
Dexamethasone,Antidepressant/SSRI,IV Infusion,0.25mg,Roche,Asthma and bronchospasm,Prescription
Metronidazole,Leukotriene Inhibitor,Sublingual Tablet,10mg,Sanofi,Epilepsy and neuropathic pain,Prescription
Metformin,Antifungal,Liquid,250mg,Eli Lilly,Hypertension and heart failure,Prescription
Doxycycline,Calcium Channel Blocker,Nasal Spray,0.25mg,Abbott,Hypertension and heart failure,Prescription
Naproxen,Topical Antibiotic,Drops,200mg,Bayer,Minor cuts and skin protection,Over-the-Counter
Doxycycline,Anticonvulsant,Liquid,0.5mg,Novartis,High cholesterol management,Prescription
Loperamide,Topical Anesthetic,Patch,250mg,Novartis,Acne treatment,Over-the-Counter
Meclizine,Cough Suppressant,Patch,20mg,GSK,GERD and peptic ulcer,Over-the-Counter
Guaifenesin,Antiplatelet,Spray,325mg,Pfizer,Gas and bloating relief,Over-the-Counter
Escitalopram,Statin,Patch,500mg,Pfizer,Moderate to severe pain management,Prescription
Hydrocortisone Cream,Decongestant,Liquid,400mg,Chattem,Acne treatment,Over-the-Counter
Furosemide,ACE Inhibitor,Inhaler,100mg,Sanofi,Edema and hypertension,Prescription
Losartan,Bronchodilator,Sublingual Tablet,0.5mg,GlaxoSmithKline,GERD and peptic ulcer disease,Prescription
Meclizine,Expectorant,Lozenge,125mg,Prestige Brands,Cough suppression,Over-the-Counter
Fluoxetine,Antidepressant/SSRI,Sublingual Tablet,200mg,Sanofi,Hypertension management,Prescription
Dextromethorphan,Antacid/PPI,Patch,500mg,P&G,Gas and bloating relief,Over-the-Counter
Salicylic Acid,Antidiarrheal,Cream,325mg,Sanofi,Allergic rhinitis and hives,Over-the-Counter
Albuterol,Antifungal,Patch,100mcg,Novartis,Bacterial infections treatment,Prescription
Loratadine,Skin Protectant,Ointment,100mg,Pfizer,Acne treatment,Over-the-Counter
Hydrocortisone Cream,Antifungal,Spray,2%,Reckitt,Minor wound infection prevention,Over-the-Counter
Neosporin,Antacid/H2 Blocker,Spray,400mg,Prestige Brands,Minor wound infection prevention,Over-the-Counter
Lisinopril,Beta Blocker,Liquid,0.25mg,Abbott,Hypertension and heart failure,Prescription
Azithromycin,Anticonvulsant,IV Infusion,1mg,Sanofi,Hypertension management,Prescription
Omeprazole,Antacid/PPI,Powder,400mg,Chattem,Cough suppression,Over-the-Counter
Pseudoephedrine,Laxative,Tablet,325mg,Johnson & Johnson,Insomnia and sleep aid,Over-the-Counter
Salicylic Acid,Antacid/PPI,Lozenge,200mg,Chattem,Minor wound infection prevention,Over-the-Counter
Loratadine,Antacid,Patch,100mg,Prestige Brands,Gas and bloating relief,Over-the-Counter
Dextromethorphan,Antiplatelet,Drops,5%,Pfizer,Pain relief and fever reduction,Over-the-Counter
Zinc Oxide,Acne Treatment,Chewable Tablet,100mg,P&G,Minor wound infection prevention,Over-the-Counter
Simethicone,Topical Anesthetic,Liquid,5mg,Bayer,Constipation relief,Over-the-Counter
Miconazole,Antiemetic,Capsule,2%,Novartis,Pain relief and fever reduction,Over-the-Counter
Trimethoprim,Anxiolytic/Benzodiazepine,Sublingual Tablet,1mg,Novartis,Hypertension and heart failure,Prescription
Simethicone,Acne Treatment,Powder,150mg,Unilever,Nasal congestion relief,Over-the-Counter
Doxycycline,Calcium Channel Blocker,Extended Release Tablet,250mg,Sanofi,Anxiety and panic disorders,Prescription
Clopidogrel,Opioid Analgesic,Liquid,10mg,Abbott,Inflammation and autoimmune disorders,Prescription
Cetirizine,Antiemetic,Spray,200mg,Unilever,Insomnia and sleep aid,Over-the-Counter
Cetirizine,Topical Antibiotic,Drops,200mg,Novartis,Minor wound infection prevention,Over-the-Counter
Losartan,Statin,Topical Solution,200mg,Gilead Sciences,Heart attack and stroke prevention,Prescription
Gabapentin,Calcium Channel Blocker,Inhaler,200mcg,Bristol-Myers Squibb,Anxiety and panic disorders,Prescription
Neosporin,Sleep Aid,Powder,125mg,Novartis,Cough suppression,Over-the-Counter
Metoprolol,Antiplatelet,Nasal Spray,200mcg,Bristol-Myers Squibb,Moderate to severe pain management,Prescription
Fluoxetine,ARB,Extended Release Tablet,2mg,Eli Lilly,Hypertension and heart failure,Prescription
Loratadine,Antihistamine,Cream,250mg,P&G,Heartburn and indigestion,Over-the-Counter
Albuterol,Leukotriene Inhibitor,Extended Release Tablet,25mg,Eli Lilly,Moderate to severe pain management,Prescription
Amoxicillin,Anticonvulsant,Capsule,25mg,Sanofi,Anxiety and panic disorders,Prescription
Trimethoprim,Calcium Channel Blocker,IV Infusion,250mg,Johnson & Johnson,Hypertension and heart failure,Prescription
Omeprazole,Topical Antibiotic,Lozenge,200mg,Unilever,Heartburn and acid reflux,Over-the-Counter
Lisinopril,Corticosteroid,Topical Solution,25mg,AstraZeneca,Hypertension and heart failure,Prescription
Salicylic Acid,Antacid/PPI,Cream,5%,Reckitt,Allergic rhinitis and hives,Over-the-Counter
Salicylic Acid,Antifungal,Powder,10mg,Sanofi,Minor cuts and skin protection,Over-the-Counter
Ranitidine,Antidiarrheal,Cream,20mg,Novartis,Blood clot prevention,Over-the-Counter
Furosemide,Beta Blocker,IV Infusion,2mg,Sanofi,High cholesterol management,Prescription
Warfarin,Bronchodilator,Nasal Spray,200mcg,Merck,High cholesterol management,Prescription
Cetirizine,Antacid/PPI,Powder,5%,Chattem,Insomnia and sleep aid,Over-the-Counter
Pantoprazole,Antibiotic,Suppository,50mg,Bristol-Myers Squibb,Hypertension management,Prescription
Ibuprofen,Acne Treatment,Drops,5mg,3M Healthcare,Heartburn and indigestion,Over-the-Counter
Dextromethorphan,Antidiarrheal,Gel,1%,Sanofi,Minor wound infection prevention,Over-the-Counter
Pseudoephedrine,Expectorant,Gel,250mg,Unilever,Gas and bloating relief,Over-the-Counter
Aspirin,Antacid,Spray,150mg,Unilever,Minor pain and itching relief,Over-the-Counter
Bismuth Subsalicylate,Antacid,Ointment,325mg,Chattem,Blood clot prevention,Over-the-Counter
Clindamycin,Anticoagulant,Sublingual Tablet,200mg,AstraZeneca,Epilepsy and neuropathic pain,Prescription
Sertraline,Antidiabetic,Liquid,100mcg,Bristol-Myers Squibb,Hypertension and heart failure,Prescription
Diphenhydramine,Antacid/PPI,Liquid,500mg,Johnson & Johnson,Cough suppression,Over-the-Counter
Zinc Oxide,Expectorant,Powder,400mg,Novartis,Pain relief and fever reduction,Over-the-Counter
Naproxen,Antacid,Spray,20mg,Novartis,Blood clot prevention,Over-the-Counter
Furosemide,Anxiolytic/Benzodiazepine,Capsule,500mg,Eli Lilly,Epilepsy and neuropathic pain,Prescription
Montelukast,Beta Blocker,Patch,150mg,Sanofi,Fungal infections treatment,Prescription
Zinc Oxide,Expectorant,Patch,400mg,Sanofi,Chest congestion and mucus relief,Over-the-Counter
Calcium Carbonate,Antihistamine,Liquid,25mg,Bayer,Pain relief and fever reduction,Over-the-Counter
Meclizine,Topical Anesthetic,Patch,25mg,Prestige Brands,Insomnia and sleep aid,Over-the-Counter
Ciprofloxacin,Antidepressant/SSRI,Capsule,400mcg,Gilead Sciences,Hypothyroidism treatment,Prescription
Pregabalin,ACE Inhibitor,Extended Release Tablet,2mg,Novartis,Blood clot prevention,Prescription
Cetirizine,Skin Protectant,Tablet,100mg,Pfizer,Fungal skin infections,Over-the-Counter
Oxycodone,Opioid Analgesic,Inhaler,100mg,Roche,Asthma and bronchospasm,Prescription
Clotrimazole,Analgesic,Liquid,10mg,Reckitt,Heartburn and acid reflux,Over-the-Counter
Furosemide,ARB,Capsule,0.5mg,Sanofi,Hypertension and heart failure,Prescription
Azithromycin,ACE Inhibitor,Liquid,1000mg,Merck,Blood clot prevention,Prescription
Warfarin,Opioid Analgesic,IV Infusion,100mcg,Eli Lilly,Hypertension management,Prescription
Guaifenesin,Expectorant,Ointment,150mg,GSK,Chest congestion and mucus relief,Over-the-Counter
Meclizine,Antacid/PPI,Ointment,5%,P&G,Nasal congestion relief,Over-the-Counter
Pseudoephedrine,Laxative,Capsule,5mg,P&G,Heartburn and indigestion,Over-the-Counter
Lisinopril,Opioid Analgesic,Tablet,500mg,Boehringer Ingelheim,Depression and anxiety disorders,Prescription
Dextromethorphan,Expectorant,Drops,125mg,Reckitt,Cough suppression,Over-the-Counter
Aluminum Hydroxide,Topical Corticosteroid,Lozenge,5%,Unilever,Skin inflammation and itching,Over-the-Counter
Doxycycline,Calcium Channel Blocker,Sublingual Tablet,200mcg,Eli Lilly,GERD and peptic ulcer disease,Prescription
Gabapentin,Corticosteroid,Sublingual Tablet,5mg,Johnson & Johnson,Asthma and bronchospasm,Prescription
Levothyroxine,Beta Blocker,Liquid,100mg,Novartis,Type 2 diabetes management,Prescription
Acetaminophen,Antiflatulent,Patch,200mg,Chattem,Heartburn and indigestion,Over-the-Counter
Hydrocortisone Cream,Analgesic,Patch,10mg,Unilever,Diarrhea treatment,Over-the-Counter
Gabapentin,Antidepressant/SSRI,Topical Solution,5mg,Amgen,Hypertension and heart failure,Prescription
Amoxicillin,Opioid Analgesic,Injection,25mg,Sanofi,Fungal infections treatment,Prescription
Pseudoephedrine,Antiemetic,Ointment,400mg,Chattem,Minor wound infection prevention,Over-the-Counter
Dextromethorphan,Laxative,Tablet,125mg,Chattem,Skin inflammation and itching,Over-the-Counter
Pregabalin,Antibiotic,Capsule,400mcg,Merck,High cholesterol management,Prescription
Atorvastatin,Antibiotic,Suppository,400mcg,Merck,Depression and anxiety disorders,Prescription
Diphenhydramine,Laxative,Drops,325mg,GSK,Nasal congestion relief,Over-the-Counter
Sertraline,Anxiolytic/Benzodiazepine,Liquid,1mg,Merck,Blood clot prevention,Prescription
Losartan,Bronchodilator,Extended Release Tablet,50mcg,Eli Lilly,Hypertension and heart failure,Prescription
Amoxicillin,Thyroid Hormone,Patch,0.25mg,Merck,Blood clot prevention,Prescription
Losartan,Statin,Topical Solution,150mg,Boehringer Ingelheim,Fungal infections treatment,Prescription
Hydrocodone,Anticoagulant,Tablet,200mg,Boehringer Ingelheim,Depression and anxiety disorders,Prescription
Metoprolol,Diuretic,Patch,0.25mg,Eli Lilly,Fungal infections treatment,Prescription
Furosemide,ARB,Inhaler,0.25mg,Gilead Sciences,Hypothyroidism treatment,Prescription
Clindamycin,Corticosteroid,Liquid,75mg,Roche,Hypothyroidism treatment,Prescription
Loperamide,Antacid/H2 Blocker,Tablet,100mg,Reckitt,Fungal skin infections,Over-the-Counter
Bismuth Subsalicylate,Acne Treatment,Liquid,500mg,3M Healthcare,Pain relief and fever reduction,Over-the-Counter
Fluoxetine,Anticoagulant,Nasal Spray,400mcg,Eli Lilly,Asthma and bronchospasm,Prescription
Diphenhydramine,Decongestant,Liquid,400mg,Prestige Brands,GERD and peptic ulcer,Over-the-Counter
Trimethoprim,Statin,Nasal Spray,10mg,GlaxoSmithKline,Heart attack and stroke prevention,Prescription
Zinc Oxide,Expectorant,Chewable Tablet,25mg,GSK,Fungal skin infections,Over-the-Counter
Calcium Carbonate,Topical Anesthetic,Drops,20mg,3M Healthcare,Acne treatment,Over-the-Counter
Albuterol,Calcium Channel Blocker,Tablet,150mg,Amgen,Hypertension and heart failure,Prescription
Clotrimazole,Antiplatelet,Spray,2%,Chattem,GERD and peptic ulcer,Over-the-Counter
Guaifenesin,Antiemetic,Capsule,5mg,Bayer,Minor cuts and skin protection,Over-the-Counter
Pregabalin,Anxiolytic/Benzodiazepine,Inhaler,1000mg,Amgen,Hypertension management,Prescription
Diphenhydramine,Antidiarrheal,Lozenge,500mg,Unilever,Cough suppression,Over-the-Counter
Lidocaine Cream,Antidiarrheal,Cream,400mg,Johnson & Johnson,Motion sickness and nausea,Over-the-Counter
Metformin,Antidepressant/SSRI,Capsule,20mg,Boehringer Ingelheim,Bacterial infections treatment,Prescription
Oxycodone,Antiplatelet,IV Infusion,1mg,Eli Lilly,Moderate to severe pain management,Prescription
Pantoprazole,Opioid Analgesic,Nasal Spray,10mg,Gilead Sciences,Blood clot prevention,Prescription
Metronidazole,PPI,Liquid,2mg,Abbott,Moderate to severe pain management,Prescription
Ciprofloxacin,Antiplatelet,Liquid,250mg,Eli Lilly,Bacterial infections treatment,Prescription
Miconazole,Acne Treatment,Ointment,400mg,Prestige Brands,Heartburn and indigestion,Over-the-Counter
Loratadine,Sleep Aid,Capsule,250mg,Novartis,Motion sickness and nausea,Over-the-Counter
Lidocaine Cream,Topical Anesthetic,Gel,500mg,Novartis,Heartburn and indigestion,Over-the-Counter
Oxycodone,Corticosteroid,IV Infusion,150mg,Merck,High cholesterol management,Prescription
Escitalopram,Leukotriene Inhibitor,IV Infusion,75mg,AstraZeneca,Hypertension and angina,Prescription
Escitalopram,Calcium Channel Blocker,Nasal Spray,75mg,Gilead Sciences,Blood clot prevention,Prescription
Cetirizine,Cough Suppressant,Capsule,200mg,Pfizer,Minor wound infection prevention,Over-the-Counter
Miconazole,Antifungal,Capsule,20mg,Pfizer,Cough suppression,Over-the-Counter
Benzoyl Peroxide,Antiflatulent,Cream,5mg,Sanofi,Motion sickness and nausea,Over-the-Counter
Lidocaine Cream,Topical Corticosteroid,Liquid,20mg,Johnson & Johnson,Constipation relief,Over-the-Counter
Pregabalin,Thyroid Hormone,Extended Release Tablet,2mg,AstraZeneca,Hypertension and angina,Prescription
Gabapentin,ARB,Topical Solution,150mg,Gilead Sciences,Hypertension and angina,Prescription
Naproxen,Antiflatulent,Drops,10mg,Pfizer,Blood clot prevention,Over-the-Counter
Doxycycline,Antiplatelet,Liquid,0.25mg,Merck,Anxiety and panic disorders,Prescription
Zinc Oxide,Analgesic,Lozenge,325mg,GSK,Motion sickness and nausea,Over-the-Counter
Alprazolam,Antidiabetic,Tablet,0.5mg,Gilead Sciences,Epilepsy and neuropathic pain,Prescription
Loratadine,Sleep Aid,Spray,25mg,Bayer,Heartburn and indigestion,Over-the-Counter
Dextromethorphan,Cough Suppressant,Powder,325mg,Pfizer,Minor wound infection prevention,Over-the-Counter
Calcium Carbonate,Cough Suppressant,Gel,2%,3M Healthcare,Motion sickness and nausea,Over-the-Counter
Calcium Carbonate,Antiemetic,Capsule,1%,GSK,Blood clot prevention,Over-the-Counter
Gabapentin,Anticoagulant,Liquid,200mcg,AstraZeneca,Hypertension and heart failure,Prescription
Meclizine,Laxative,Chewable Tablet,250mg,P&G,Minor wound infection prevention,Over-the-Counter
Fluoxetine,Anticoagulant,Inhaler,200mcg,Eli Lilly,Hypertension and heart failure,Prescription
Salicylic Acid,Expectorant,Tablet,150mg,Reckitt,Fungal skin infections,Over-the-Counter
Aluminum Hydroxide,Topical Corticosteroid,Capsule,2%,P&G,Acne treatment,Over-the-Counter
Metoprolol,Anticonvulsant,Topical Solution,0.25mg,Bristol-Myers Squibb,Inflammation and autoimmune disorders,Prescription
Hydrocodone,Antifungal,Liquid,200mg,Sanofi,Epilepsy and neuropathic pain,Prescription
Aluminum Hydroxide,Skin Protectant,Drops,10mg,Bayer,Blood clot prevention,Over-the-Counter
Diphenhydramine,Antiemetic,Cream,125mg,Chattem,Constipation relief,Over-the-Counter
Dextromethorphan,Antacid,Liquid,500mg,Bayer,Heartburn and acid reflux,Over-the-Counter
Pseudoephedrine,Analgesic,Cream,25mg,Sanofi,Motion sickness and nausea,Over-the-Counter
Benzoyl Peroxide,Sleep Aid,Ointment,1%,Pfizer,Acne treatment,Over-the-Counter
Furosemide,Anxiolytic/Benzodiazepine,Patch,100mg,Abbott,Anxiety and panic disorders,Prescription
Acetaminophen,Antiplatelet,Patch,100mg,Johnson & Johnson,Fungal skin infections,Over-the-Counter
Ibuprofen,Antacid,Liquid,5mg,Unilever,Heartburn and acid reflux,Over-the-Counter
Neosporin,Antiemetic,Cream,5%,GSK,Allergic rhinitis and hives,Over-the-Counter
Lisinopril,Anxiolytic/Benzodiazepine,Sublingual Tablet,0.5mg,Sanofi,Hypertension and angina,Prescription
Aspirin,Analgesic,Powder,2%,Reckitt,Gas and bloating relief,Over-the-Counter
Amoxicillin,Statin,Topical Solution,1mg,Amgen,Bacterial infections treatment,Prescription
Furosemide,Diuretic,Sublingual Tablet,200mg,AstraZeneca,Moderate to severe pain management,Prescription
Famotidine,Antiflatulent,Drops,125mg,P&G,Pain relief and fever reduction,Over-the-Counter
Clindamycin,Anxiolytic/Benzodiazepine,IV Infusion,400mcg,Merck,Fungal infections treatment,Prescription
Metformin,Anticoagulant,IV Infusion,150mg,Roche,GERD and peptic ulcer disease,Prescription
Alprazolam,Anticonvulsant,Liquid,20mg,Sanofi,GERD and peptic ulcer disease,Prescription
Furosemide,Beta Blocker,Nasal Spray,50mcg,Roche,GERD and peptic ulcer disease,Prescription
Simethicone,Cough Suppressant,Liquid,150mg,Bayer,Pain relief and fever reduction,Over-the-Counter
Magnesium Hydroxide,Skin Protectant,Chewable Tablet,125mg,Pfizer,Minor cuts and skin protection,Over-the-Counter
Lidocaine Cream,Antacid/PPI,Ointment,2%,Unilever,Allergic rhinitis and hives,Over-the-Counter
Warfarin,Anticoagulant,Capsule,50mg,Merck,Depression and anxiety disorders,Prescription
Neosporin,Antidiarrheal,Gel,25mg,Bayer,Blood clot prevention,Over-the-Counter
Simethicone,Sleep Aid,Gel,1%,Bayer,Gas and bloating relief,Over-the-Counter
Loperamide,Antifungal,Chewable Tablet,100mg,3M Healthcare,Cough suppression,Over-the-Counter
Clindamycin,Anxiolytic/Benzodiazepine,Nasal Spray,20mg,Roche,Type 2 diabetes management,Prescription
Levothyroxine,Antidepressant/SSRI,IV Infusion,400mcg,Roche,Anxiety and panic disorders,Prescription
Naproxen,Sleep Aid,Tablet,10mg,Pfizer,Nasal congestion relief,Over-the-Counter
Bismuth Subsalicylate,Sleep Aid,Drops,2%,Reckitt,Diarrhea treatment,Over-the-Counter
Azithromycin,Antibiotic,Tablet,1000mg,Sanofi,Heart attack and stroke prevention,Prescription
Levothyroxine,Beta Blocker,Liquid,5mg,Roche,Hypertension and angina,Prescription
Benzoyl Peroxide,Antidiarrheal,Lozenge,50mg,Johnson & Johnson,Nasal congestion relief,Over-the-Counter
Clotrimazole,Antacid/PPI,Ointment,1%,Prestige Brands,GERD and peptic ulcer,Over-the-Counter
Aluminum Hydroxide,Topical Antibiotic,Ointment,500mg,Novartis,Allergic rhinitis and hives,Over-the-Counter
Pantoprazole,Antibiotic,Nasal Spray,400mcg,AstraZeneca,Moderate to severe pain management,Prescription
Gabapentin,Anxiolytic/Benzodiazepine,Tablet,5mg,Bristol-Myers Squibb,Asthma and allergic rhinitis,Prescription
Metformin,Antibiotic,Topical Solution,100mcg,Sanofi,Type 2 diabetes management,Prescription
Metronidazole,Thyroid Hormone,Tablet,100mcg,Pfizer,Type 2 diabetes management,Prescription
Clotrimazole,Antiemetic,Ointment,5%,Pfizer,Cough suppression,Over-the-Counter
Prednisone,Antidepressant/SSRI,Tablet,150mg,Gilead Sciences,Bacterial infections treatment,Prescription
Aspirin,Antacid/PPI,Liquid,2%,Bayer,Fungal skin infections,Over-the-Counter
Metoprolol,Corticosteroid,Injection,400mcg,Novartis,GERD and peptic ulcer disease,Prescription
Pregabalin,Leukotriene Inhibitor,Topical Solution,0.5mg,Roche,Hypothyroidism treatment,Prescription
Furosemide,Anticoagulant,Topical Solution,25mg,Johnson & Johnson,Type 2 diabetes management,Prescription
Hydrocortisone Cream,Antiflatulent,Tablet,25mg,Johnson & Johnson,Skin inflammation and itching,Over-the-Counter
Clindamycin,Diuretic,Capsule,50mcg,Gilead Sciences,Hypertension and heart failure,Prescription
Warfarin,Leukotriene Inhibitor,Capsule,0.5mg,Roche,Inflammation and autoimmune disorders,Prescription
Oxycodone,Antidiabetic,Inhaler,1000mg,Boehringer Ingelheim,Epilepsy and neuropathic pain,Prescription
Lidocaine Cream,Antacid,Patch,325mg,Chattem,Minor pain and itching relief,Over-the-Counter
Guaifenesin,Antacid/PPI,Gel,50mg,Johnson & Johnson,Fungal skin infections,Over-the-Counter
Loratadine,Skin Protectant,Tablet,500mg,Johnson & Johnson,Gas and bloating relief,Over-the-Counter
Oxycodone,Anticonvulsant,Inhaler,250mg,Novartis,Epilepsy and neuropathic pain,Prescription
Meclizine,Sleep Aid,Patch,125mg,GSK,Heartburn and indigestion,Over-the-Counter
Clotrimazole,Acne Treatment,Powder,25mg,Novartis,Nasal congestion relief,Over-the-Counter
Hydrocortisone Cream,Antacid/H2 Blocker,Chewable Tablet,500mg,3M Healthcare,Minor cuts and skin protection,Over-the-Counter
Acetaminophen,Sleep Aid,Capsule,500mg,P&G,Minor pain and itching relief,Over-the-Counter
Famotidine,Expectorant,Tablet,25mg,Prestige Brands,Motion sickness and nausea,Over-the-Counter
Hydrocortisone Cream,Topical Corticosteroid,Drops,325mg,GSK,Heartburn and indigestion,Over-the-Counter
Amlodipine,Bronchodilator,Liquid,5mg,Sanofi,Asthma and bronchospasm,Prescription
Bismuth Subsalicylate,Expectorant,Capsule,500mg,GSK,Minor pain and itching relief,Over-the-Counter
Benzoyl Peroxide,Expectorant,Spray,100mg,Sanofi,Cough suppression,Over-the-Counter
Metronidazole,Antifungal,Nasal Spray,500mg,Amgen,GERD and peptic ulcer disease,Prescription
Dexamethasone,Corticosteroid,Nasal Spray,75mg,Gilead Sciences,Depression and anxiety disorders,Prescription
Bismuth Subsalicylate,Antihistamine,Lozenge,500mg,GSK,Heartburn and indigestion,Over-the-Counter
Clindamycin,Opioid Analgesic,Topical Solution,200mg,Pfizer,Hypertension and heart failure,Prescription
Metoprolol,Opioid Analgesic,Suppository,75mg,Merck,High cholesterol management,Prescription
Oxycodone,Antidiabetic,IV Infusion,2mg,Merck,Moderate to severe pain management,Prescription
Warfarin,Antiplatelet,Suppository,0.5mg,GlaxoSmithKline,Hypertension and heart failure,Prescription
Loratadine,Antihistamine,Chewable Tablet,400mg,Prestige Brands,Pain relief and fever reduction,Over-the-Counter
Fluoxetine,Antibiotic,Liquid,20mg,Roche,Type 2 diabetes management,Prescription
Meclizine,Antidiarrheal,Tablet,5%,Johnson & Johnson,Minor cuts and skin protection,Over-the-Counter
Clotrimazole,Skin Protectant,Gel,2%,Johnson & Johnson,Diarrhea treatment,Over-the-Counter
Salicylic Acid,Antacid/PPI,Spray,50mg,Chattem,GERD and peptic ulcer,Over-the-Counter
Clindamycin,Anticoagulant,IV Infusion,1mg,Eli Lilly,Asthma and bronchospasm,Prescription
Prednisone,ACE Inhibitor,Sublingual Tablet,200mg,GlaxoSmithKline,Anxiety and panic disorders,Prescription
Gabapentin,ACE Inhibitor,Extended Release Tablet,150mg,Abbott,Type 2 diabetes management,Prescription
Guaifenesin,Antacid/H2 Blocker,Chewable Tablet,10mg,Pfizer,Gas and bloating relief,Over-the-Counter
Lidocaine Cream,Antacid/H2 Blocker,Drops,1%,P&G,Acne treatment,Over-the-Counter
Diphenhydramine,Cough Suppressant,Tablet,500mg,GSK,Skin inflammation and itching,Over-the-Counter
Benzoyl Peroxide,Antiplatelet,Liquid,250mg,Johnson & Johnson,Minor pain and itching relief,Over-the-Counter
Albuterol,PPI,Nasal Spray,400mcg,Abbott,Epilepsy and neuropathic pain,Prescription
Pregabalin,Antifungal,IV Infusion,10mg,Gilead Sciences,Bacterial infections treatment,Prescription
Lidocaine Cream,Antacid/PPI,Capsule,25mg,GSK,Minor cuts and skin protection,Over-the-Counter
Diphenhydramine,Antihistamine,Lozenge,325mg,Pfizer,Gas and bloating relief,Over-the-Counter
Escitalopram,Thyroid Hormone,Liquid,100mcg,Eli Lilly,Epilepsy and neuropathic pain,Prescription
Clotrimazole,Decongestant,Drops,250mg,Pfizer,Gas and bloating relief,Over-the-Counter
Aspirin,Acne Treatment,Cream,2%,Chattem,Insomnia and sleep aid,Over-the-Counter
Bacitracin,Topical Antibiotic,Tablet,150mg,3M Healthcare,Acne treatment,Over-the-Counter
Azithromycin,Opioid Analgesic,Sublingual Tablet,20mg,Pfizer,Hypertension and angina,Prescription
Atorvastatin,Antibiotic,IV Infusion,0.25mg,Pfizer,Asthma and bronchospasm,Prescription
Pseudoephedrine,Topical Corticosteroid,Chewable Tablet,5%,3M Healthcare,Cough suppression,Over-the-Counter
Ibuprofen,Skin Protectant,Tablet,5mg,Pfizer,Heartburn and acid reflux,Over-the-Counter
Pseudoephedrine,Antihistamine,Capsule,5%,Bayer,Diarrhea treatment,Over-the-Counter
Doxycycline,Thyroid Hormone,Inhaler,25mg,Amgen,Asthma and bronchospasm,Prescription
Levothyroxine,Opioid Analgesic,Tablet,150mg,GlaxoSmithKline,High cholesterol management,Prescription
Salicylic Acid,Skin Protectant,Gel,325mg,Chattem,Pain relief and fever reduction,Over-the-Counter
Clopidogrel,Antifungal,Tablet,0.5mg,Bristol-Myers Squibb,Moderate to severe pain management,Prescription
Clindamycin,Anticoagulant,Liquid,20mg,Boehringer Ingelheim,Depression and anxiety disorders,Prescription
Warfarin,Antidepressant/SSRI,Suppository,200mg,Sanofi,Fungal infections treatment,Prescription
Trimethoprim,Antifungal,Topical Solution,400mcg,GlaxoSmithKline,Hypothyroidism treatment,Prescription
Trimethoprim,Antidepressant/SSRI,Injection,200mg,Amgen,Fungal infections treatment,Prescription
Metronidazole,Bronchodilator,IV Infusion,75mg,Novartis,GERD and peptic ulcer disease,Prescription
Loratadine,Decongestant,Drops,5%,Sanofi,Blood clot prevention,Over-the-Counter
Clopidogrel,Diuretic,Topical Solution,100mg,Roche,Hypertension and angina,Prescription
Metronidazole,Antidiabetic,Suppository,1000mg,Gilead Sciences,Fungal infections treatment,Prescription
Alprazolam,Diuretic,Injection,150mg,Abbott,Anxiety and panic disorders,Prescription
Lidocaine Cream,Antihistamine,Spray,400mg,3M Healthcare,Chest congestion and mucus relief,Over-the-Counter
Meclizine,Antacid/PPI,Patch,400mg,Prestige Brands,Fungal skin infections,Over-the-Counter
Ranitidine,Antiflatulent,Spray,5mg,Chattem,Chest congestion and mucus relief,Over-the-Counter
Warfarin,Leukotriene Inhibitor,Topical Solution,20mg,Bristol-Myers Squibb,Blood clot prevention,Prescription
Benzoyl Peroxide,Expectorant,Gel,1%,Pfizer,Allergic rhinitis and hives,Over-the-Counter
Metoprolol,Diuretic,Liquid,150mg,Gilead Sciences,Asthma and bronchospasm,Prescription
Loperamide,Antacid,Gel,500mg,Novartis,Diarrhea treatment,Over-the-Counter
Clopidogrel,Statin,Extended Release Tablet,75mg,Abbott,Edema and hypertension,Prescription
Metronidazole,Statin,Liquid,250mg,AstraZeneca,Anxiety and panic disorders,Prescription
Gabapentin,Diuretic,Nasal Spray,75mg,GlaxoSmithKline,Depression and anxiety disorders,Prescription
Amoxicillin,Antibiotic,Nasal Spray,400mcg,AstraZeneca,Hypothyroidism treatment,Prescription
Dextromethorphan,Antidiarrheal,Cream,150mg,Pfizer,Gas and bloating relief,Over-the-Counter
Prednisone,Anticoagulant,Nasal Spray,5mg,Gilead Sciences,Epilepsy and neuropathic pain,Prescription
Sertraline,Bronchodilator,IV Infusion,1mg,Roche,Depression and anxiety disorders,Prescription
Dexamethasone,Diuretic,Injection,100mcg,Abbott,Hypothyroidism treatment,Prescription
Zinc Oxide,Antacid/H2 Blocker,Gel,5%,3M Healthcare,Pain relief and fever reduction,Over-the-Counter
Metoprolol,Thyroid Hormone,Extended Release Tablet,100mg,Johnson & Johnson,Type 2 diabetes management,Prescription
Meclizine,Expectorant,Ointment,10mg,Prestige Brands,Chest congestion and mucus relief,Over-the-Counter
Magnesium Hydroxide,Acne Treatment,Powder,1%,Johnson & Johnson,GERD and peptic ulcer,Over-the-Counter
Prednisone,Anticonvulsant,Topical Solution,10mg,Abbott,Type 2 diabetes management,Prescription
Loratadine,Decongestant,Tablet,150mg,Sanofi,Minor cuts and skin protection,Over-the-Counter
Metformin,Thyroid Hormone,Inhaler,1000mg,Pfizer,Hypertension and heart failure,Prescription
Zinc Oxide,Sleep Aid,Chewable Tablet,1%,Sanofi,Insomnia and sleep aid,Over-the-Counter
Furosemide,Corticosteroid,Topical Solution,25mg,Gilead Sciences,Asthma and allergic rhinitis,Prescription
Famotidine,Topical Anesthetic,Tablet,125mg,Pfizer,Minor pain and itching relief,Over-the-Counter
Diphenhydramine,Cough Suppressant,Powder,200mg,P&G,Minor cuts and skin protection,Over-the-Counter
Montelukast,Opioid Analgesic,Liquid,200mg,Bristol-Myers Squibb,Hypertension and angina,Prescription
Dexamethasone,ACE Inhibitor,Tablet,100mg,Johnson & Johnson,Heart attack and stroke prevention,Prescription
Guaifenesin,Acne Treatment,Ointment,325mg,P&G,Cough suppression,Over-the-Counter
Clotrimazole,Antacid/H2 Blocker,Chewable Tablet,100mg,Unilever,Diarrhea treatment,Over-the-Counter
Simethicone,Analgesic,Powder,5mg,3M Healthcare,Pain relief and fever reduction,Over-the-Counter
Famotidine,Expectorant,Chewable Tablet,125mg,Unilever,Acne treatment,Over-the-Counter
Azithromycin,Anxiolytic/Benzodiazepine,Injection,5mg,Pfizer,GERD and peptic ulcer disease,Prescription
Amlodipine,Anxiolytic/Benzodiazepine,Patch,20mg,AstraZeneca,Inflammation and autoimmune disorders,Prescription
Alprazolam,Antifungal,Capsule,200mg,Merck,Depression and anxiety disorders,Prescription
Albuterol,Antidiabetic,Liquid,0.5mg,Sanofi,Hypertension and angina,Prescription
Oxycodone,Corticosteroid,Suppository,0.5mg,Abbott,Hypertension and angina,Prescription
Cetirizine,Antiplatelet,Capsule,100mg,3M Healthcare,Gas and bloating relief,Over-the-Counter
Docusate Sodium,Sleep Aid,Chewable Tablet,125mg,P&G,Constipation relief,Over-the-Counter
Warfarin,Calcium Channel Blocker,Nasal Spray,75mg,GlaxoSmithKline,Heart attack and stroke prevention,Prescription
Escitalopram,Antidiabetic,Injection,50mcg,Amgen,Blood clot prevention,Prescription
Simethicone,Cough Suppressant,Tablet,2%,Unilever,Allergic rhinitis and hives,Over-the-Counter
Clopidogrel,Antidiabetic,Suppository,100mg,Abbott,Type 2 diabetes management,Prescription
Ibuprofen,Acne Treatment,Tablet,50mg,Sanofi,Motion sickness and nausea,Over-the-Counter
Lisinopril,Beta Blocker,Liquid,0.25mg,GlaxoSmithKline,Asthma and allergic rhinitis,Prescription
Guaifenesin,Antidiarrheal,Liquid,400mg,Pfizer,Acne treatment,Over-the-Counter
Bismuth Subsalicylate,Antiflatulent,Liquid,5mg,Reckitt,Blood clot prevention,Over-the-Counter
Trimethoprim,Corticosteroid,Nasal Spray,200mcg,Eli Lilly,Hypertension management,Prescription
Pantoprazole,Opioid Analgesic,Injection,50mcg,Roche,Blood clot prevention,Prescription
Furosemide,Anticonvulsant,Extended Release Tablet,150mg,Eli Lilly,Anxiety and panic disorders,Prescription
Ibuprofen,Decongestant,Spray,150mg,Reckitt,Diarrhea treatment,Over-the-Counter
Losartan,Statin,Inhaler,25mg,AstraZeneca,Heart attack and stroke prevention,Prescription
Trimethoprim,Thyroid Hormone,Injection,250mg,Merck,Hypertension and angina,Prescription
Aspirin,Decongestant,Lozenge,400mg,Unilever,Nasal congestion relief,Over-the-Counter
Clotrimazole,Sleep Aid,Cream,10mg,3M Healthcare,Minor pain and itching relief,Over-the-Counter
Montelukast,Antifungal,Nasal Spray,50mcg,Roche,Hypertension and heart failure,Prescription
Miconazole,Antacid/PPI,Gel,125mg,GSK,Motion sickness and nausea,Over-the-Counter
Ibuprofen,Analgesic,Patch,2%,Unilever,Motion sickness and nausea,Over-the-Counter
Metoprolol,Beta Blocker,Patch,200mg,GlaxoSmithKline,Fungal infections treatment,Prescription
Ibuprofen,Decongestant,Gel,5mg,GSK,GERD and peptic ulcer,Over-the-Counter
Dextromethorphan,Antihistamine,Liquid,2%,3M Healthcare,Motion sickness and nausea,Over-the-Counter
Gabapentin,PPI,Topical Solution,50mg,Gilead Sciences,Edema and hypertension,Prescription
Salicylic Acid,Decongestant,Powder,5mg,P&G,Nasal congestion relief,Over-the-Counter
Losartan,Beta Blocker,Patch,25mg,Bristol-Myers Squibb,Hypothyroidism treatment,Prescription
Oxycodone,Antibiotic,Liquid,2mg,Gilead Sciences,Type 2 diabetes management,Prescription
Aluminum Hydroxide,Antiplatelet,Drops,2%,Johnson & Johnson,Skin inflammation and itching,Over-the-Counter
Salicylic Acid,Skin Protectant,Tablet,325mg,Pfizer,Acne treatment,Over-the-Counter
Famotidine,Antiemetic,Spray,20mg,3M Healthcare,Allergic rhinitis and hives,Over-the-Counter
Miconazole,Expectorant,Drops,250mg,Bayer,Gas and bloating relief,Over-the-Counter
Bismuth Subsalicylate,Antiemetic,Ointment,10mg,Chattem,Heartburn and indigestion,Over-the-Counter
Pregabalin,Beta Blocker,Injection,25mg,Pfizer,Moderate to severe pain management,Prescription
Hydrocodone,Leukotriene Inhibitor,IV Infusion,100mg,Sanofi,Inflammation and autoimmune disorders,Prescription
Aspirin,Skin Protectant,Ointment,20mg,Prestige Brands,Gas and bloating relief,Over-the-Counter
Cetirizine,Antifungal,Powder,150mg,Chattem,Minor pain and itching relief,Over-the-Counter
Salicylic Acid,Cough Suppressant,Tablet,20mg,Unilever,Pain relief and fever reduction,Over-the-Counter
Miconazole,Acne Treatment,Spray,10mg,Novartis,Cough suppression,Over-the-Counter
Albuterol,Leukotriene Inhibitor,Capsule,50mcg,AstraZeneca,Asthma and allergic rhinitis,Prescription
Zinc Oxide,Topical Corticosteroid,Drops,10mg,Chattem,Constipation relief,Over-the-Counter
Bacitracin,Skin Protectant,Drops,1%,Chattem,Minor cuts and skin protection,Over-the-Counter
Neosporin,Expectorant,Spray,1%,Novartis,Minor wound infection prevention,Over-the-Counter
Hydrocortisone Cream,Expectorant,Drops,10mg,Novartis,Chest congestion and mucus relief,Over-the-Counter
Salicylic Acid,Antacid/H2 Blocker,Patch,1%,Bayer,Acne treatment,Over-the-Counter
Alprazolam,Anticoagulant,Suppository,400mcg,Abbott,Hypertension and heart failure,Prescription
Metronidazole,Corticosteroid,Liquid,100mg,AstraZeneca,Heart attack and stroke prevention,Prescription
Oxycodone,Thyroid Hormone,Liquid,50mg,Roche,Bacterial infections treatment,Prescription
Bacitracin,Laxative,Powder,250mg,GSK,Chest congestion and mucus relief,Over-the-Counter
Metoprolol,ARB,Capsule,50mcg,Johnson & Johnson,Edema and hypertension,Prescription
Levothyroxine,Leukotriene Inhibitor,Extended Release Tablet,25mg,Merck,Inflammation and autoimmune disorders,Prescription
Doxycycline,Antidepressant/SSRI,IV Infusion,10mg,Johnson & Johnson,Inflammation and autoimmune disorders,Prescription
Amoxicillin,Opioid Analgesic,Patch,10mg,Bristol-Myers Squibb,Asthma and bronchospasm,Prescription
Calcium Carbonate,Topical Antibiotic,Lozenge,50mg,Unilever,Acne treatment,Over-the-Counter
Zinc Oxide,Sleep Aid,Drops,2%,Johnson & Johnson,Heartburn and acid reflux,Over-the-Counter
Docusate Sodium,Sleep Aid,Gel,400mg,Novartis,Heartburn and acid reflux,Over-the-Counter
Aluminum Hydroxide,Topical Anesthetic,Chewable Tablet,400mg,Johnson & Johnson,Allergic rhinitis and hives,Over-the-Counter
Docusate Sodium,Antiplatelet,Ointment,25mg,Chattem,Chest congestion and mucus relief,Over-the-Counter
Lisinopril,Antibiotic,Patch,10mg,Abbott,Asthma and allergic rhinitis,Prescription
Salicylic Acid,Topical Anesthetic,Patch,25mg,GSK,Minor cuts and skin protection,Over-the-Counter
Ciprofloxacin,Antibiotic,Nasal Spray,75mg,Bristol-Myers Squibb,High cholesterol management,Prescription
Azithromycin,Antiplatelet,Patch,200mg,Merck,Hypertension and heart failure,Prescription
Furosemide,Anticoagulant,Patch,75mg,Abbott,Depression and anxiety disorders,Prescription
Aspirin,Antiemetic,Tablet,25mg,Novartis,Acne treatment,Over-the-Counter
Dexamethasone,Opioid Analgesic,Capsule,200mcg,Roche,Hypertension and heart failure,Prescription
Azithromycin,Anticoagulant,Injection,100mcg,Bristol-Myers Squibb,Heart attack and stroke prevention,Prescription
Prednisone,Bronchodilator,Extended Release Tablet,250mg,GlaxoSmithKline,Hypothyroidism treatment,Prescription
Cetirizine,Decongestant,Tablet,50mg,Reckitt,Cough suppression,Over-the-Counter
Miconazole,Antidiarrheal,Ointment,250mg,Bayer,Acne treatment,Over-the-Counter
Metformin,Leukotriene Inhibitor,Extended Release Tablet,20mg,AstraZeneca,Asthma and allergic rhinitis,Prescription
Aluminum Hydroxide,Antacid,Capsule,325mg,Johnson & Johnson,Nasal congestion relief,Over-the-Counter
Escitalopram,Antibiotic,IV Infusion,5mg,Johnson & Johnson,Asthma and bronchospasm,Prescription
Oxycodone,Antifungal,Capsule,10mg,Roche,Heart attack and stroke prevention,Prescription
Furosemide,Thyroid Hormone,Topical Solution,75mg,AstraZeneca,Edema and hypertension,Prescription
Pantoprazole,Statin,Extended Release Tablet,10mg,Pfizer,Edema and hypertension,Prescription
Furosemide,Thyroid Hormone,Patch,75mg,GlaxoSmithKline,Type 2 diabetes management,Prescription
Prednisone,Anticonvulsant,Tablet,500mg,Boehringer Ingelheim,Anxiety and panic disorders,Prescription
Acetaminophen,Topical Antibiotic,Drops,325mg,Prestige Brands,Chest congestion and mucus relief,Over-the-Counter
Furosemide,Bronchodilator,Capsule,500mg,Pfizer,Epilepsy and neuropathic pain,Prescription
Ranitidine,Antiflatulent,Lozenge,250mg,Bayer,Motion sickness and nausea,Over-the-Counter
Alprazolam,ARB,Injection,0.5mg,GlaxoSmithKline,Moderate to severe pain management,Prescription
Zinc Oxide,Antacid,Gel,100mg,Johnson & Johnson,Cough suppression,Over-the-Counter
Losartan,Beta Blocker,Injection,50mcg,Merck,Hypertension and heart failure,Prescription
Loperamide,Antidiarrheal,Gel,25mg,Sanofi,Heartburn and acid reflux,Over-the-Counter
Dextromethorphan,Topical Corticosteroid,Chewable Tablet,100mg,Johnson & Johnson,Blood clot prevention,Over-the-Counter
Gabapentin,Diuretic,Patch,10mg,Roche,Hypertension and angina,Prescription
Ranitidine,Laxative,Tablet,400mg,Unilever,Heartburn and indigestion,Over-the-Counter
Doxycycline,Antiplatelet,Sublingual Tablet,75mg,Eli Lilly,GERD and peptic ulcer disease,Prescription
Pantoprazole,ACE Inhibitor,Inhaler,100mcg,Amgen,Hypertension and angina,Prescription
Amoxicillin,Antibiotic,Nasal Spray,500mg,Boehringer Ingelheim,Blood clot prevention,Prescription
Montelukast,Anticonvulsant,Tablet,5mg,Novartis,High cholesterol management,Prescription
Benzoyl Peroxide,Topical Anesthetic,Gel,400mg,P&G,Minor cuts and skin protection,Over-the-Counter
Doxycycline,Diuretic,Topical Solution,25mg,Amgen,Type 2 diabetes management,Prescription
Atorvastatin,Leukotriene Inhibitor,Topical Solution,400mcg,GlaxoSmithKline,Epilepsy and neuropathic pain,Prescription
Pregabalin,Anticoagulant,Suppository,25mg,GlaxoSmithKline,Bacterial infections treatment,Prescription
Clopidogrel,PPI,Capsule,250mg,Abbott,Type 2 diabetes management,Prescription
Trimethoprim,Antifungal,Capsule,150mg,Eli Lilly,Hypertension and angina,Prescription
Furosemide,Antibiotic,Tablet,10mg,Pfizer,Asthma and allergic rhinitis,Prescription
Clotrimazole,Skin Protectant,Capsule,20mg,Sanofi,Skin inflammation and itching,Over-the-Counter
Magnesium Hydroxide,Antiflatulent,Spray,10mg,Reckitt,Chest congestion and mucus relief,Over-the-Counter
Clindamycin,Antifungal,Topical Solution,150mg,Johnson & Johnson,Asthma and bronchospasm,Prescription
Meclizine,Skin Protectant,Tablet,10mg,3M Healthcare,Gas and bloating relief,Over-the-Counter
Benzoyl Peroxide,Antihistamine,Liquid,125mg,Reckitt,Motion sickness and nausea,Over-the-Counter
Clotrimazole,Antiemetic,Patch,2%,Chattem,Minor pain and itching relief,Over-the-Counter
Hydrocortisone Cream,Antiflatulent,Lozenge,10mg,Sanofi,Minor cuts and skin protection,Over-the-Counter
Aluminum Hydroxide,Topical Antibiotic,Lozenge,1%,Unilever,Minor wound infection prevention,Over-the-Counter
Salicylic Acid,Cough Suppressant,Capsule,50mg,Chattem,Nasal congestion relief,Over-the-Counter
Levothyroxine,Antidepressant/SSRI,Nasal Spray,400mcg,Johnson & Johnson,Fungal infections treatment,Prescription
Simethicone,Sleep Aid,Ointment,5%,Unilever,Minor pain and itching relief,Over-the-Counter
Docusate Sodium,Antiflatulent,Chewable Tablet,325mg,Reckitt,Minor pain and itching relief,Over-the-Counter
Montelukast,Corticosteroid,IV Infusion,500mg,GlaxoSmithKline,Moderate to severe pain management,Prescription
Omeprazole,Antihistamine,Spray,5%,Johnson & Johnson,Insomnia and sleep aid,Over-the-Counter
Famotidine,Cough Suppressant,Ointment,5mg,Unilever,Allergic rhinitis and hives,Over-the-Counter
Salicylic Acid,Expectorant,Spray,2%,Prestige Brands,Nasal congestion relief,Over-the-Counter
Hydrocortisone Cream,Topical Anesthetic,Drops,10mg,Reckitt,Chest congestion and mucus relief,Over-the-Counter
Guaifenesin,Skin Protectant,Ointment,100mg,Bayer,Heartburn and indigestion,Over-the-Counter
Zinc Oxide,Topical Antibiotic,Lozenge,1%,Prestige Brands,Nasal congestion relief,Over-the-Counter
Montelukast,ARB,Tablet,10mg,Abbott,Hypertension and heart failure,Prescription
Diphenhydramine,Decongestant,Ointment,400mg,3M Healthcare,Acne treatment,Over-the-Counter
Hydrocodone,Opioid Analgesic,Injection,50mg,Novartis,Epilepsy and neuropathic pain,Prescription
Pantoprazole,Antibiotic,Extended Release Tablet,2mg,Eli Lilly,Heart attack and stroke prevention,Prescription
Zinc Oxide,Analgesic,Powder,5mg,Sanofi,Allergic rhinitis and hives,Over-the-Counter
Ranitidine,Expectorant,Chewable Tablet,325mg,GSK,GERD and peptic ulcer,Over-the-Counter
Escitalopram,Anxiolytic/Benzodiazepine,Capsule,10mg,Novartis,Anxiety and panic disorders,Prescription
Trimethoprim,Corticosteroid,Tablet,200mg,Eli Lilly,Asthma and bronchospasm,Prescription
Ibuprofen,Decongestant,Ointment,10mg,Prestige Brands,Fungal skin infections,Over-the-Counter
Doxycycline,Antidiabetic,Capsule,500mg,Amgen,Fungal infections treatment,Prescription
Oxycodone,Anticoagulant,Liquid,500mg,Johnson & Johnson,Anxiety and panic disorders,Prescription
Trimethoprim,Anticonvulsant,Nasal Spray,75mg,Bristol-Myers Squibb,Hypertension and heart failure,Prescription
Atorvastatin,Antidiabetic,Inhaler,2mg,Pfizer,GERD and peptic ulcer disease,Prescription
Docusate Sodium,Laxative,Powder,400mg,Unilever,Heartburn and indigestion,Over-the-Counter
Dexamethasone,Leukotriene Inhibitor,Extended Release Tablet,200mcg,Merck,Hypertension and heart failure,Prescription
Amlodipine,Leukotriene Inhibitor,Inhaler,150mg,Merck,GERD and peptic ulcer disease,Prescription
Simethicone,Antiflatulent,Ointment,20mg,Sanofi,Gas and bloating relief,Over-the-Counter
Hydrocortisone Cream,Antifungal,Drops,200mg,Reckitt,Constipation relief,Over-the-Counter
Fluoxetine,Antidepressant/SSRI,Tablet,500mg,Amgen,Asthma and bronchospasm,Prescription
Ciprofloxacin,Corticosteroid,Extended Release Tablet,10mg,Sanofi,Hypertension and angina,Prescription
Gabapentin,ACE Inhibitor,IV Infusion,75mg,Johnson & Johnson,Inflammation and autoimmune disorders,Prescription
Gabapentin,ACE Inhibitor,Extended Release Tablet,20mg,AstraZeneca,Hypertension management,Prescription
Trimethoprim,Opioid Analgesic,Suppository,100mg,AstraZeneca,Heart attack and stroke prevention,Prescription
Zinc Oxide,Acne Treatment,Drops,100mg,Novartis,Insomnia and sleep aid,Over-the-Counter
Clotrimazole,Acne Treatment,Spray,2%,Sanofi,Motion sickness and nausea,Over-the-Counter
Hydrocodone,Anticoagulant,IV Infusion,50mcg,Eli Lilly,Hypertension management,Prescription
Salicylic Acid,Antacid/PPI,Gel,100mg,Johnson & Johnson,Gas and bloating relief,Over-the-Counter
Neosporin,Antacid/H2 Blocker,Lozenge,125mg,Johnson & Johnson,Heartburn and indigestion,Over-the-Counter
Alprazolam,Antidepressant/SSRI,Tablet,500mg,Bristol-Myers Squibb,Type 2 diabetes management,Prescription
Amlodipine,Corticosteroid,IV Infusion,200mcg,Johnson & Johnson,Asthma and bronchospasm,Prescription
Pantoprazole,Bronchodilator,IV Infusion,50mg,Pfizer,Fungal infections treatment,Prescription
Amlodipine,Antidepressant/SSRI,IV Infusion,100mg,Eli Lilly,Edema and hypertension,Prescription
Prednisone,Antidiabetic,Patch,150mg,AstraZeneca,Blood clot prevention,Prescription
Loperamide,Antifungal,Drops,500mg,Prestige Brands,Minor wound infection prevention,Over-the-Counter
Sertraline,Diuretic,IV Infusion,150mg,Bristol-Myers Squibb,Hypertension management,Prescription
Albuterol,Antidepressant/SSRI,Patch,0.5mg,Pfizer,Heart attack and stroke prevention,Prescription
Doxycycline,Antibiotic,Extended Release Tablet,1mg,Amgen,Hypertension and heart failure,Prescription
Atorvastatin,ARB,Injection,75mg,GlaxoSmithKline,Epilepsy and neuropathic pain,Prescription
Gabapentin,Anticoagulant,Topical Solution,0.25mg,AstraZeneca,High cholesterol management,Prescription
Clindamycin,Antidepressant/SSRI,Nasal Spray,100mg,Sanofi,Moderate to severe pain management,Prescription
Prednisone,Corticosteroid,Sublingual Tablet,25mg,Novartis,Depression and anxiety disorders,Prescription
Salicylic Acid,Cough Suppressant,Capsule,400mg,Unilever,Blood clot prevention,Over-the-Counter
Dexamethasone,Antidepressant/SSRI,Liquid,0.5mg,Roche,Type 2 diabetes management,Prescription
Famotidine,Acne Treatment,Chewable Tablet,125mg,Novartis,Diarrhea treatment,Over-the-Counter
Docusate Sodium,Analgesic,Liquid,5mg,Prestige Brands,Diarrhea treatment,Over-the-Counter
Miconazole,Antiflatulent,Tablet,200mg,Johnson & Johnson,Heartburn and indigestion,Over-the-Counter
Prednisone,Anxiolytic/Benzodiazepine,Nasal Spray,0.25mg,Gilead Sciences,Heart attack and stroke prevention,Prescription
Bismuth Subsalicylate,Antacid,Lozenge,50mg,Prestige Brands,Minor pain and itching relief,Over-the-Counter
Metformin,Calcium Channel Blocker,Extended Release Tablet,0.5mg,Bristol-Myers Squibb,Hypothyroidism treatment,Prescription
Loperamide,Antiemetic,Cream,100mg,Chattem,Skin inflammation and itching,Over-the-Counter
Meclizine,Skin Protectant,Spray,325mg,Sanofi,Cough suppression,Over-the-Counter
Furosemide,Antibiotic,Liquid,20mg,Novartis,Hypertension and heart failure,Prescription
Loratadine,Expectorant,Patch,2%,Bayer,Heartburn and indigestion,Over-the-Counter
Fluoxetine,Anxiolytic/Benzodiazepine,Capsule,20mg,Johnson & Johnson,Heart attack and stroke prevention,Prescription
Montelukast,ACE Inhibitor,Patch,0.5mg,Bristol-Myers Squibb,Depression and anxiety disorders,Prescription
Neosporin,Antacid/PPI,Ointment,5mg,Pfizer,Acne treatment,Over-the-Counter
Bismuth Subsalicylate,Antacid/PPI,Gel,25mg,Chattem,Heartburn and indigestion,Over-the-Counter
Loperamide,Cough Suppressant,Spray,100mg,Chattem,Insomnia and sleep aid,Over-the-Counter
Metformin,ARB,IV Infusion,400mcg,Bristol-Myers Squibb,GERD and peptic ulcer disease,Prescription
Ranitidine,Topical Corticosteroid,Cream,150mg,P&G,Minor pain and itching relief,Over-the-Counter
Azithromycin,Statin,Patch,150mg,Eli Lilly,Asthma and bronchospasm,Prescription
Pregabalin,Antifungal,Sublingual Tablet,50mcg,Merck,Hypertension and heart failure,Prescription
Naproxen,Expectorant,Patch,325mg,Bayer,Acne treatment,Over-the-Counter
Docusate Sodium,Antidiarrheal,Capsule,100mg,Unilever,Minor pain and itching relief,Over-the-Counter
Warfarin,Calcium Channel Blocker,Suppository,150mg,Boehringer Ingelheim,Bacterial infections treatment,Prescription
Fluoxetine,Thyroid Hormone,IV Infusion,75mg,Bristol-Myers Squibb,Heart attack and stroke prevention,Prescription
Guaifenesin,Analgesic,Liquid,20mg,P&G,GERD and peptic ulcer,Over-the-Counter
Clindamycin,Antifungal,Capsule,200mg,Roche,Anxiety and panic disorders,Prescription
Salicylic Acid,Antihistamine,Lozenge,1%,3M Healthcare,Fungal skin infections,Over-the-Counter
Doxycycline,Antiplatelet,Nasal Spray,150mg,AstraZeneca,Hypertension and angina,Prescription
Clopidogrel,Anticoagulant,Capsule,1000mg,Boehringer Ingelheim,Hypertension and angina,Prescription
Lisinopril,ARB,Patch,0.5mg,Johnson & Johnson,Asthma and bronchospasm,Prescription
Aluminum Hydroxide,Antacid/H2 Blocker,Lozenge,400mg,Pfizer,Cough suppression,Over-the-Counter
Neosporin,Antiplatelet,Cream,500mg,Bayer,Blood clot prevention,Over-the-Counter
Doxycycline,ACE Inhibitor,Liquid,20mg,Sanofi,Hypertension and heart failure,Prescription
Guaifenesin,Topical Antibiotic,Ointment,20mg,Pfizer,Heartburn and acid reflux,Over-the-Counter
Loratadine,Skin Protectant,Spray,5mg,Sanofi,Allergic rhinitis and hives,Over-the-Counter
Amlodipine,ACE Inhibitor,Capsule,100mcg,Amgen,Bacterial infections treatment,Prescription
Metformin,Diuretic,Extended Release Tablet,10mg,Pfizer,GERD and peptic ulcer disease,Prescription
Fluoxetine,Antidepressant/SSRI,Suppository,75mg,Johnson & Johnson,Hypertension management,Prescription
Ciprofloxacin,Leukotriene Inhibitor,Patch,400mcg,AstraZeneca,Hypothyroidism treatment,Prescription
Escitalopram,Calcium Channel Blocker,Patch,25mg,Bristol-Myers Squibb,GERD and peptic ulcer disease,Prescription
Calcium Carbonate,Antihistamine,Gel,250mg,Sanofi,Constipation relief,Over-the-Counter
Calcium Carbonate,Acne Treatment,Ointment,50mg,Pfizer,Minor pain and itching relief,Over-the-Counter
Miconazole,Antihistamine,Capsule,200mg,Sanofi,Fungal skin infections,Over-the-Counter
Loperamide,Acne Treatment,Patch,10mg,Novartis,Acne treatment,Over-the-Counter
Benzoyl Peroxide,Cough Suppressant,Patch,2%,GSK,Minor cuts and skin protection,Over-the-Counter
Pantoprazole,ACE Inhibitor,Liquid,0.25mg,Pfizer,Hypothyroidism treatment,Prescription
Guaifenesin,Antihistamine,Spray,100mg,P&G,GERD and peptic ulcer,Over-the-Counter
Clindamycin,Thyroid Hormone,Tablet,1000mg,Roche,Blood clot prevention,Prescription
Warfarin,Statin,Tablet,500mg,Amgen,High cholesterol management,Prescription
Metformin,Anxiolytic/Benzodiazepine,Inhaler,200mcg,Gilead Sciences,Hypertension and heart failure,Prescription
Furosemide,Antiplatelet,Extended Release Tablet,150mg,Pfizer,Hypothyroidism treatment,Prescription
Doxycycline,Statin,Capsule,400mcg,Johnson & Johnson,Hypothyroidism treatment,Prescription
Lidocaine Cream,Antifungal,Powder,325mg,Novartis,Chest congestion and mucus relief,Over-the-Counter
Ibuprofen,Skin Protectant,Gel,100mg,P&G,Minor pain and itching relief,Over-the-Counter
Amoxicillin,Beta Blocker,Tablet,50mg,Gilead Sciences,Asthma and allergic rhinitis,Prescription
Oxycodone,ACE Inhibitor,Sublingual Tablet,400mcg,Amgen,Hypothyroidism treatment,Prescription
Loperamide,Skin Protectant,Patch,125mg,Novartis,Gas and bloating relief,Over-the-Counter
Simethicone,Skin Protectant,Tablet,50mg,3M Healthcare,Diarrhea treatment,Over-the-Counter
Neosporin,Decongestant,Gel,125mg,Unilever,Pain relief and fever reduction,Over-the-Counter
Hydrocodone,Anxiolytic/Benzodiazepine,IV Infusion,50mcg,Amgen,Epilepsy and neuropathic pain,Prescription
Docusate Sodium,Acne Treatment,Spray,250mg,Unilever,Minor wound infection prevention,Over-the-Counter
Aluminum Hydroxide,Antihistamine,Liquid,500mg,P&G,Gas and bloating relief,Over-the-Counter
Zinc Oxide,Antifungal,Powder,1%,Sanofi,Cough suppression,Over-the-Counter
Amoxicillin,Calcium Channel Blocker,Suppository,200mcg,Boehringer Ingelheim,Hypothyroidism treatment,Prescription
Famotidine,Antacid/PPI,Gel,50mg,GSK,Allergic rhinitis and hives,Over-the-Counter
Azithromycin,Anticonvulsant,Capsule,25mg,Pfizer,Blood clot prevention,Prescription
Acetaminophen,Cough Suppressant,Ointment,150mg,Sanofi,Constipation relief,Over-the-Counter
Aspirin,Sleep Aid,Ointment,25mg,Prestige Brands,Nasal congestion relief,Over-the-Counter
Calcium Carbonate,Sleep Aid,Chewable Tablet,150mg,P&G,Pain relief and fever reduction,Over-the-Counter
Cetirizine,Expectorant,Powder,150mg,Novartis,Blood clot prevention,Over-the-Counter
Miconazole,Decongestant,Powder,125mg,Johnson & Johnson,Allergic rhinitis and hives,Over-the-Counter
Miconazole,Decongestant,Liquid,250mg,3M Healthcare,Motion sickness and nausea,Over-the-Counter
Azithromycin,Anticonvulsant,IV Infusion,50mcg,Roche,GERD and peptic ulcer disease,Prescription
Atorvastatin,Anxiolytic/Benzodiazepine,Sublingual Tablet,0.25mg,Novartis,Asthma and bronchospasm,Prescription
Pseudoephedrine,Laxative,Liquid,400mg,Johnson & Johnson,Acne treatment,Over-the-Counter
Magnesium Hydroxide,Skin Protectant,Spray,20mg,P&G,Constipation relief,Over-the-Counter
Clotrimazole,Analgesic,Capsule,250mg,Sanofi,Gas and bloating relief,Over-the-Counter
Trimethoprim,ARB,Patch,250mg,Gilead Sciences,Hypertension management,Prescription
Losartan,ARB,Patch,200mg,Amgen,Blood clot prevention,Prescription
Famotidine,Topical Anesthetic,Tablet,125mg,Sanofi,Minor cuts and skin protection,Over-the-Counter
Cetirizine,Antacid/PPI,Drops,25mg,Sanofi,Cough suppression,Over-the-Counter
Azithromycin,Corticosteroid,Inhaler,100mg,Abbott,Blood clot prevention,Prescription
Omeprazole,Antacid/H2 Blocker,Patch,400mg,Novartis,Minor cuts and skin protection,Over-the-Counter
Dexamethasone,ACE Inhibitor,Sublingual Tablet,20mg,Pfizer,Hypertension and heart failure,Prescription
Sertraline,Leukotriene Inhibitor,Patch,100mg,Sanofi,Bacterial infections treatment,Prescription
Lidocaine Cream,Topical Antibiotic,Liquid,400mg,Pfizer,Allergic rhinitis and hives,Over-the-Counter
Sertraline,Leukotriene Inhibitor,Topical Solution,400mcg,Bristol-Myers Squibb,Fungal infections treatment,Prescription
Calcium Carbonate,Antiemetic,Spray,100mg,Pfizer,Chest congestion and mucus relief,Over-the-Counter
Warfarin,PPI,Capsule,100mg,Sanofi,Heart attack and stroke prevention,Prescription
Zinc Oxide,Analgesic,Liquid,200mg,Johnson & Johnson,Insomnia and sleep aid,Over-the-Counter
Aluminum Hydroxide,Decongestant,Patch,25mg,Pfizer,Minor wound infection prevention,Over-the-Counter
Ciprofloxacin,Antifungal,Tablet,1mg,Amgen,Inflammation and autoimmune disorders,Prescription
Zinc Oxide,Antiemetic,Tablet,100mg,Johnson & Johnson,Fungal skin infections,Over-the-Counter
Meclizine,Antacid/H2 Blocker,Patch,200mg,P&G,Minor wound infection prevention,Over-the-Counter
Atorvastatin,Antibiotic,Injection,500mg,Eli Lilly,Inflammation and autoimmune disorders,Prescription
Fluoxetine,ARB,Tablet,400mcg,Johnson & Johnson,Type 2 diabetes management,Prescription
Pseudoephedrine,Antiplatelet,Cream,400mg,GSK,Allergic rhinitis and hives,Over-the-Counter
Guaifenesin,Topical Antibiotic,Drops,400mg,Johnson & Johnson,Blood clot prevention,Over-the-Counter
Acetaminophen,Topical Antibiotic,Drops,500mg,Sanofi,Nasal congestion relief,Over-the-Counter
Ciprofloxacin,ACE Inhibitor,Injection,200mcg,Eli Lilly,High cholesterol management,Prescription
Oxycodone,Antifungal,Capsule,500mg,Pfizer,Moderate to severe pain management,Prescription
Cetirizine,Antiemetic,Capsule,100mg,Chattem,Heartburn and indigestion,Over-the-Counter
Acetaminophen,Antiplatelet,Cream,5mg,Pfizer,Diarrhea treatment,Over-the-Counter
Bacitracin,Decongestant,Spray,100mg,GSK,Chest congestion and mucus relief,Over-the-Counter
Lisinopril,Antidiabetic,Suppository,100mcg,Eli Lilly,Hypertension and angina,Prescription
Acetaminophen,Sleep Aid,Powder,2%,Pfizer,Gas and bloating relief,Over-the-Counter
Alprazolam,Leukotriene Inhibitor,Extended Release Tablet,2mg,Novartis,Depression and anxiety disorders,Prescription
Guaifenesin,Expectorant,Drops,20mg,Chattem,Blood clot prevention,Over-the-Counter
Prednisone,Anxiolytic/Benzodiazepine,Patch,1mg,Merck,Inflammation and autoimmune disorders,Prescription
Meclizine,Antihistamine,Powder,125mg,Sanofi,Minor pain and itching relief,Over-the-Counter
Warfarin,Anticoagulant,Inhaler,250mg,Abbott,GERD and peptic ulcer disease,Prescription
Simethicone,Acne Treatment,Liquid,200mg,3M Healthcare,Pain relief and fever reduction,Over-the-Counter
Ibuprofen,Laxative,Ointment,500mg,Chattem,Allergic rhinitis and hives,Over-the-Counter
Simethicone,Antacid/H2 Blocker,Ointment,25mg,Johnson & Johnson,Heartburn and indigestion,Over-the-Counter
Acetaminophen,Antiflatulent,Spray,5%,Reckitt,Constipation relief,Over-the-Counter
Escitalopram,Leukotriene Inhibitor,Sublingual Tablet,200mg,Merck,Hypertension management,Prescription
Warfarin,Antifungal,Inhaler,200mg,AstraZeneca,Anxiety and panic disorders,Prescription
Montelukast,Anxiolytic/Benzodiazepine,IV Infusion,2mg,Merck,Hypertension and heart failure,Prescription
Zinc Oxide,Antacid,Drops,400mg,Bayer,Blood clot prevention,Over-the-Counter
Naproxen,Expectorant,Spray,5%,Chattem,Blood clot prevention,Over-the-Counter
Albuterol,Antibiotic,Extended Release Tablet,400mcg,Novartis,Depression and anxiety disorders,Prescription
Metformin,Bronchodilator,Topical Solution,2mg,Amgen,Asthma and allergic rhinitis,Prescription
Loratadine,Antihistamine,Cream,325mg,3M Healthcare,Allergic rhinitis and hives,Over-the-Counter
Bacitracin,Topical Anesthetic,Powder,125mg,3M Healthcare,Nasal congestion relief,Over-the-Counter
Lidocaine Cream,Antifungal,Chewable Tablet,150mg,GSK,Cough suppression,Over-the-Counter
Zinc Oxide,Topical Antibiotic,Gel,2%,Reckitt,Fungal skin infections,Over-the-Counter
Pseudoephedrine,Antiplatelet,Spray,25mg,P&G,Pain relief and fever reduction,Over-the-Counter
Montelukast,Beta Blocker,IV Infusion,150mg,AstraZeneca,Hypothyroidism treatment,Prescription
Benzoyl Peroxide,Antacid,Lozenge,5%,3M Healthcare,Insomnia and sleep aid,Over-the-Counter
Cetirizine,Antihistamine,Drops,125mg,Sanofi,Motion sickness and nausea,Over-the-Counter
Benzoyl Peroxide,Cough Suppressant,Patch,50mg,Unilever,Nasal congestion relief,Over-the-Counter
Atorvastatin,Statin,Suppository,150mg,Abbott,Blood clot prevention,Prescription
Albuterol,ACE Inhibitor,Topical Solution,75mg,Johnson & Johnson,Hypertension management,Prescription
Clopidogrel,Antidiabetic,Capsule,75mg,GlaxoSmithKline,Hypertension and heart failure,Prescription
Amlodipine,Antifungal,Patch,50mg,Bristol-Myers Squibb,Moderate to severe pain management,Prescription
Trimethoprim,Antibiotic,Tablet,200mg,Merck,Bacterial infections treatment,Prescription
Atorvastatin,Antidepressant/SSRI,IV Infusion,250mg,Roche,Bacterial infections treatment,Prescription
Furosemide,Corticosteroid,Nasal Spray,100mg,Gilead Sciences,GERD and peptic ulcer disease,Prescription
Hydrocodone,Corticosteroid,Liquid,2mg,Sanofi,GERD and peptic ulcer disease,Prescription
Hydrocortisone Cream,Antiflatulent,Chewable Tablet,25mg,Bayer,Minor cuts and skin protection,Over-the-Counter
Escitalopram,Antibiotic,Capsule,50mcg,Johnson & Johnson,Hypothyroidism treatment,Prescription
Ciprofloxacin,ARB,Liquid,0.5mg,Novartis,Inflammation and autoimmune disorders,Prescription
Metformin,Antibiotic,Sublingual Tablet,20mg,Boehringer Ingelheim,Hypertension and heart failure,Prescription
Lisinopril,Bronchodilator,Extended Release Tablet,200mg,Bristol-Myers Squibb,Hypertension and heart failure,Prescription
Prednisone,Antidiabetic,Sublingual Tablet,1000mg,Sanofi,GERD and peptic ulcer disease,Prescription
Fluoxetine,Opioid Analgesic,Liquid,20mg,Merck,GERD and peptic ulcer disease,Prescription
Loperamide,Antihistamine,Gel,200mg,Unilever,Heartburn and indigestion,Over-the-Counter
Clindamycin,Bronchodilator,Sublingual Tablet,50mg,Abbott,Heart attack and stroke prevention,Prescription
Bismuth Subsalicylate,Topical Anesthetic,Drops,50mg,Reckitt,Blood clot prevention,Over-the-Counter
Simethicone,Analgesic,Patch,150mg,Novartis,GERD and peptic ulcer,Over-the-Counter
Bismuth Subsalicylate,Decongestant,Gel,5mg,Unilever,Nasal congestion relief,Over-the-Counter
Meclizine,Topical Anesthetic,Powder,1%,GSK,Nasal congestion relief,Over-the-Counter
Docusate Sodium,Acne Treatment,Powder,1%,GSK,Cough suppression,Over-the-Counter
Loperamide,Antidiarrheal,Powder,5%,Johnson & Johnson,GERD and peptic ulcer,Over-the-Counter
Famotidine,Cough Suppressant,Capsule,400mg,Johnson & Johnson,Skin inflammation and itching,Over-the-Counter
Ciprofloxacin,Corticosteroid,Suppository,25mg,Novartis,Blood clot prevention,Prescription
Furosemide,Corticosteroid,Liquid,25mg,AstraZeneca,Asthma and allergic rhinitis,Prescription
Aluminum Hydroxide,Antihistamine,Ointment,200mg,Prestige Brands,Chest congestion and mucus relief,Over-the-Counter
Loratadine,Topical Antibiotic,Liquid,5mg,Reckitt,Allergic rhinitis and hives,Over-the-Counter
Lisinopril,Corticosteroid,Suppository,400mcg,Boehringer Ingelheim,Type 2 diabetes management,Prescription
Lidocaine Cream,Antifungal,Lozenge,5mg,Johnson & Johnson,Heartburn and acid reflux,Over-the-Counter
Oxycodone,Antibiotic,Tablet,1mg,Johnson & Johnson,GERD and peptic ulcer disease,Prescription
Acetaminophen,Antacid,Powder,125mg,Chattem,Allergic rhinitis and hives,Over-the-Counter
Fluoxetine,Statin,Topical Solution,100mcg,Amgen,Inflammation and autoimmune disorders,Prescription
Montelukast,Calcium Channel Blocker,Injection,1000mg,Pfizer,Depression and anxiety disorders,Prescription
Neosporin,Skin Protectant,Liquid,1%,Bayer,Nasal congestion relief,Over-the-Counter
Lidocaine Cream,Skin Protectant,Ointment,25mg,GSK,Skin inflammation and itching,Over-the-Counter
Aspirin,Topical Antibiotic,Drops,500mg,P&G,Diarrhea treatment,Over-the-Counter
Losartan,Diuretic,Liquid,50mg,AstraZeneca,Depression and anxiety disorders,Prescription
Pantoprazole,Corticosteroid,IV Infusion,10mg,Pfizer,Epilepsy and neuropathic pain,Prescription
Neosporin,Skin Protectant,Tablet,325mg,Johnson & Johnson,Heartburn and indigestion,Over-the-Counter
Omeprazole,Antiflatulent,Ointment,125mg,P&G,Gas and bloating relief,Over-the-Counter
Pantoprazole,Statin,Liquid,75mg,Eli Lilly,High cholesterol management,Prescription
Amlodipine,Anticonvulsant,Patch,0.25mg,Abbott,Hypertension and heart failure,Prescription
Dexamethasone,Statin,Injection,50mg,Sanofi,Asthma and allergic rhinitis,Prescription
Ciprofloxacin,Diuretic,Tablet,75mg,Merck,Hypertension and heart failure,Prescription
Hydrocortisone Cream,Expectorant,Liquid,400mg,Novartis,Constipation relief,Over-the-Counter
Escitalopram,ARB,Inhaler,1000mg,Eli Lilly,GERD and peptic ulcer disease,Prescription
Metformin,Antifungal,Liquid,25mg,Sanofi,Hypertension and angina,Prescription
Amoxicillin,Antiplatelet,Patch,1000mg,Pfizer,High cholesterol management,Prescription
Lisinopril,Anticonvulsant,Capsule,200mg,Abbott,Type 2 diabetes management,Prescription
Dextromethorphan,Antihistamine,Chewable Tablet,5mg,P&G,Fungal skin infections,Over-the-Counter
Metronidazole,Opioid Analgesic,Capsule,50mcg,Johnson & Johnson,Type 2 diabetes management,Prescription
Ciprofloxacin,Statin,Sublingual Tablet,0.25mg,Johnson & Johnson,Bacterial infections treatment,Prescription
Aspirin,Antiflatulent,Capsule,100mg,P&G,Allergic rhinitis and hives,Over-the-Counter
Ibuprofen,Sleep Aid,Drops,10mg,Novartis,Heartburn and acid reflux,Over-the-Counter
Loratadine,Skin Protectant,Spray,20mg,3M Healthcare,Heartburn and indigestion,Over-the-Counter
Benzoyl Peroxide,Skin Protectant,Capsule,200mg,Reckitt,Minor wound infection prevention,Over-the-Counter
Cetirizine,Antiflatulent,Lozenge,150mg,P&G,GERD and peptic ulcer,Over-the-Counter
Diphenhydramine,Antiemetic,Drops,50mg,Unilever,Cough suppression,Over-the-Counter
Famotidine,Topical Anesthetic,Capsule,125mg,Johnson & Johnson,Motion sickness and nausea,Over-the-Counter
Guaifenesin,Topical Anesthetic,Liquid,250mg,Prestige Brands,Insomnia and sleep aid,Over-the-Counter
Montelukast,Diuretic,Tablet,400mcg,Boehringer Ingelheim,GERD and peptic ulcer disease,Prescription
Metoprolol,Statin,Capsule,500mg,GlaxoSmithKline,Fungal infections treatment,Prescription
Loperamide,Sleep Aid,Liquid,100mg,Chattem,GERD and peptic ulcer,Over-the-Counter
Gabapentin,Antidepressant/SSRI,Topical Solution,10mg,Bristol-Myers Squibb,Epilepsy and neuropathic pain,Prescription
Calcium Carbonate,Acne Treatment,Powder,150mg,P&G,Allergic rhinitis and hives,Over-the-Counter
Sertraline,Opioid Analgesic,Liquid,200mg,Boehringer Ingelheim,High cholesterol management,Prescription
Trimethoprim,Calcium Channel Blocker,Liquid,75mg,Sanofi,Moderate to severe pain management,Prescription
Ibuprofen,Antacid,Tablet,125mg,Sanofi,Heartburn and acid reflux,Over-the-Counter
Clindamycin,Diuretic,Patch,200mg,Boehringer Ingelheim,Asthma and bronchospasm,Prescription
Bacitracin,Antiemetic,Tablet,5%,P&G,Chest congestion and mucus relief,Over-the-Counter
Bismuth Subsalicylate,Expectorant,Spray,25mg,Unilever,Skin inflammation and itching,Over-the-Counter
Hydrocodone,ACE Inhibitor,Patch,0.5mg,Pfizer,High cholesterol management,Prescription
Naproxen,Topical Corticosteroid,Ointment,20mg,Novartis,Pain relief and fever reduction,Over-the-Counter
Clopidogrel,Thyroid Hormone,IV Infusion,1mg,Boehringer Ingelheim,Anxiety and panic disorders,Prescription
Miconazole,Antihistamine,Cream,150mg,Pfizer,Minor cuts and skin protection,Over-the-Counter
Trimethoprim,Calcium Channel Blocker,Extended Release Tablet,0.25mg,Gilead Sciences,Inflammation and autoimmune disorders,Prescription
Salicylic Acid,Laxative,Capsule,5%,Sanofi,Fungal skin infections,Over-the-Counter
Lidocaine Cream,Antiflatulent,Drops,400mg,GSK,Insomnia and sleep aid,Over-the-Counter
Atorvastatin,Leukotriene Inhibitor,Suppository,250mg,Eli Lilly,Hypertension and angina,Prescription
Neosporin,Sleep Aid,Cream,125mg,3M Healthcare,Skin inflammation and itching,Over-the-Counter
Pantoprazole,Anticonvulsant,Injection,100mg,Sanofi,Asthma and bronchospasm,Prescription
Ibuprofen,Laxative,Powder,500mg,Johnson & Johnson,Gas and bloating relief,Over-the-Counter
Montelukast,Calcium Channel Blocker,Suppository,100mg,Amgen,Fungal infections treatment,Prescription
Loperamide,Expectorant,Liquid,50mg,Bayer,Minor wound infection prevention,Over-the-Counter
Clotrimazole,Antiemetic,Powder,125mg,Novartis,Insomnia and sleep aid,Over-the-Counter
Docusate Sodium,Topical Antibiotic,Patch,5mg,P&G,Heartburn and indigestion,Over-the-Counter
Azithromycin,Antidiabetic,Tablet,150mg,Johnson & Johnson,Bacterial infections treatment,Prescription
Clindamycin,Antifungal,Patch,400mcg,Abbott,Hypertension and angina,Prescription
Lisinopril,Diuretic,Extended Release Tablet,0.5mg,Amgen,Moderate to severe pain management,Prescription
Metoprolol,Anticonvulsant,IV Infusion,100mg,Eli Lilly,Hypertension and heart failure,Prescription
Clopidogrel,Antiplatelet,Inhaler,150mg,Amgen,Anxiety and panic disorders,Prescription
Ciprofloxacin,Anticonvulsant,Injection,1mg,GlaxoSmithKline,Fungal infections treatment,Prescription
Dextromethorphan,Topical Anesthetic,Tablet,500mg,Johnson & Johnson,Heartburn and acid reflux,Over-the-Counter
Metronidazole,PPI,Liquid,20mg,Gilead Sciences,High cholesterol management,Prescription
Clindamycin,Antibiotic,Sublingual Tablet,50mcg,AstraZeneca,Asthma and bronchospasm,Prescription
Montelukast,Statin,Liquid,1000mg,Bristol-Myers Squibb,Blood clot prevention,Prescription
Warfarin,Corticosteroid,Suppository,200mg,Roche,Hypertension and angina,Prescription
Albuterol,Antifungal,Suppository,200mg,GlaxoSmithKline,Asthma and bronchospasm,Prescription
Clindamycin,ACE Inhibitor,Nasal Spray,50mg,Gilead Sciences,Hypertension and angina,Prescription
Neosporin,Sleep Aid,Gel,325mg,Johnson & Johnson,Chest congestion and mucus relief,Over-the-Counter
Simethicone,Skin Protectant,Tablet,5mg,P&G,Minor cuts and skin protection,Over-the-Counter
Famotidine,Topical Anesthetic,Tablet,400mg,Prestige Brands,Heartburn and indigestion,Over-the-Counter
Ibuprofen,Antacid,Lozenge,500mg,Sanofi,Heartburn and indigestion,Over-the-Counter
Doxycycline,Opioid Analgesic,Suppository,5mg,Pfizer,Type 2 diabetes management,Prescription
Bismuth Subsalicylate,Expectorant,Cream,50mg,Pfizer,Minor pain and itching relief,Over-the-Counter
Cetirizine,Cough Suppressant,Gel,2%,Johnson & Johnson,Constipation relief,Over-the-Counter
Metformin,Beta Blocker,Topical Solution,10mg,Novartis,Hypertension and heart failure,Prescription
Meclizine,Expectorant,Ointment,200mg,P&G,Nasal congestion relief,Over-the-Counter
Lisinopril,Antidepressant/SSRI,Extended Release Tablet,0.25mg,Eli Lilly,Hypothyroidism treatment,Prescription
Naproxen,Antacid/PPI,Powder,500mg,Reckitt,Chest congestion and mucus relief,Over-the-Counter
Benzoyl Peroxide,Antiplatelet,Spray,400mg,Unilever,Heartburn and indigestion,Over-the-Counter
Albuterol,Corticosteroid,Suppository,100mg,AstraZeneca,Moderate to severe pain management,Prescription
Pantoprazole,Calcium Channel Blocker,Inhaler,5mg,AstraZeneca,Type 2 diabetes management,Prescription
Pseudoephedrine,Antihistamine,Spray,5mg,3M Healthcare,Motion sickness and nausea,Over-the-Counter
Metformin,Antibiotic,Topical Solution,75mg,GlaxoSmithKline,GERD and peptic ulcer disease,Prescription
Miconazole,Cough Suppressant,Chewable Tablet,500mg,GSK,Minor pain and itching relief,Over-the-Counter
Neosporin,Antiflatulent,Lozenge,1%,Bayer,Nasal congestion relief,Over-the-Counter
Amoxicillin,Opioid Analgesic,Nasal Spray,25mg,Johnson & Johnson,Asthma and allergic rhinitis,Prescription
Calcium Carbonate,Sleep Aid,Drops,10mg,Reckitt,Insomnia and sleep aid,Over-the-Counter
Albuterol,Bronchodilator,IV Infusion,0.5mg,GlaxoSmithKline,Hypertension and heart failure,Prescription
Lidocaine Cream,Antihistamine,Lozenge,1%,Chattem,Heartburn and indigestion,Over-the-Counter
Ranitidine,Cough Suppressant,Ointment,150mg,Prestige Brands,Acne treatment,Over-the-Counter
Cetirizine,Antacid/PPI,Capsule,2%,P&G,Chest congestion and mucus relief,Over-the-Counter
Alprazolam,PPI,Patch,200mg,Roche,Hypertension and heart failure,Prescription
Pantoprazole,Antidepressant/SSRI,IV Infusion,1000mg,Amgen,Fungal infections treatment,Prescription
Lidocaine Cream,Skin Protectant,Spray,150mg,Johnson & Johnson,Minor cuts and skin protection,Over-the-Counter
Omeprazole,Laxative,Capsule,400mg,Unilever,Skin inflammation and itching,Over-the-Counter
Lisinopril,Thyroid Hormone,Sublingual Tablet,1mg,Gilead Sciences,GERD and peptic ulcer disease,Prescription
Naproxen,Antifungal,Powder,50mg,P&G,Pain relief and fever reduction,Over-the-Counter
Neosporin,Topical Anesthetic,Spray,2%,Bayer,Minor pain and itching relief,Over-the-Counter
Hydrocodone,Antidiabetic,Sublingual Tablet,50mg,GlaxoSmithKline,Edema and hypertension,Prescription
Lidocaine Cream,Sleep Aid,Capsule,5mg,P&G,Heartburn and acid reflux,Over-the-Counter
Lisinopril,Leukotriene Inhibitor,Suppository,50mg,Boehringer Ingelheim,GERD and peptic ulcer disease,Prescription
Cetirizine,Analgesic,Liquid,250mg,Bayer,Diarrhea treatment,Over-the-Counter
Salicylic Acid,Antifungal,Capsule,5mg,Unilever,Heartburn and acid reflux,Over-the-Counter
Magnesium Hydroxide,Antacid/PPI,Spray,200mg,Reckitt,Constipation relief,Over-the-Counter
Metformin,Statin,Tablet,0.5mg,Abbott,Bacterial infections treatment,Prescription
Trimethoprim,Anticoagulant,Liquid,5mg,Novartis,Depression and anxiety disorders,Prescription
Diphenhydramine,Analgesic,Capsule,5mg,GSK,Allergic rhinitis and hives,Over-the-Counter
Amlodipine,Anticoagulant,Injection,200mg,GlaxoSmithKline,Hypertension and angina,Prescription
Lidocaine Cream,Antidiarrheal,Liquid,150mg,Reckitt,Minor pain and itching relief,Over-the-Counter
Pseudoephedrine,Antihistamine,Powder,100mg,Reckitt,GERD and peptic ulcer,Over-the-Counter
Furosemide,Statin,Topical Solution,25mg,Novartis,Moderate to severe pain management,Prescription
Meclizine,Antifungal,Gel,100mg,Bayer,Acne treatment,Over-the-Counter
Meclizine,Topical Anesthetic,Chewable Tablet,20mg,P&G,Pain relief and fever reduction,Over-the-Counter
Azithromycin,Thyroid Hormone,Topical Solution,100mcg,Boehringer Ingelheim,Hypertension and heart failure,Prescription
Trimethoprim,Thyroid Hormone,Extended Release Tablet,50mg,AstraZeneca,Hypothyroidism treatment,Prescription
Aspirin,Analgesic,Cream,200mg,P&G,Heartburn and indigestion,Over-the-Counter
Clindamycin,Antidepressant/SSRI,Extended Release Tablet,0.25mg,Gilead Sciences,Hypertension and angina,Prescription
Losartan,Calcium Channel Blocker,Sublingual Tablet,0.25mg,Johnson & Johnson,Hypothyroidism treatment,Prescription
Trimethoprim,Beta Blocker,Tablet,250mg,Sanofi,Depression and anxiety disorders,Prescription
Clotrimazole,Expectorant,Capsule,25mg,Johnson & Johnson,Motion sickness and nausea,Over-the-Counter
Amoxicillin,Leukotriene Inhibitor,IV Infusion,400mcg,Pfizer,High cholesterol management,Prescription
Doxycycline,Diuretic,Topical Solution,10mg,Abbott,Depression and anxiety disorders,Prescription
Escitalopram,Anticonvulsant,Suppository,2mg,Boehringer Ingelheim,Type 2 diabetes management,Prescription
Alprazolam,Antibiotic,Liquid,200mg,Roche,Hypertension and heart failure,Prescription
Levothyroxine,PPI,Injection,5mg,Merck,Anxiety and panic disorders,Prescription
Guaifenesin,Expectorant,Capsule,400mg,Pfizer,Minor pain and itching relief,Over-the-Counter
Aspirin,Antacid,Liquid,2%,Novartis,Minor wound infection prevention,Over-the-Counter
Diphenhydramine,Laxative,Lozenge,1%,Prestige Brands,Insomnia and sleep aid,Over-the-Counter
Miconazole,Decongestant,Liquid,150mg,Pfizer,Cough suppression,Over-the-Counter
Escitalopram,Corticosteroid,Nasal Spray,150mg,AstraZeneca,Fungal infections treatment,Prescription
Guaifenesin,Antacid,Chewable Tablet,200mg,Pfizer,GERD and peptic ulcer,Over-the-Counter
Acetaminophen,Antacid/PPI,Lozenge,20mg,Johnson & Johnson,Heartburn and acid reflux,Over-the-Counter
Dextromethorphan,Antacid/PPI,Ointment,125mg,Sanofi,Minor pain and itching relief,Over-the-Counter
Gabapentin,Beta Blocker,Topical Solution,1mg,Bristol-Myers Squibb,Hypertension management,Prescription
Lisinopril,Thyroid Hormone,Capsule,20mg,Abbott,Hypertension and heart failure,Prescription
Ciprofloxacin,Antidiabetic,Sublingual Tablet,50mg,Johnson & Johnson,Hypertension and angina,Prescription
Ibuprofen,Laxative,Chewable Tablet,125mg,3M Healthcare,Chest congestion and mucus relief,Over-the-Counter
Neosporin,Topical Corticosteroid,Cream,250mg,Reckitt,Skin inflammation and itching,Over-the-Counter
Guaifenesin,Antidiarrheal,Tablet,325mg,Sanofi,Insomnia and sleep aid,Over-the-Counter
Diphenhydramine,Cough Suppressant,Chewable Tablet,100mg,Novartis,Constipation relief,Over-the-Counter
Furosemide,Antidepressant/SSRI,IV Infusion,1000mg,Roche,Bacterial infections treatment,Prescription
Ibuprofen,Antiflatulent,Ointment,50mg,Novartis,Chest congestion and mucus relief,Over-the-Counter
Lisinopril,ARB,Injection,150mg,GlaxoSmithKline,GERD and peptic ulcer disease,Prescription
Guaifenesin,Decongestant,Tablet,5mg,Unilever,Constipation relief,Over-the-Counter
Fluoxetine,Antidepressant/SSRI,Nasal Spray,25mg,AstraZeneca,Hypertension and heart failure,Prescription
Lidocaine Cream,Antidiarrheal,Liquid,2%,3M Healthcare,Insomnia and sleep aid,Over-the-Counter
Aluminum Hydroxide,Skin Protectant,Patch,2%,Chattem,GERD and peptic ulcer,Over-the-Counter
Zinc Oxide,Topical Antibiotic,Capsule,150mg,Prestige Brands,Nasal congestion relief,Over-the-Counter
Acetaminophen,Expectorant,Lozenge,100mg,3M Healthcare,Minor wound infection prevention,Over-the-Counter
Pantoprazole,ARB,Inhaler,50mg,Boehringer Ingelheim,Asthma and bronchospasm,Prescription
Aluminum Hydroxide,Sleep Aid,Ointment,25mg,Johnson & Johnson,Minor cuts and skin protection,Over-the-Counter
Docusate Sodium,Cough Suppressant,Cream,5%,Reckitt,Nasal congestion relief,Over-the-Counter
Aspirin,Antiplatelet,Drops,400mg,Bayer,Fungal skin infections,Over-the-Counter
Furosemide,Calcium Channel Blocker,Suppository,50mg,GlaxoSmithKline,Anxiety and panic disorders,Prescription
Dexamethasone,Corticosteroid,Extended Release Tablet,20mg,AstraZeneca,Hypothyroidism treatment,Prescription
Fluoxetine,ARB,IV Infusion,200mg,Roche,Depression and anxiety disorders,Prescription
Amlodipine,Calcium Channel Blocker,Nasal Spray,100mg,Amgen,Type 2 diabetes management,Prescription
Bacitracin,Antacid,Gel,5mg,Unilever,Fungal skin infections,Over-the-Counter
Guaifenesin,Topical Corticosteroid,Gel,10mg,GSK,GERD and peptic ulcer,Over-the-Counter
Dexamethasone,Calcium Channel Blocker,Tablet,2mg,Roche,Bacterial infections treatment,Prescription
Naproxen,Sleep Aid,Cream,500mg,GSK,Acne treatment,Over-the-Counter
Atorvastatin,Antifungal,IV Infusion,500mg,AstraZeneca,Type 2 diabetes management,Prescription
Pregabalin,Bronchodilator,Capsule,100mcg,AstraZeneca,Anxiety and panic disorders,Prescription
Clotrimazole,Antiemetic,Ointment,250mg,Novartis,Cough suppression,Over-the-Counter
Simethicone,Acne Treatment,Liquid,5%,Johnson & Johnson,Heartburn and indigestion,Over-the-Counter
Aluminum Hydroxide,Topical Corticosteroid,Chewable Tablet,5%,GSK,Fungal skin infections,Over-the-Counter
Miconazole,Antacid,Cream,10mg,Bayer,GERD and peptic ulcer,Over-the-Counter
Oxycodone,Antidepressant/SSRI,IV Infusion,100mg,GlaxoSmithKline,Hypertension and heart failure,Prescription
Warfarin,Antiplatelet,Tablet,50mg,Johnson & Johnson,High cholesterol management,Prescription
Amoxicillin,Antidiabetic,Tablet,100mg,Gilead Sciences,Asthma and bronchospasm,Prescription
Naproxen,Analgesic,Drops,50mg,Prestige Brands,Allergic rhinitis and hives,Over-the-Counter
Losartan,Antidepressant/SSRI,Inhaler,200mg,Amgen,Asthma and allergic rhinitis,Prescription
Clopidogrel,Beta Blocker,Sublingual Tablet,0.25mg,Sanofi,Hypertension and heart failure,Prescription
Cetirizine,Skin Protectant,Capsule,20mg,Johnson & Johnson,Pain relief and fever reduction,Over-the-Counter
Dexamethasone,ARB,Patch,200mg,Abbott,Hypertension and angina,Prescription
Naproxen,Analgesic,Drops,5mg,Bayer,GERD and peptic ulcer,Over-the-Counter
Meclizine,Antidiarrheal,Tablet,125mg,3M Healthcare,Skin inflammation and itching,Over-the-Counter
Lisinopril,Antidiabetic,IV Infusion,100mcg,Abbott,Hypertension and heart failure,Prescription
Salicylic Acid,Topical Anesthetic,Liquid,20mg,P&G,Allergic rhinitis and hives,Over-the-Counter
Ranitidine,Skin Protectant,Cream,500mg,GSK,Heartburn and indigestion,Over-the-Counter
Pregabalin,Antifungal,IV Infusion,250mg,GlaxoSmithKline,Hypertension management,Prescription
Aspirin,Analgesic,Cream,25mg,Reckitt,Nasal congestion relief,Over-the-Counter
Ciprofloxacin,ACE Inhibitor,Tablet,50mg,Gilead Sciences,Moderate to severe pain management,Prescription
Aspirin,Antifungal,Gel,100mg,Novartis,Acne treatment,Over-the-Counter
Docusate Sodium,Antacid/H2 Blocker,Drops,25mg,Novartis,Heartburn and indigestion,Over-the-Counter
Oxycodone,Anxiolytic/Benzodiazepine,Topical Solution,50mcg,Abbott,Asthma and bronchospasm,Prescription
Aspirin,Antacid,Spray,5%,Pfizer,Nasal congestion relief,Over-the-Counter
Dextromethorphan,Topical Corticosteroid,Powder,200mg,Prestige Brands,Heartburn and acid reflux,Over-the-Counter
Clindamycin,ACE Inhibitor,Inhaler,50mcg,Abbott,Hypothyroidism treatment,Prescription
Guaifenesin,Decongestant,Ointment,325mg,Prestige Brands,Pain relief and fever reduction,Over-the-Counter
Neosporin,Topical Antibiotic,Capsule,1%,Novartis,Minor cuts and skin protection,Over-the-Counter
Clotrimazole,Topical Anesthetic,Cream,20mg,Reckitt,Cough suppression,Over-the-Counter
Meclizine,Cough Suppressant,Liquid,5%,Chattem,Allergic rhinitis and hives,Over-the-Counter
Aluminum Hydroxide,Skin Protectant,Patch,100mg,Unilever,GERD and peptic ulcer,Over-the-Counter
Lisinopril,Leukotriene Inhibitor,Suppository,150mg,Pfizer,Blood clot prevention,Prescription
Meclizine,Cough Suppressant,Lozenge,500mg,Prestige Brands,Skin inflammation and itching,Over-the-Counter
Loratadine,Expectorant,Powder,25mg,Johnson & Johnson,Diarrhea treatment,Over-the-Counter
Bacitracin,Antidiarrheal,Ointment,200mg,GSK,Fungal skin infections,Over-the-Counter
Neosporin,Antifungal,Spray,2%,GSK,Minor cuts and skin protection,Over-the-Counter
Calcium Carbonate,Antidiarrheal,Ointment,125mg,Novartis,Fungal skin infections,Over-the-Counter
Metformin,Antibiotic,Patch,75mg,Boehringer Ingelheim,Hypertension and heart failure,Prescription
Gabapentin,Anticoagulant,Liquid,200mg,Pfizer,Hypertension and heart failure,Prescription
Omeprazole,Antacid,Powder,250mg,GSK,Minor cuts and skin protection,Over-the-Counter
Trimethoprim,Bronchodilator,Liquid,0.25mg,AstraZeneca,Depression and anxiety disorders,Prescription
Clotrimazole,Antacid/H2 Blocker,Gel,400mg,Bayer,Minor wound infection prevention,Over-the-Counter
Clindamycin,Antiplatelet,Extended Release Tablet,25mg,Boehringer Ingelheim,Type 2 diabetes management,Prescription
Aspirin,Antifungal,Spray,25mg,Chattem,Heartburn and indigestion,Over-the-Counter
Acetaminophen,Analgesic,Capsule,5%,Prestige Brands,Minor pain and itching relief,Over-the-Counter
Amoxicillin,ACE Inhibitor,Tablet,100mg,Johnson & Johnson,Bacterial infections treatment,Prescription
Miconazole,Decongestant,Drops,125mg,Chattem,Minor wound infection prevention,Over-the-Counter
Docusate Sodium,Antifungal,Gel,2%,Chattem,Chest congestion and mucus relief,Over-the-Counter
Bacitracin,Topical Corticosteroid,Ointment,1%,Chattem,Diarrhea treatment,Over-the-Counter
Albuterol,Beta Blocker,Topical Solution,10mg,Novartis,Anxiety and panic disorders,Prescription
Docusate Sodium,Topical Antibiotic,Capsule,400mg,Sanofi,Skin inflammation and itching,Over-the-Counter
Ciprofloxacin,Corticosteroid,Nasal Spray,1mg,Novartis,Fungal infections treatment,Prescription
Losartan,Antidepressant/SSRI,Capsule,75mg,AstraZeneca,Blood clot prevention,Prescription
Meclizine,Expectorant,Ointment,500mg,Johnson & Johnson,Gas and bloating relief,Over-the-Counter
Hydrocortisone Cream,Analgesic,Tablet,20mg,Unilever,Pain relief and fever reduction,Over-the-Counter
Amoxicillin,Beta Blocker,Injection,10mg,Sanofi,Blood clot prevention,Prescription
Zinc Oxide,Antiplatelet,Powder,25mg,GSK,Minor cuts and skin protection,Over-the-Counter
Calcium Carbonate,Analgesic,Gel,250mg,P&G,Minor cuts and skin protection,Over-the-Counter
Sertraline,Anticonvulsant,Inhaler,20mg,Novartis,Anxiety and panic disorders,Prescription
Escitalopram,Anticonvulsant,Nasal Spray,100mcg,AstraZeneca,Hypothyroidism treatment,Prescription
Losartan,Anticonvulsant,Tablet,0.25mg,GlaxoSmithKline,Anxiety and panic disorders,Prescription
Bacitracin,Antifungal,Liquid,500mg,P&G,Acne treatment,Over-the-Counter
Ranitidine,Antacid,Patch,125mg,Chattem,Cough suppression,Over-the-Counter
Hydrocortisone Cream,Sleep Aid,Spray,1%,Bayer,Minor pain and itching relief,Over-the-Counter
Escitalopram,Anticoagulant,Sublingual Tablet,200mcg,Bristol-Myers Squibb,High cholesterol management,Prescription
Guaifenesin,Sleep Aid,Liquid,2%,Novartis,Cough suppression,Over-the-Counter
Simethicone,Skin Protectant,Drops,5%,Sanofi,Nasal congestion relief,Over-the-Counter
Lisinopril,Opioid Analgesic,Tablet,1mg,Boehringer Ingelheim,Hypertension and angina,Prescription
Levothyroxine,Opioid Analgesic,Capsule,50mcg,Novartis,Bacterial infections treatment,Prescription
Dexamethasone,Diuretic,Suppository,5mg,Merck,Hypertension management,Prescription
Famotidine,Antacid/PPI,Liquid,200mg,Johnson & Johnson,Minor wound infection prevention,Over-the-Counter
Amoxicillin,Antibiotic,Injection,50mcg,Eli Lilly,Asthma and bronchospasm,Prescription
Furosemide,Antifungal,Capsule,50mcg,GlaxoSmithKline,Anxiety and panic disorders,Prescription
Calcium Carbonate,Antacid,Chewable Tablet,10mg,Bayer,Insomnia and sleep aid,Over-the-Counter
Oxycodone,Leukotriene Inhibitor,Tablet,1mg,Pfizer,GERD and peptic ulcer disease,Prescription
Magnesium Hydroxide,Laxative,Chewable Tablet,5%,Pfizer,Constipation relief,Over-the-Counter
Hydrocortisone Cream,Cough Suppressant,Spray,1%,Chattem,Minor cuts and skin protection,Over-the-Counter
Pregabalin,Beta Blocker,Extended Release Tablet,50mg,Gilead Sciences,Hypertension management,Prescription
Lisinopril,Statin,IV Infusion,200mg,Boehringer Ingelheim,Hypertension management,Prescription
Metformin,Antifungal,Suppository,2mg,Novartis,Asthma and allergic rhinitis,Prescription
Magnesium Hydroxide,Topical Anesthetic,Cream,10mg,Unilever,Heartburn and indigestion,Over-the-Counter
Zinc Oxide,Antiflatulent,Powder,150mg,Sanofi,Nasal congestion relief,Over-the-Counter
Aspirin,Expectorant,Ointment,1%,GSK,Cough suppression,Over-the-Counter
Gabapentin,ARB,Extended Release Tablet,150mg,Novartis,Anxiety and panic disorders,Prescription
Aspirin,Laxative,Gel,10mg,Sanofi,Minor cuts and skin protection,Over-the-Counter
Aluminum Hydroxide,Antidiarrheal,Spray,200mg,GSK,Nasal congestion relief,Over-the-Counter
Lidocaine Cream,Antihistamine,Cream,200mg,Pfizer,Constipation relief,Over-the-Counter
Levothyroxine,Leukotriene Inhibitor,IV Infusion,25mg,Novartis,Depression and anxiety disorders,Prescription
Furosemide,ARB,Suppository,1000mg,GlaxoSmithKline,Moderate to severe pain management,Prescription
Loratadine,Antihistamine,Spray,1%,Bayer,Minor cuts and skin protection,Over-the-Counter
Zinc Oxide,Topical Corticosteroid,Gel,2%,Novartis,Pain relief and fever reduction,Over-the-Counter
Lidocaine Cream,Antiplatelet,Spray,1%,Novartis,Acne treatment,Over-the-Counter
Metronidazole,ARB,Injection,500mg,Abbott,Anxiety and panic disorders,Prescription
Lisinopril,Anticonvulsant,Liquid,5mg,Amgen,Hypertension and angina,Prescription
Dexamethasone,ACE Inhibitor,Extended Release Tablet,5mg,Abbott,Type 2 diabetes management,Prescription
Furosemide,Thyroid Hormone,IV Infusion,200mcg,Gilead Sciences,Epilepsy and neuropathic pain,Prescription
Bacitracin,Antihistamine,Capsule,250mg,Sanofi,Allergic rhinitis and hives,Over-the-Counter
Metformin,Statin,Sublingual Tablet,200mg,AstraZeneca,Edema and hypertension,Prescription
Albuterol,ARB,Suppository,150mg,Abbott,Type 2 diabetes management,Prescription
Loratadine,Antiemetic,Tablet,100mg,Pfizer,Skin inflammation and itching,Over-the-Counter
Levothyroxine,Statin,Extended Release Tablet,100mcg,Abbott,Hypertension management,Prescription
Loperamide,Topical Anesthetic,Lozenge,250mg,Sanofi,Cough suppression,Over-the-Counter
Metformin,Bronchodilator,Liquid,500mg,Sanofi,Hypertension management,Prescription
Levothyroxine,Calcium Channel Blocker,Suppository,100mcg,Johnson & Johnson,Bacterial infections treatment,Prescription
Pseudoephedrine,Antacid/H2 Blocker,Cream,50mg,Prestige Brands,Fungal skin infections,Over-the-Counter
Dextromethorphan,Cough Suppressant,Powder,100mg,GSK,Nasal congestion relief,Over-the-Counter
Ibuprofen,Antiemetic,Ointment,25mg,Prestige Brands,Heartburn and acid reflux,Over-the-Counter
Metoprolol,Antidepressant/SSRI,Sublingual Tablet,25mg,Johnson & Johnson,Type 2 diabetes management,Prescription
Azithromycin,Antiplatelet,Patch,100mcg,Novartis,Hypothyroidism treatment,Prescription
Acetaminophen,Antihistamine,Tablet,325mg,Sanofi,Diarrhea treatment,Over-the-Counter
Fluoxetine,Opioid Analgesic,Sublingual Tablet,1mg,Boehringer Ingelheim,Type 2 diabetes management,Prescription
Docusate Sodium,Cough Suppressant,Drops,325mg,P&G,Fungal skin infections,Over-the-Counter
Hydrocodone,Beta Blocker,Injection,1mg,Johnson & Johnson,Fungal infections treatment,Prescription
Lidocaine Cream,Laxative,Powder,5%,Bayer,Diarrhea treatment,Over-the-Counter
Trimethoprim,ARB,Topical Solution,25mg,Sanofi,Edema and hypertension,Prescription
Ranitidine,Antidiarrheal,Drops,400mg,P&G,Heartburn and indigestion,Over-the-Counter
Magnesium Hydroxide,Antacid,Patch,5mg,Bayer,Constipation relief,Over-the-Counter
Pantoprazole,Opioid Analgesic,Suppository,75mg,Sanofi,Moderate to severe pain management,Prescription
Ranitidine,Antidiarrheal,Liquid,100mg,GSK,Diarrhea treatment,Over-the-Counter
Aspirin,Topical Corticosteroid,Drops,2%,3M Healthcare,Skin inflammation and itching,Over-the-Counter
Aluminum Hydroxide,Skin Protectant,Chewable Tablet,25mg,Johnson & Johnson,Heartburn and indigestion,Over-the-Counter
Azithromycin,Corticosteroid,IV Infusion,1000mg,Eli Lilly,High cholesterol management,Prescription
Diphenhydramine,Antiflatulent,Ointment,325mg,Chattem,Minor pain and itching relief,Over-the-Counter
Benzoyl Peroxide,Topical Antibiotic,Cream,10mg,Novartis,Nasal congestion relief,Over-the-Counter
Clotrimazole,Antidiarrheal,Patch,50mg,Pfizer,Minor pain and itching relief,Over-the-Counter
Atorvastatin,Antibiotic,Nasal Spray,200mg,Gilead Sciences,Fungal infections treatment,Prescription
Hydrocodone,Anxiolytic/Benzodiazepine,Liquid,50mcg,Merck,Hypothyroidism treatment,Prescription
Ibuprofen,Antihistamine,Cream,100mg,P&G,Blood clot prevention,Over-the-Counter
Atorvastatin,Calcium Channel Blocker,Inhaler,1000mg,Abbott,Hypertension management,Prescription
Lidocaine Cream,Topical Anesthetic,Liquid,200mg,Johnson & Johnson,Gas and bloating relief,Over-the-Counter
Ibuprofen,Topical Anesthetic,Capsule,1%,Chattem,Diarrhea treatment,Over-the-Counter
Escitalopram,Antidiabetic,Liquid,75mg,Pfizer,Hypothyroidism treatment,Prescription
Sertraline,Anxiolytic/Benzodiazepine,Extended Release Tablet,150mg,Novartis,Moderate to severe pain management,Prescription
Clopidogrel,PPI,Patch,25mg,Novartis,GERD and peptic ulcer disease,Prescription
Amoxicillin,Opioid Analgesic,Inhaler,150mg,Sanofi,Asthma and allergic rhinitis,Prescription
Simethicone,Acne Treatment,Powder,150mg,Novartis,Insomnia and sleep aid,Over-the-Counter
Cetirizine,Analgesic,Drops,125mg,Sanofi,Allergic rhinitis and hives,Over-the-Counter
Sertraline,Antiplatelet,Extended Release Tablet,50mcg,Roche,Heart attack and stroke prevention,Prescription
Alprazolam,Antidepressant/SSRI,Capsule,75mg,Sanofi,GERD and peptic ulcer disease,Prescription
Clindamycin,Anxiolytic/Benzodiazepine,Suppository,150mg,Amgen,Bacterial infections treatment,Prescription
Bacitracin,Antidiarrheal,Capsule,400mg,3M Healthcare,Nasal congestion relief,Over-the-Counter
Famotidine,Sleep Aid,Liquid,2%,Johnson & Johnson,Cough suppression,Over-the-Counter
Dexamethasone,Anticonvulsant,Sublingual Tablet,50mg,Johnson & Johnson,Epilepsy and neuropathic pain,Prescription
Fluoxetine,Thyroid Hormone,Extended Release Tablet,2mg,Pfizer,Edema and hypertension,Prescription
Doxycycline,ARB,Injection,0.5mg,Novartis,Depression and anxiety disorders,Prescription
Aluminum Hydroxide,Topical Antibiotic,Gel,50mg,Pfizer,Acne treatment,Over-the-Counter
Salicylic Acid,Expectorant,Patch,150mg,3M Healthcare,Acne treatment,Over-the-Counter
Ibuprofen,Decongestant,Lozenge,20mg,Unilever,Motion sickness and nausea,Over-the-Counter
Gabapentin,Antibiotic,Patch,500mg,Bristol-Myers Squibb,Bacterial infections treatment,Prescription
Metformin,Opioid Analgesic,Extended Release Tablet,5mg,Johnson & Johnson,Heart attack and stroke prevention,Prescription
Hydrocortisone Cream,Antidiarrheal,Spray,200mg,Unilever,Insomnia and sleep aid,Over-the-Counter
Prednisone,PPI,Topical Solution,200mcg,Roche,Hypertension and angina,Prescription
Oxycodone,Diuretic,Injection,500mg,AstraZeneca,Edema and hypertension,Prescription
Azithromycin,Diuretic,Injection,50mg,Johnson & Johnson,Moderate to severe pain management,Prescription
Levothyroxine,Thyroid Hormone,Liquid,250mg,Abbott,Moderate to severe pain management,Prescription
Benzoyl Peroxide,Expectorant,Powder,2%,3M Healthcare,Diarrhea treatment,Over-the-Counter
Docusate Sodium,Antacid/PPI,Drops,250mg,Pfizer,Minor pain and itching relief,Over-the-Counter
Oxycodone,Anxiolytic/Benzodiazepine,Liquid,250mg,Johnson & Johnson,Hypertension and heart failure,Prescription
Cetirizine,Antidiarrheal,Tablet,200mg,Johnson & Johnson,Heartburn and indigestion,Over-the-Counter
Ranitidine,Topical Antibiotic,Spray,150mg,Prestige Brands,Nasal congestion relief,Over-the-Counter
Loratadine,Expectorant,Chewable Tablet,400mg,Reckitt,Fungal skin infections,Over-the-Counter
Hydrocodone,Leukotriene Inhibitor,Patch,250mg,Johnson & Johnson,Hypertension and angina,Prescription
Naproxen,Decongestant,Tablet,200mg,Reckitt,Blood clot prevention,Over-the-Counter
Acetaminophen,Cough Suppressant,Gel,25mg,Prestige Brands,Nasal congestion relief,Over-the-Counter
Prednisone,Bronchodilator,Suppository,5mg,Novartis,Bacterial infections treatment,Prescription
Atorvastatin,Antidiabetic,Tablet,50mcg,Novartis,Hypertension management,Prescription
Simethicone,Skin Protectant,Spray,250mg,Bayer,Allergic rhinitis and hives,Over-the-Counter
Aluminum Hydroxide,Decongestant,Gel,200mg,Prestige Brands,Insomnia and sleep aid,Over-the-Counter
Zinc Oxide,Antacid/H2 Blocker,Spray,400mg,Sanofi,Insomnia and sleep aid,Over-the-Counter
Aluminum Hydroxide,Sleep Aid,Lozenge,500mg,Novartis,Acne treatment,Over-the-Counter
Bismuth Subsalicylate,Antiemetic,Lozenge,50mg,Bayer,Nasal congestion relief,Over-the-Counter
Meclizine,Antihistamine,Liquid,2%,Johnson & Johnson,Allergic rhinitis and hives,Over-the-Counter
Diphenhydramine,Topical Antibiotic,Gel,2%,Novartis,Chest congestion and mucus relief,Over-the-Counter
Hydrocodone,ACE Inhibitor,Topical Solution,75mg,GlaxoSmithKline,Hypertension and heart failure,Prescription
Ibuprofen,Sleep Aid,Ointment,10mg,Unilever,Nasal congestion relief,Over-the-Counter
Famotidine,Antifungal,Capsule,325mg,Unilever,Heartburn and acid reflux,Over-the-Counter
Amoxicillin,Diuretic,Liquid,250mg,AstraZeneca,Edema and hypertension,Prescription
Pseudoephedrine,Antiplatelet,Ointment,1%,GSK,Blood clot prevention,Over-the-Counter
Docusate Sodium,Topical Corticosteroid,Lozenge,10mg,GSK,Insomnia and sleep aid,Over-the-Counter
Simethicone,Antiplatelet,Tablet,200mg,Chattem,Heartburn and acid reflux,Over-the-Counter
Benzoyl Peroxide,Antidiarrheal,Spray,100mg,3M Healthcare,Minor pain and itching relief,Over-the-Counter
Dextromethorphan,Antiplatelet,Tablet,5%,Prestige Brands,Constipation relief,Over-the-Counter
Calcium Carbonate,Sleep Aid,Patch,25mg,P&G,Pain relief and fever reduction,Over-the-Counter
Loratadine,Skin Protectant,Spray,200mg,3M Healthcare,Acne treatment,Over-the-Counter
Loperamide,Cough Suppressant,Powder,100mg,Johnson & Johnson,Pain relief and fever reduction,Over-the-Counter
Escitalopram,Statin,Extended Release Tablet,50mg,Johnson & Johnson,Epilepsy and neuropathic pain,Prescription
Loratadine,Decongestant,Spray,100mg,Pfizer,Heartburn and indigestion,Over-the-Counter
Albuterol,Diuretic,Extended Release Tablet,1000mg,GlaxoSmithKline,Hypertension and angina,Prescription
Zinc Oxide,Cough Suppressant,Tablet,500mg,Unilever,Minor wound infection prevention,Over-the-Counter
Lisinopril,Statin,Capsule,400mcg,Boehringer Ingelheim,Hypothyroidism treatment,Prescription
Losartan,Antifungal,IV Infusion,1mg,Pfizer,Blood clot prevention,Prescription
Lidocaine Cream,Acne Treatment,Spray,400mg,Unilever,Chest congestion and mucus relief,Over-the-Counter
Miconazole,Sleep Aid,Capsule,125mg,Sanofi,Constipation relief,Over-the-Counter
Lidocaine Cream,Analgesic,Tablet,20mg,GSK,GERD and peptic ulcer,Over-the-Counter
Ibuprofen,Topical Antibiotic,Powder,150mg,Prestige Brands,Minor pain and itching relief,Over-the-Counter
Hydrocodone,Anticonvulsant,Tablet,25mg,Merck,Heart attack and stroke prevention,Prescription
Zinc Oxide,Antiplatelet,Lozenge,100mg,Reckitt,Cough suppression,Over-the-Counter
Clotrimazole,Antacid/PPI,Lozenge,5mg,Bayer,Acne treatment,Over-the-Counter
Salicylic Acid,Antifungal,Spray,1%,Pfizer,Minor cuts and skin protection,Over-the-Counter
Metronidazole,Anticoagulant,Nasal Spray,2mg,Johnson & Johnson,Inflammation and autoimmune disorders,Prescription
Lidocaine Cream,Analgesic,Powder,125mg,Chattem,Minor wound infection prevention,Over-the-Counter
Gabapentin,Opioid Analgesic,IV Infusion,250mg,Pfizer,Hypertension and heart failure,Prescription
Famotidine,Antidiarrheal,Lozenge,5%,Pfizer,Chest congestion and mucus relief,Over-the-Counter
Gabapentin,Calcium Channel Blocker,Topical Solution,1mg,AstraZeneca,Heart attack and stroke prevention,Prescription
Ranitidine,Antifungal,Drops,250mg,P&G,Minor pain and itching relief,Over-the-Counter
Omeprazole,Acne Treatment,Tablet,500mg,3M Healthcare,Cough suppression,Over-the-Counter
Amoxicillin,Calcium Channel Blocker,Extended Release Tablet,50mg,Bristol-Myers Squibb,Moderate to severe pain management,Prescription
Bismuth Subsalicylate,Sleep Aid,Spray,25mg,Reckitt,Fungal skin infections,Over-the-Counter
Furosemide,Anticonvulsant,Inhaler,500mg,Abbott,Hypertension and heart failure,Prescription
Hydrocodone,Corticosteroid,Injection,500mg,Eli Lilly,Depression and anxiety disorders,Prescription
Clotrimazole,Antacid/PPI,Liquid,150mg,P&G,Chest congestion and mucus relief,Over-the-Counter
Amoxicillin,Antiplatelet,Injection,5mg,Gilead Sciences,Edema and hypertension,Prescription
Trimethoprim,Bronchodilator,Sublingual Tablet,25mg,Boehringer Ingelheim,Asthma and allergic rhinitis,Prescription
Losartan,Calcium Channel Blocker,Nasal Spray,200mg,Johnson & Johnson,Hypothyroidism treatment,Prescription
Amlodipine,Antidiabetic,Topical Solution,0.5mg,Novartis,GERD and peptic ulcer disease,Prescription
Loperamide,Antihistamine,Chewable Tablet,1%,Pfizer,Diarrhea treatment,Over-the-Counter
Ibuprofen,Topical Corticosteroid,Liquid,325mg,Sanofi,Insomnia and sleep aid,Over-the-Counter
Metronidazole,Beta Blocker,IV Infusion,10mg,Novartis,Bacterial infections treatment,Prescription
Gabapentin,Thyroid Hormone,Suppository,500mg,Gilead Sciences,Blood clot prevention,Prescription
Ciprofloxacin,Bronchodilator,Inhaler,200mcg,Sanofi,Hypertension and heart failure,Prescription
Loratadine,Antiemetic,Gel,325mg,Johnson & Johnson,Nasal congestion relief,Over-the-Counter
Magnesium Hydroxide,Acne Treatment,Chewable Tablet,400mg,GSK,Allergic rhinitis and hives,Over-the-Counter
Escitalopram,Opioid Analgesic,Patch,100mg,Novartis,Bacterial infections treatment,Prescription
Loperamide,Sleep Aid,Capsule,200mg,Sanofi,Diarrhea treatment,Over-the-Counter
Sertraline,Antiplatelet,IV Infusion,50mg,Johnson & Johnson,Hypertension and heart failure,Prescription
Alprazolam,Corticosteroid,Extended Release Tablet,200mg,AstraZeneca,Asthma and bronchospasm,Prescription
Aluminum Hydroxide,Topical Anesthetic,Spray,400mg,Bayer,Gas and bloating relief,Over-the-Counter
Bismuth Subsalicylate,Antiplatelet,Ointment,150mg,Pfizer,Blood clot prevention,Over-the-Counter
Lisinopril,Statin,Extended Release Tablet,10mg,GlaxoSmithKline,Edema and hypertension,Prescription
Furosemide,Antiplatelet,Capsule,500mg,Sanofi,Edema and hypertension,Prescription
Docusate Sodium,Antifungal,Drops,125mg,Reckitt,Chest congestion and mucus relief,Over-the-Counter
Meclizine,Laxative,Tablet,200mg,Sanofi,Heartburn and indigestion,Over-the-Counter
Losartan,Anticonvulsant,Suppository,1000mg,Merck,Type 2 diabetes management,Prescription
Escitalopram,Anticoagulant,Sublingual Tablet,75mg,Amgen,Hypertension and heart failure,Prescription
Dexamethasone,Diuretic,Sublingual Tablet,5mg,Bristol-Myers Squibb,High cholesterol management,Prescription
Cetirizine,Antidiarrheal,Cream,325mg,GSK,Acne treatment,Over-the-Counter
Meclizine,Topical Anesthetic,Liquid,100mg,Pfizer,Heartburn and acid reflux,Over-the-Counter
Alprazolam,Anxiolytic/Benzodiazepine,Sublingual Tablet,150mg,Abbott,Asthma and allergic rhinitis,Prescription
Hydrocortisone Cream,Laxative,Powder,125mg,3M Healthcare,Insomnia and sleep aid,Over-the-Counter
Ciprofloxacin,Antiplatelet,Extended Release Tablet,500mg,Merck,Hypertension and heart failure,Prescription
Famotidine,Decongestant,Chewable Tablet,25mg,Reckitt,Skin inflammation and itching,Over-the-Counter
Montelukast,Beta Blocker,Liquid,75mg,Novartis,Asthma and bronchospasm,Prescription
Alprazolam,Leukotriene Inhibitor,Topical Solution,1000mg,GlaxoSmithKline,Asthma and allergic rhinitis,Prescription
Amoxicillin,Diuretic,Nasal Spray,75mg,Boehringer Ingelheim,Hypertension and heart failure,Prescription
Docusate Sodium,Topical Corticosteroid,Patch,10mg,P&G,Motion sickness and nausea,Over-the-Counter
Salicylic Acid,Antidiarrheal,Patch,20mg,Chattem,Nasal congestion relief,Over-the-Counter
Magnesium Hydroxide,Antiflatulent,Drops,325mg,Bayer,Heartburn and acid reflux,Over-the-Counter
Loratadine,Laxative,Capsule,10mg,Johnson & Johnson,Acne treatment,Over-the-Counter
Levothyroxine,Opioid Analgesic,Sublingual Tablet,0.25mg,Merck,Moderate to severe pain management,Prescription
Cetirizine,Skin Protectant,Gel,150mg,Bayer,Acne treatment,Over-the-Counter
Pregabalin,Antifungal,Extended Release Tablet,500mg,Abbott,Inflammation and autoimmune disorders,Prescription
Lidocaine Cream,Skin Protectant,Lozenge,400mg,3M Healthcare,Chest congestion and mucus relief,Over-the-Counter
Levothyroxine,Antiplatelet,Inhaler,25mg,Pfizer,Hypertension management,Prescription
Montelukast,Beta Blocker,Suppository,10mg,Merck,Depression and anxiety disorders,Prescription
Docusate Sodium,Antidiarrheal,Gel,25mg,Sanofi,Minor cuts and skin protection,Over-the-Counter
Dextromethorphan,Topical Corticosteroid,Capsule,5mg,3M Healthcare,Cough suppression,Over-the-Counter
Pseudoephedrine,Acne Treatment,Cream,25mg,Pfizer,Insomnia and sleep aid,Over-the-Counter
Prednisone,Diuretic,Patch,0.5mg,Amgen,Hypertension and heart failure,Prescription
Doxycycline,Diuretic,Suppository,0.25mg,Roche,Depression and anxiety disorders,Prescription
Trimethoprim,Anticonvulsant,Liquid,200mg,Eli Lilly,Type 2 diabetes management,Prescription
Clopidogrel,ACE Inhibitor,Capsule,1000mg,Abbott,Depression and anxiety disorders,Prescription
Fluoxetine,Thyroid Hormone,Injection,400mcg,Gilead Sciences,Hypertension and angina,Prescription
Naproxen,Laxative,Spray,25mg,3M Healthcare,Minor pain and itching relief,Over-the-Counter
Fluoxetine,Antidiabetic,Tablet,100mcg,Bristol-Myers Squibb,Heart attack and stroke prevention,Prescription
Pregabalin,Antibiotic,Sublingual Tablet,50mcg,Boehringer Ingelheim,Asthma and allergic rhinitis,Prescription
Pantoprazole,Antiplatelet,Sublingual Tablet,50mcg,Pfizer,Type 2 diabetes management,Prescription
Acetaminophen,Sleep Aid,Lozenge,5mg,GSK,Blood clot prevention,Over-the-Counter
Calcium Carbonate,Topical Antibiotic,Tablet,200mg,Pfizer,Heartburn and indigestion,Over-the-Counter
Alprazolam,Antidiabetic,Capsule,0.25mg,Merck,Anxiety and panic disorders,Prescription
Pseudoephedrine,Analgesic,Gel,250mg,Sanofi,Minor cuts and skin protection,Over-the-Counter
Dextromethorphan,Antidiarrheal,Powder,400mg,Chattem,Diarrhea treatment,Over-the-Counter
Cetirizine,Antifungal,Liquid,500mg,Novartis,Fungal skin infections,Over-the-Counter
Azithromycin,Leukotriene Inhibitor,Extended Release Tablet,200mg,Pfizer,Heart attack and stroke prevention,Prescription
Salicylic Acid,Cough Suppressant,Drops,400mg,Sanofi,Gas and bloating relief,Over-the-Counter
Metformin,Corticosteroid,Sublingual Tablet,5mg,Johnson & Johnson,Blood clot prevention,Prescription
Metformin,Antiplatelet,Capsule,500mg,AstraZeneca,Fungal infections treatment,Prescription
Metformin,Antibiotic,IV Infusion,10mg,Roche,Depression and anxiety disorders,Prescription
Amoxicillin,Anxiolytic/Benzodiazepine,Topical Solution,100mcg,Johnson & Johnson,Hypertension management,Prescription
Guaifenesin,Topical Antibiotic,Lozenge,50mg,Sanofi,Diarrhea treatment,Over-the-Counter
Lisinopril,Anticoagulant,Extended Release Tablet,75mg,Amgen,Asthma and bronchospasm,Prescription
Aspirin,Antacid,Liquid,50mg,P&G,Blood clot prevention,Over-the-Counter
Levothyroxine,Bronchodilator,Extended Release Tablet,400mcg,Eli Lilly,Edema and hypertension,Prescription
Losartan,Thyroid Hormone,Extended Release Tablet,2mg,Abbott,Depression and anxiety disorders,Prescription
Simethicone,Antacid/PPI,Patch,20mg,Johnson & Johnson,Fungal skin infections,Over-the-Counter
Fluoxetine,ACE Inhibitor,Topical Solution,1000mg,Boehringer Ingelheim,Moderate to severe pain management,Prescription
Azithromycin,Anticoagulant,Suppository,100mg,Boehringer Ingelheim,Hypertension and angina,Prescription
Bismuth Subsalicylate,Antiflatulent,Ointment,10mg,Sanofi,Acne treatment,Over-the-Counter
Aspirin,Antidiarrheal,Powder,5mg,P&G,Skin inflammation and itching,Over-the-Counter
Salicylic Acid,Sleep Aid,Tablet,150mg,Unilever,Constipation relief,Over-the-Counter
Amoxicillin,Beta Blocker,Patch,50mg,Gilead Sciences,High cholesterol management,Prescription
Simethicone,Topical Antibiotic,Liquid,400mg,Sanofi,Heartburn and indigestion,Over-the-Counter
Simethicone,Antifungal,Powder,5%,Novartis,Allergic rhinitis and hives,Over-the-Counter
Bacitracin,Acne Treatment,Drops,500mg,Sanofi,Acne treatment,Over-the-Counter
Alprazolam,Calcium Channel Blocker,Topical Solution,0.25mg,Gilead Sciences,Heart attack and stroke prevention,Prescription
Prednisone,Thyroid Hormone,Suppository,500mg,Roche,Fungal infections treatment,Prescription
Omeprazole,Topical Corticosteroid,Cream,5%,3M Healthcare,Cough suppression,Over-the-Counter
Lisinopril,Thyroid Hormone,Suppository,500mg,Abbott,High cholesterol management,Prescription
Fluoxetine,Corticosteroid,Capsule,50mcg,Gilead Sciences,Hypertension and heart failure,Prescription
Naproxen,Sleep Aid,Spray,5%,Sanofi,GERD and peptic ulcer,Over-the-Counter
Atorvastatin,PPI,Topical Solution,500mg,AstraZeneca,Fungal infections treatment,Prescription
Omeprazole,Antacid/H2 Blocker,Patch,20mg,GSK,Heartburn and acid reflux,Over-the-Counter
Ranitidine,Skin Protectant,Cream,25mg,Johnson & Johnson,Cough suppression,Over-the-Counter
Bismuth Subsalicylate,Antifungal,Ointment,1%,Unilever,Motion sickness and nausea,Over-the-Counter
Lidocaine Cream,Antidiarrheal,Lozenge,200mg,Johnson & Johnson,Blood clot prevention,Over-the-Counter
Fluoxetine,Calcium Channel Blocker,IV Infusion,200mg,Pfizer,Bacterial infections treatment,Prescription
Salicylic Acid,Antiflatulent,Lozenge,150mg,Sanofi,GERD and peptic ulcer,Over-the-Counter
Pseudoephedrine,Topical Anesthetic,Capsule,2%,Johnson & Johnson,Heartburn and acid reflux,Over-the-Counter
Amlodipine,Anxiolytic/Benzodiazepine,Sublingual Tablet,50mg,GlaxoSmithKline,Heart attack and stroke prevention,Prescription
Diphenhydramine,Antiflatulent,Capsule,50mg,Pfizer,Heartburn and indigestion,Over-the-Counter
Miconazole,Acne Treatment,Cream,5%,Chattem,Heartburn and indigestion,Over-the-Counter
Dexamethasone,Statin,Liquid,0.5mg,Boehringer Ingelheim,Heart attack and stroke prevention,Prescription
Alprazolam,ARB,Patch,200mg,Amgen,Edema and hypertension,Prescription
Metoprolol,ARB,Extended Release Tablet,400mcg,Merck,Hypothyroidism treatment,Prescription
Azithromycin,Diuretic,Capsule,50mcg,Novartis,High cholesterol management,Prescription
Hydrocodone,Diuretic,Extended Release Tablet,50mg,Gilead Sciences,Hypertension and heart failure,Prescription
Gabapentin,Anticonvulsant,Capsule,250mg,Pfizer,Hypertension management,Prescription
Dexamethasone,Antifungal,Topical Solution,500mg,Johnson & Johnson,Moderate to severe pain management,Prescription
Hydrocortisone Cream,Antiflatulent,Chewable Tablet,50mg,GSK,Insomnia and sleep aid,Over-the-Counter
Meclizine,Antacid/PPI,Drops,325mg,P&G,Blood clot prevention,Over-the-Counter
Clotrimazole,Antiflatulent,Gel,500mg,Chattem,Insomnia and sleep aid,Over-the-Counter
Levothyroxine,Antidiabetic,Patch,0.25mg,Gilead Sciences,Inflammation and autoimmune disorders,Prescription
Benzoyl Peroxide,Antiplatelet,Spray,500mg,Johnson & Johnson,Blood clot prevention,Over-the-Counter
Pregabalin,ACE Inhibitor,Topical Solution,0.5mg,Novartis,Epilepsy and neuropathic pain,Prescription
Famotidine,Laxative,Spray,1%,GSK,Blood clot prevention,Over-the-Counter
Benzoyl Peroxide,Antihistamine,Patch,5mg,3M Healthcare,Gas and bloating relief,Over-the-Counter
Doxycycline,Opioid Analgesic,Sublingual Tablet,500mg,Johnson & Johnson,Type 2 diabetes management,Prescription
Gabapentin,Antidiabetic,Tablet,250mg,Boehringer Ingelheim,Edema and hypertension,Prescription
Amoxicillin,Antidiabetic,Patch,5mg,GlaxoSmithKline,Inflammation and autoimmune disorders,Prescription
Neosporin,Antiemetic,Patch,10mg,P&G,Blood clot prevention,Over-the-Counter
Simethicone,Expectorant,Liquid,150mg,P&G,Allergic rhinitis and hives,Over-the-Counter
Warfarin,Antiplatelet,Sublingual Tablet,75mg,Abbott,Hypertension and angina,Prescription
Gabapentin,Anxiolytic/Benzodiazepine,IV Infusion,0.5mg,Novartis,High cholesterol management,Prescription
Lidocaine Cream,Antifungal,Lozenge,5mg,Novartis,Cough suppression,Over-the-Counter
Doxycycline,Anxiolytic/Benzodiazepine,Extended Release Tablet,200mcg,GlaxoSmithKline,Inflammation and autoimmune disorders,Prescription
Dextromethorphan,Antihistamine,Gel,500mg,Johnson & Johnson,Pain relief and fever reduction,Over-the-Counter
Aspirin,Analgesic,Powder,10mg,Prestige Brands,GERD and peptic ulcer,Over-the-Counter
Bismuth Subsalicylate,Decongestant,Drops,125mg,P&G,Skin inflammation and itching,Over-the-Counter
Aluminum Hydroxide,Cough Suppressant,Patch,250mg,Chattem,Heartburn and indigestion,Over-the-Counter
Hydrocodone,Statin,Extended Release Tablet,150mg,Merck,Type 2 diabetes management,Prescription
Metronidazole,Beta Blocker,Patch,20mg,Boehringer Ingelheim,Inflammation and autoimmune disorders,Prescription
Benzoyl Peroxide,Sleep Aid,Cream,250mg,Prestige Brands,Diarrhea treatment,Over-the-Counter
Acetaminophen,Antiemetic,Patch,5mg,Pfizer,GERD and peptic ulcer,Over-the-Counter
Aluminum Hydroxide,Antidiarrheal,Powder,250mg,Novartis,Heartburn and indigestion,Over-the-Counter
Diphenhydramine,Antiflatulent,Gel,1%,3M Healthcare,Fungal skin infections,Over-the-Counter
Simethicone,Antifungal,Tablet,5%,Novartis,Allergic rhinitis and hives,Over-the-Counter
Lidocaine Cream,Analgesic,Patch,10mg,Prestige Brands,Nasal congestion relief,Over-the-Counter
Miconazole,Antacid,Tablet,2%,Novartis,Gas and bloating relief,Over-the-Counter
Bismuth Subsalicylate,Antacid/PPI,Lozenge,100mg,Reckitt,Chest congestion and mucus relief,Over-the-Counter
Pseudoephedrine,Laxative,Drops,25mg,Unilever,Fungal skin infections,Over-the-Counter
Neosporin,Expectorant,Chewable Tablet,10mg,Johnson & Johnson,Acne treatment,Over-the-Counter
Atorvastatin,Antifungal,Nasal Spray,50mg,Johnson & Johnson,Edema and hypertension,Prescription
Zinc Oxide,Topical Corticosteroid,Ointment,5%,Unilever,GERD and peptic ulcer,Over-the-Counter
Loratadine,Antacid,Capsule,500mg,Reckitt,Nasal congestion relief,Over-the-Counter
Neosporin,Skin Protectant,Spray,400mg,Reckitt,Heartburn and indigestion,Over-the-Counter
Prednisone,Corticosteroid,Sublingual Tablet,500mg,Novartis,Hypertension and heart failure,Prescription
Trimethoprim,Diuretic,IV Infusion,200mg,AstraZeneca,Hypertension and heart failure,Prescription
Magnesium Hydroxide,Antacid,Drops,250mg,GSK,Heartburn and indigestion,Over-the-Counter
Dexamethasone,ACE Inhibitor,Patch,1000mg,Gilead Sciences,Type 2 diabetes management,Prescription
Docusate Sodium,Antacid/PPI,Lozenge,250mg,Prestige Brands,Acne treatment,Over-the-Counter
Acetaminophen,Antifungal,Patch,5%,Pfizer,Cough suppression,Over-the-Counter
Aluminum Hydroxide,Expectorant,Cream,150mg,Chattem,Chest congestion and mucus relief,Over-the-Counter
Magnesium Hydroxide,Topical Anesthetic,Powder,150mg,P&G,Chest congestion and mucus relief,Over-the-Counter
Prednisone,Bronchodilator,Patch,0.25mg,Johnson & Johnson,Asthma and bronchospasm,Prescription
Clindamycin,Antiplatelet,Suppository,100mcg,Pfizer,Bacterial infections treatment,Prescription
Miconazole,Topical Antibiotic,Ointment,20mg,P&G,Cough suppression,Over-the-Counter
Acetaminophen,Sleep Aid,Drops,5mg,Sanofi,Gas and bloating relief,Over-the-Counter
Cetirizine,Topical Anesthetic,Drops,400mg,Reckitt,Fungal skin infections,Over-the-Counter
Escitalopram,Opioid Analgesic,Extended Release Tablet,50mg,Johnson & Johnson,Depression and anxiety disorders,Prescription
Albuterol,Anxiolytic/Benzodiazepine,Topical Solution,50mcg,Abbott,Heart attack and stroke prevention,Prescription
Levothyroxine,Anxiolytic/Benzodiazepine,Nasal Spray,10mg,Amgen,Inflammation and autoimmune disorders,Prescription
Metronidazole,Bronchodilator,Topical Solution,10mg,Johnson & Johnson,Asthma and bronchospasm,Prescription
Loperamide,Antidiarrheal,Liquid,1%,Chattem,Nasal congestion relief,Over-the-Counter
Losartan,PPI,Capsule,150mg,Roche,Epilepsy and neuropathic pain,Prescription
Clopidogrel,Antiplatelet,Inhaler,150mg,AstraZeneca,Bacterial infections treatment,Prescription
Miconazole,Antidiarrheal,Chewable Tablet,10mg,Novartis,Motion sickness and nausea,Over-the-Counter
Dexamethasone,PPI,Suppository,0.5mg,AstraZeneca,Asthma and bronchospasm,Prescription
Famotidine,Expectorant,Tablet,25mg,3M Healthcare,Fungal skin infections,Over-the-Counter
Metronidazole,Anticoagulant,Sublingual Tablet,75mg,Sanofi,High cholesterol management,Prescription
Ibuprofen,Analgesic,Drops,125mg,Reckitt,Allergic rhinitis and hives,Over-the-Counter
Ranitidine,Sleep Aid,Drops,5mg,P&G,Constipation relief,Over-the-Counter
Clotrimazole,Antacid/H2 Blocker,Drops,150mg,Johnson & Johnson,Minor pain and itching relief,Over-the-Counter
Amoxicillin,Antidepressant/SSRI,Liquid,250mg,Abbott,Type 2 diabetes management,Prescription
Cetirizine,Topical Anesthetic,Lozenge,400mg,Novartis,Gas and bloating relief,Over-the-Counter
Aluminum Hydroxide,Laxative,Ointment,400mg,Johnson & Johnson,Fungal skin infections,Over-the-Counter
Pseudoephedrine,Antiflatulent,Spray,1%,P&G,Minor pain and itching relief,Over-the-Counter
Amlodipine,Antidepressant/SSRI,Tablet,50mcg,Roche,GERD and peptic ulcer disease,Prescription
Alprazolam,Beta Blocker,Capsule,400mcg,Johnson & Johnson,High cholesterol management,Prescription
Sertraline,Opioid Analgesic,Tablet,400mcg,GlaxoSmithKline,Hypertension management,Prescription
Warfarin,Anxiolytic/Benzodiazepine,Extended Release Tablet,5mg,Pfizer,GERD and peptic ulcer disease,Prescription
Meclizine,Antiplatelet,Drops,1%,Pfizer,Fungal skin infections,Over-the-Counter
Atorvastatin,ARB,Topical Solution,20mg,Amgen,Edema and hypertension,Prescription
Ibuprofen,Antiplatelet,Cream,10mg,GSK,Motion sickness and nausea,Over-the-Counter
Clotrimazole,Antacid,Chewable Tablet,500mg,Johnson & Johnson,Heartburn and indigestion,Over-the-Counter
Magnesium Hydroxide,Antiflatulent,Chewable Tablet,400mg,Prestige Brands,Diarrhea treatment,Over-the-Counter
Montelukast,Anxiolytic/Benzodiazepine,Extended Release Tablet,0.25mg,Pfizer,GERD and peptic ulcer disease,Prescription
Loratadine,Antiemetic,Ointment,5%,3M Healthcare,Diarrhea treatment,Over-the-Counter
Diphenhydramine,Antacid/H2 Blocker,Patch,125mg,GSK,Heartburn and acid reflux,Over-the-Counter
Albuterol,Anticonvulsant,Topical Solution,400mcg,Sanofi,Hypothyroidism treatment,Prescription
Alprazolam,ACE Inhibitor,Suppository,25mg,Novartis,Hypertension management,Prescription
Atorvastatin,Calcium Channel Blocker,Patch,5mg,GlaxoSmithKline,Bacterial infections treatment,Prescription
Lisinopril,Leukotriene Inhibitor,Capsule,75mg,Merck,Hypertension and heart failure,Prescription
Escitalopram,Leukotriene Inhibitor,Liquid,25mg,Merck,Hypothyroidism treatment,Prescription
Clopidogrel,Anticoagulant,Extended Release Tablet,25mg,Eli Lilly,GERD and peptic ulcer disease,Prescription
Guaifenesin,Antiflatulent,Patch,250mg,Prestige Brands,Fungal skin infections,Over-the-Counter
Ranitidine,Topical Antibiotic,Cream,150mg,P&G,Pain relief and fever reduction,Over-the-Counter
Fluoxetine,Antifungal,Inhaler,0.5mg,Roche,High cholesterol management,Prescription
Aluminum Hydroxide,Skin Protectant,Chewable Tablet,500mg,Novartis,Motion sickness and nausea,Over-the-Counter
Amlodipine,Antiplatelet,Inhaler,0.25mg,Pfizer,Hypertension and angina,Prescription
Metronidazole,Calcium Channel Blocker,IV Infusion,50mcg,Pfizer,Hypertension and heart failure,Prescription
Pantoprazole,Calcium Channel Blocker,Suppository,500mg,Amgen,Blood clot prevention,Prescription
Oxycodone,Opioid Analgesic,Topical Solution,1mg,Roche,High cholesterol management,Prescription
Azithromycin,PPI,Inhaler,20mg,Roche,Hypertension and heart failure,Prescription
Furosemide,Antiplatelet,Inhaler,2mg,Roche,Hypertension and angina,Prescription
Trimethoprim,Thyroid Hormone,Liquid,200mg,Sanofi,Blood clot prevention,Prescription
Pseudoephedrine,Expectorant,Ointment,25mg,Pfizer,Minor wound infection prevention,Over-the-Counter
Omeprazole,Cough Suppressant,Tablet,325mg,Novartis,Gas and bloating relief,Over-the-Counter
Fluoxetine,Anticonvulsant,Suppository,5mg,Novartis,Heart attack and stroke prevention,Prescription
Fluoxetine,Opioid Analgesic,Liquid,250mg,Boehringer Ingelheim,Inflammation and autoimmune disorders,Prescription
Acetaminophen,Laxative,Drops,2%,GSK,Cough suppression,Over-the-Counter
Famotidine,Antiemetic,Patch,150mg,3M Healthcare,Motion sickness and nausea,Over-the-Counter
Gabapentin,Corticosteroid,IV Infusion,5mg,Sanofi,GERD and peptic ulcer disease,Prescription
Levothyroxine,PPI,Extended Release Tablet,150mg,Roche,Asthma and allergic rhinitis,Prescription
Metoprolol,Statin,Capsule,1000mg,Amgen,Inflammation and autoimmune disorders,Prescription
Doxycycline,ARB,Tablet,50mcg,AstraZeneca,GERD and peptic ulcer disease,Prescription
Cetirizine,Antacid/PPI,Tablet,1%,Chattem,Insomnia and sleep aid,Over-the-Counter
Lisinopril,ARB,Patch,150mg,AstraZeneca,Heart attack and stroke prevention,Prescription
Prednisone,Antibiotic,Sublingual Tablet,0.25mg,Pfizer,Blood clot prevention,Prescription
Hydrocortisone Cream,Decongestant,Patch,5mg,Sanofi,Cough suppression,Over-the-Counter
Meclizine,Antiemetic,Ointment,25mg,Sanofi,Heartburn and acid reflux,Over-the-Counter
Loratadine,Skin Protectant,Liquid,125mg,Pfizer,Acne treatment,Over-the-Counter
Pseudoephedrine,Topical Corticosteroid,Cream,5%,Unilever,Minor wound infection prevention,Over-the-Counter
Diphenhydramine,Antacid,Ointment,100mg,Prestige Brands,Allergic rhinitis and hives,Over-the-Counter
Benzoyl Peroxide,Analgesic,Patch,400mg,Reckitt,Minor cuts and skin protection,Over-the-Counter
Aspirin,Expectorant,Tablet,325mg,Chattem,Heartburn and indigestion,Over-the-Counter
Oxycodone,Antibiotic,IV Infusion,2mg,Bristol-Myers Squibb,Asthma and bronchospasm,Prescription
Prednisone,Antifungal,Suppository,5mg,Gilead Sciences,Type 2 diabetes management,Prescription
Hydrocortisone Cream,Skin Protectant,Powder,325mg,GSK,Minor wound infection prevention,Over-the-Counter
Loperamide,Antacid/PPI,Gel,50mg,Prestige Brands,Allergic rhinitis and hives,Over-the-Counter
Cetirizine,Antacid/PPI,Drops,150mg,3M Healthcare,Minor wound infection prevention,Over-the-Counter
Diphenhydramine,Acne Treatment,Chewable Tablet,400mg,GSK,Chest congestion and mucus relief,Over-the-Counter
Calcium Carbonate,Antidiarrheal,Cream,125mg,Unilever,Diarrhea treatment,Over-the-Counter
Doxycycline,Antidiabetic,Inhaler,5mg,Abbott,Hypothyroidism treatment,Prescription
Oxycodone,Beta Blocker,Suppository,50mg,Boehringer Ingelheim,Asthma and allergic rhinitis,Prescription
Montelukast,Thyroid Hormone,Suppository,20mg,Gilead Sciences,GERD and peptic ulcer disease,Prescription
Loratadine,Antifungal,Tablet,2%,Sanofi,Insomnia and sleep aid,Over-the-Counter
Guaifenesin,Antifungal,Capsule,200mg,3M Healthcare,Minor pain and itching relief,Over-the-Counter
Albuterol,Antidiabetic,Liquid,100mcg,GlaxoSmithKline,Moderate to severe pain management,Prescription
Sertraline,Bronchodilator,Extended Release Tablet,75mg,Roche,Hypertension management,Prescription
Pregabalin,Corticosteroid,Injection,200mcg,Abbott,Depression and anxiety disorders,Prescription
Aluminum Hydroxide,Cough Suppressant,Cream,5%,Unilever,Insomnia and sleep aid,Over-the-Counter
Magnesium Hydroxide,Topical Antibiotic,Gel,5%,Prestige Brands,Cough suppression,Over-the-Counter
Warfarin,Calcium Channel Blocker,Sublingual Tablet,1000mg,Abbott,Hypothyroidism treatment,Prescription
Furosemide,Antiplatelet,Nasal Spray,250mg,Abbott,Inflammation and autoimmune disorders,Prescription
Dextromethorphan,Antihistamine,Capsule,150mg,Pfizer,GERD and peptic ulcer,Over-the-Counter
Diphenhydramine,Antiflatulent,Spray,50mg,Unilever,Nasal congestion relief,Over-the-Counter
Oxycodone,Beta Blocker,Topical Solution,25mg,Sanofi,Hypertension management,Prescription
Ranitidine,Antiplatelet,Ointment,20mg,Sanofi,Blood clot prevention,Over-the-Counter
Montelukast,ARB,Sublingual Tablet,75mg,Pfizer,Hypertension and heart failure,Prescription
Doxycycline,Statin,Nasal Spray,200mcg,Gilead Sciences,Asthma and allergic rhinitis,Prescription
Losartan,Antifungal,Extended Release Tablet,250mg,Merck,Moderate to severe pain management,Prescription
Bacitracin,Cough Suppressant,Patch,400mg,Reckitt,Heartburn and acid reflux,Over-the-Counter
Dexamethasone,ARB,Topical Solution,400mcg,Gilead Sciences,GERD and peptic ulcer disease,Prescription
Pregabalin,Antibiotic,IV Infusion,50mcg,Merck,Moderate to severe pain management,Prescription
Zinc Oxide,Acne Treatment,Powder,5%,Sanofi,Minor wound infection prevention,Over-the-Counter
Benzoyl Peroxide,Skin Protectant,Chewable Tablet,5mg,Novartis,Heartburn and acid reflux,Over-the-Counter
Loperamide,Antiemetic,Capsule,250mg,3M Healthcare,Gas and bloating relief,Over-the-Counter
Docusate Sodium,Antiemetic,Capsule,1%,Sanofi,Gas and bloating relief,Over-the-Counter
Aspirin,Antacid,Liquid,325mg,GSK,Cough suppression,Over-the-Counter
Furosemide,ARB,Nasal Spray,75mg,Merck,Asthma and allergic rhinitis,Prescription
Amoxicillin,Antifungal,Patch,500mg,Boehringer Ingelheim,Hypertension and angina,Prescription
Clopidogrel,Anxiolytic/Benzodiazepine,Liquid,25mg,Amgen,Inflammation and autoimmune disorders,Prescription
Metoprolol,Diuretic,Patch,10mg,Boehringer Ingelheim,Type 2 diabetes management,Prescription
Escitalopram,Thyroid Hormone,Sublingual Tablet,1mg,Boehringer Ingelheim,Epilepsy and neuropathic pain,Prescription
Diphenhydramine,Antiflatulent,Capsule,400mg,Novartis,Acne treatment,Over-the-Counter
Docusate Sodium,Antacid/H2 Blocker,Capsule,100mg,GSK,GERD and peptic ulcer,Over-the-Counter
Furosemide,Antifungal,Tablet,100mcg,Amgen,Epilepsy and neuropathic pain,Prescription
Guaifenesin,Antiplatelet,Capsule,25mg,Chattem,Motion sickness and nausea,Over-the-Counter
Clindamycin,Beta Blocker,Patch,0.5mg,Merck,Anxiety and panic disorders,Prescription
Loratadine,Topical Corticosteroid,Chewable Tablet,2%,Novartis,Insomnia and sleep aid,Over-the-Counter
Metoprolol,Antidepressant/SSRI,Suppository,200mg,Bristol-Myers Squibb,Hypothyroidism treatment,Prescription
Loratadine,Expectorant,Spray,20mg,Novartis,Blood clot prevention,Over-the-Counter
Gabapentin,Corticosteroid,Sublingual Tablet,75mg,GlaxoSmithKline,High cholesterol management,Prescription
Dextromethorphan,Antiflatulent,Tablet,100mg,Bayer,Motion sickness and nausea,Over-the-Counter
Loratadine,Topical Anesthetic,Capsule,50mg,Novartis,Chest congestion and mucus relief,Over-the-Counter
Montelukast,Diuretic,Liquid,500mg,Amgen,Asthma and allergic rhinitis,Prescription
Albuterol,ARB,Patch,500mg,GlaxoSmithKline,Inflammation and autoimmune disorders,Prescription
Metronidazole,PPI,Capsule,0.25mg,Roche,Depression and anxiety disorders,Prescription
Pregabalin,Opioid Analgesic,Tablet,0.25mg,Pfizer,Depression and anxiety disorders,Prescription
Dextromethorphan,Antiflatulent,Patch,5%,Novartis,Minor wound infection prevention,Over-the-Counter
Montelukast,Anticonvulsant,Extended Release Tablet,75mg,Boehringer Ingelheim,Asthma and allergic rhinitis,Prescription
Aluminum Hydroxide,Cough Suppressant,Cream,325mg,Chattem,Minor cuts and skin protection,Over-the-Counter
Meclizine,Topical Anesthetic,Lozenge,200mg,Pfizer,Fungal skin infections,Over-the-Counter
Prednisone,Antifungal,IV Infusion,0.25mg,Roche,Hypertension and heart failure,Prescription
Oxycodone,Antiplatelet,Inhaler,50mg,Bristol-Myers Squibb,Heart attack and stroke prevention,Prescription
Bacitracin,Antiemetic,Lozenge,50mg,Unilever,Chest congestion and mucus relief,Over-the-Counter
Dexamethasone,Anticonvulsant,Patch,150mg,AstraZeneca,Type 2 diabetes management,Prescription
Escitalopram,Opioid Analgesic,Injection,400mcg,GlaxoSmithKline,Hypertension and angina,Prescription
Aluminum Hydroxide,Antacid/PPI,Tablet,10mg,Sanofi,Gas and bloating relief,Over-the-Counter
Docusate Sodium,Antiflatulent,Lozenge,200mg,Reckitt,Minor pain and itching relief,Over-the-Counter
Omeprazole,Antacid,Capsule,250mg,Unilever,Constipation relief,Over-the-Counter
Alprazolam,Diuretic,Suppository,1mg,Johnson & Johnson,Blood clot prevention,Prescription
Aluminum Hydroxide,Antidiarrheal,Ointment,5mg,Johnson & Johnson,GERD and peptic ulcer,Over-the-Counter
Aspirin,Acne Treatment,Ointment,125mg,Prestige Brands,Nasal congestion relief,Over-the-Counter
Omeprazole,Analgesic,Powder,325mg,3M Healthcare,Blood clot prevention,Over-the-Counter
Clindamycin,ACE Inhibitor,Extended Release Tablet,1000mg,GlaxoSmithKline,Fungal infections treatment,Prescription
Metronidazole,Leukotriene Inhibitor,Extended Release Tablet,1000mg,Boehringer Ingelheim,Epilepsy and neuropathic pain,Prescription
Escitalopram,Leukotriene Inhibitor,Capsule,0.25mg,Bristol-Myers Squibb,Depression and anxiety disorders,Prescription
Acetaminophen,Sleep Aid,Lozenge,50mg,Pfizer,Insomnia and sleep aid,Over-the-Counter
Benzoyl Peroxide,Antacid,Liquid,2%,GSK,Cough suppression,Over-the-Counter
Omeprazole,Topical Corticosteroid,Liquid,500mg,Reckitt,Acne treatment,Over-the-Counter
Meclizine,Decongestant,Powder,50mg,Pfizer,Constipation relief,Over-the-Counter
Clopidogrel,Antifungal,Patch,400mcg,Pfizer,Fungal infections treatment,Prescription
Docusate Sodium,Antiemetic,Cream,325mg,P&G,Skin inflammation and itching,Over-the-Counter
Clopidogrel,Bronchodilator,Liquid,150mg,Bristol-Myers Squibb,Bacterial infections treatment,Prescription
Metronidazole,Anxiolytic/Benzodiazepine,Liquid,2mg,AstraZeneca,Hypertension and heart failure,Prescription
Diphenhydramine,Antiplatelet,Drops,250mg,GSK,Minor wound infection prevention,Over-the-Counter
Ibuprofen,Antiplatelet,Cream,2%,3M Healthcare,Constipation relief,Over-the-Counter
Meclizine,Skin Protectant,Capsule,5mg,P&G,Minor wound infection prevention,Over-the-Counter
Simethicone,Antiflatulent,Capsule,2%,Pfizer,Cough suppression,Over-the-Counter
Hydrocortisone Cream,Antiplatelet,Cream,400mg,Novartis,Cough suppression,Over-the-Counter
Metronidazole,Anticoagulant,Patch,100mg,Roche,Inflammation and autoimmune disorders,Prescription
Neosporin,Skin Protectant,Gel,400mg,Sanofi,Heartburn and acid reflux,Over-the-Counter
Acetaminophen,Antifungal,Powder,250mg,Sanofi,Nasal congestion relief,Over-the-Counter
Diphenhydramine,Antacid/H2 Blocker,Powder,5%,Bayer,Skin inflammation and itching,Over-the-Counter
Zinc Oxide,Analgesic,Ointment,400mg,Novartis,Minor cuts and skin protection,Over-the-Counter
Guaifenesin,Acne Treatment,Cream,400mg,Prestige Brands,Chest congestion and mucus relief,Over-the-Counter
Calcium Carbonate,Topical Antibiotic,Powder,100mg,Reckitt,Chest congestion and mucus relief,Over-the-Counter
Ibuprofen,Antacid/H2 Blocker,Powder,250mg,Pfizer,Minor cuts and skin protection,Over-the-Counter
Doxycycline,Statin,Sublingual Tablet,500mg,Sanofi,Hypertension management,Prescription
Amoxicillin,Antibiotic,Sublingual Tablet,50mcg,Abbott,Type 2 diabetes management,Prescription
Prednisone,Statin,Nasal Spray,75mg,GlaxoSmithKline,Type 2 diabetes management,Prescription
Salicylic Acid,Cough Suppressant,Gel,50mg,GSK,Minor cuts and skin protection,Over-the-Counter
Hydrocortisone Cream,Topical Corticosteroid,Cream,150mg,Johnson & Johnson,Minor pain and itching relief,Over-the-Counter
Pseudoephedrine,Antiplatelet,Capsule,400mg,Chattem,Constipation relief,Over-the-Counter
Neosporin,Antifungal,Lozenge,500mg,Pfizer,Acne treatment,Over-the-Counter
Aluminum Hydroxide,Antacid/PPI,Gel,100mg,Prestige Brands,Diarrhea treatment,Over-the-Counter
Hydrocodone,Anxiolytic/Benzodiazepine,Extended Release Tablet,50mg,AstraZeneca,Fungal infections treatment,Prescription
Pseudoephedrine,Antiemetic,Powder,2%,Bayer,Cough suppression,Over-the-Counter
Aspirin,Sleep Aid,Drops,50mg,Reckitt,Heartburn and indigestion,Over-the-Counter
Pregabalin,Opioid Analgesic,Injection,2mg,AstraZeneca,High cholesterol management,Prescription
Metronidazole,PPI,Injection,250mg,Eli Lilly,Hypertension and heart failure,Prescription
Pantoprazole,Beta Blocker,Topical Solution,500mg,Boehringer Ingelheim,Edema and hypertension,Prescription
Furosemide,Calcium Channel Blocker,IV Infusion,50mcg,Gilead Sciences,Moderate to severe pain management,Prescription
Diphenhydramine,Topical Anesthetic,Lozenge,250mg,Chattem,Motion sickness and nausea,Over-the-Counter
Pseudoephedrine,Topical Anesthetic,Chewable Tablet,20mg,Novartis,Minor cuts and skin protection,Over-the-Counter
Docusate Sodium,Antidiarrheal,Gel,250mg,Prestige Brands,Fungal skin infections,Over-the-Counter
Cetirizine,Acne Treatment,Tablet,5%,P&G,Nasal congestion relief,Over-the-Counter
Famotidine,Antiplatelet,Lozenge,200mg,Unilever,Nasal congestion relief,Over-the-Counter
Metoprolol,Antifungal,Capsule,0.25mg,GlaxoSmithKline,Depression and anxiety disorders,Prescription
Amlodipine,Diuretic,Patch,100mg,AstraZeneca,Anxiety and panic disorders,Prescription
Fluoxetine,Antidepressant/SSRI,Injection,250mg,Gilead Sciences,Hypertension management,Prescription
Miconazole,Topical Antibiotic,Cream,2%,Chattem,Acne treatment,Over-the-Counter
Omeprazole,Antifungal,Gel,125mg,Novartis,Motion sickness and nausea,Over-the-Counter
Warfarin,Leukotriene Inhibitor,Patch,50mg,Pfizer,Hypertension and heart failure,Prescription
Loperamide,Laxative,Lozenge,25mg,Unilever,Motion sickness and nausea,Over-the-Counter
Calcium Carbonate,Laxative,Cream,2%,Unilever,Nasal congestion relief,Over-the-Counter
Aluminum Hydroxide,Topical Corticosteroid,Lozenge,250mg,Unilever,GERD and peptic ulcer,Over-the-Counter
Naproxen,Cough Suppressant,Patch,5mg,Pfizer,Minor cuts and skin protection,Over-the-Counter
Clopidogrel,Anxiolytic/Benzodiazepine,Topical Solution,5mg,Sanofi,Hypertension management,Prescription
Loratadine,Skin Protectant,Ointment,125mg,GSK,Insomnia and sleep aid,Over-the-Counter
Bacitracin,Topical Antibiotic,Capsule,250mg,Sanofi,Heartburn and acid reflux,Over-the-Counter
Guaifenesin,Antidiarrheal,Spray,10mg,Novartis,Nasal congestion relief,Over-the-Counter
Azithromycin,ACE Inhibitor,Liquid,1000mg,Roche,Type 2 diabetes management,Prescription
Trimethoprim,Bronchodilator,Patch,100mg,GlaxoSmithKline,Type 2 diabetes management,Prescription
Clotrimazole,Topical Antibiotic,Cream,400mg,GSK,Cough suppression,Over-the-Counter
Prednisone,Bronchodilator,Topical Solution,200mcg,GlaxoSmithKline,Hypertension management,Prescription
Dexamethasone,PPI,Topical Solution,0.25mg,Gilead Sciences,Type 2 diabetes management,Prescription
Amoxicillin,Anticonvulsant,Topical Solution,25mg,Abbott,Hypertension and heart failure,Prescription
Naproxen,Expectorant,Powder,200mg,P&G,Diarrhea treatment,Over-the-Counter
Dextromethorphan,Cough Suppressant,Drops,250mg,Johnson & Johnson,Acne treatment,Over-the-Counter
Pantoprazole,Anxiolytic/Benzodiazepine,Sublingual Tablet,250mg,Bristol-Myers Squibb,Anxiety and panic disorders,Prescription
Meclizine,Acne Treatment,Capsule,325mg,Unilever,Motion sickness and nausea,Over-the-Counter
Oxycodone,Anticoagulant,Capsule,2mg,Bristol-Myers Squibb,Anxiety and panic disorders,Prescription
Pantoprazole,Opioid Analgesic,Nasal Spray,2mg,Pfizer,Asthma and allergic rhinitis,Prescription
Meclizine,Skin Protectant,Ointment,10mg,Pfizer,Diarrhea treatment,Over-the-Counter
Atorvastatin,Opioid Analgesic,Suppository,0.5mg,Eli Lilly,Fungal infections treatment,Prescription
Ibuprofen,Decongestant,Liquid,100mg,Prestige Brands,Heartburn and indigestion,Over-the-Counter
Aluminum Hydroxide,Analgesic,Powder,200mg,P&G,Blood clot prevention,Over-the-Counter
Gabapentin,PPI,Tablet,25mg,Pfizer,Hypertension management,Prescription
Naproxen,Topical Corticosteroid,Liquid,5mg,Reckitt,GERD and peptic ulcer,Over-the-Counter
Metoprolol,Anxiolytic/Benzodiazepine,Capsule,200mg,Johnson & Johnson,Epilepsy and neuropathic pain,Prescription
Dexamethasone,Antidepressant/SSRI,Tablet,10mg,Boehringer Ingelheim,Hypothyroidism treatment,Prescription
Oxycodone,Antidepressant/SSRI,Liquid,100mcg,Amgen,Inflammation and autoimmune disorders,Prescription
Ibuprofen,Cough Suppressant,Gel,25mg,Reckitt,Fungal skin infections,Over-the-Counter
Aspirin,Cough Suppressant,Chewable Tablet,1%,Unilever,Heartburn and acid reflux,Over-the-Counter
Hydrocortisone Cream,Antiplatelet,Gel,200mg,Reckitt,Allergic rhinitis and hives,Over-the-Counter
Omeprazole,Sleep Aid,Spray,200mg,3M Healthcare,Heartburn and indigestion,Over-the-Counter
Aluminum Hydroxide,Antihistamine,Cream,125mg,GSK,Blood clot prevention,Over-the-Counter
Albuterol,Corticosteroid,Suppository,200mg,Abbott,Moderate to severe pain management,Prescription
Clindamycin,PPI,Patch,10mg,Boehringer Ingelheim,High cholesterol management,Prescription
Loratadine,Antacid/H2 Blocker,Capsule,10mg,Pfizer,Chest congestion and mucus relief,Over-the-Counter
Docusate Sodium,Topical Corticosteroid,Tablet,5%,Novartis,Nasal congestion relief,Over-the-Counter
Benzoyl Peroxide,Analgesic,Capsule,500mg,GSK,Gas and bloating relief,Over-the-Counter
Guaifenesin,Antacid/PPI,Chewable Tablet,100mg,Chattem,Blood clot prevention,Over-the-Counter
Amlodipine,Anticoagulant,Inhaler,250mg,GlaxoSmithKline,Inflammation and autoimmune disorders,Prescription
Omeprazole,Skin Protectant,Drops,10mg,Reckitt,Pain relief and fever reduction,Over-the-Counter
Metoprolol,Beta Blocker,Nasal Spray,5mg,Pfizer,Heart attack and stroke prevention,Prescription
Prednisone,Antiplatelet,IV Infusion,5mg,Merck,Inflammation and autoimmune disorders,Prescription
Doxycycline,Antidepressant/SSRI,Capsule,100mcg,AstraZeneca,Blood clot prevention,Prescription
Levothyroxine,PPI,Capsule,1mg,Merck,Hypothyroidism treatment,Prescription
Acetaminophen,Topical Antibiotic,Patch,25mg,Bayer,Blood clot prevention,Over-the-Counter
Warfarin,Statin,Capsule,250mg,Merck,Asthma and bronchospasm,Prescription
Amoxicillin,Anxiolytic/Benzodiazepine,IV Infusion,5mg,AstraZeneca,Blood clot prevention,Prescription
Neosporin,Antiemetic,Cream,2%,P&G,Acne treatment,Over-the-Counter
Levothyroxine,Anticonvulsant,Patch,10mg,Eli Lilly,GERD and peptic ulcer disease,Prescription
Salicylic Acid,Topical Corticosteroid,Drops,100mg,Novartis,Cough suppression,Over-the-Counter
Metronidazole,Antiplatelet,Patch,0.5mg,Novartis,Asthma and allergic rhinitis,Prescription
Lisinopril,Thyroid Hormone,Nasal Spray,100mg,Eli Lilly,Fungal infections treatment,Prescription
Levothyroxine,Antiplatelet,Liquid,0.5mg,Pfizer,Heart attack and stroke prevention,Prescription
Loratadine,Topical Anesthetic,Gel,20mg,3M Healthcare,Gas and bloating relief,Over-the-Counter
Hydrocodone,ARB,Nasal Spray,50mg,Merck,Fungal infections treatment,Prescription
Clotrimazole,Antidiarrheal,Spray,250mg,Pfizer,GERD and peptic ulcer,Over-the-Counter
Omeprazole,Cough Suppressant,Patch,10mg,Bayer,Skin inflammation and itching,Over-the-Counter
Alprazolam,Anticoagulant,Tablet,0.25mg,Roche,Blood clot prevention,Prescription
Ciprofloxacin,ARB,Nasal Spray,1000mg,Johnson & Johnson,Moderate to severe pain management,Prescription
Clopidogrel,Leukotriene Inhibitor,Suppository,1000mg,Roche,Hypertension and angina,Prescription
Amlodipine,Anticonvulsant,Patch,100mcg,Merck,Hypertension and heart failure,Prescription
Clindamycin,PPI,Liquid,100mg,AstraZeneca,Blood clot prevention,Prescription
Oxycodone,Corticosteroid,Tablet,50mcg,Pfizer,Type 2 diabetes management,Prescription
Amoxicillin,PPI,Capsule,1mg,Abbott,Anxiety and panic disorders,Prescription
Loratadine,Antacid/PPI,Cream,20mg,GSK,Motion sickness and nausea,Over-the-Counter
Aluminum Hydroxide,Analgesic,Gel,400mg,Johnson & Johnson,GERD and peptic ulcer,Over-the-Counter
Metformin,Beta Blocker,IV Infusion,20mg,Amgen,Asthma and bronchospasm,Prescription
Acetaminophen,Antacid,Chewable Tablet,250mg,P&G,Insomnia and sleep aid,Over-the-Counter
Lidocaine Cream,Antacid,Lozenge,250mg,Novartis,Cough suppression,Over-the-Counter
Dextromethorphan,Expectorant,Spray,5mg,Pfizer,Diarrhea treatment,Over-the-Counter
Lisinopril,Anticoagulant,Nasal Spray,200mg,Boehringer Ingelheim,Epilepsy and neuropathic pain,Prescription
Losartan,Opioid Analgesic,Tablet,400mcg,GlaxoSmithKline,Heart attack and stroke prevention,Prescription
Miconazole,Antacid/H2 Blocker,Tablet,20mg,Unilever,Allergic rhinitis and hives,Over-the-Counter
Metronidazole,Anticoagulant,Capsule,0.5mg,Sanofi,High cholesterol management,Prescription
Bismuth Subsalicylate,Laxative,Powder,25mg,3M Healthcare,Fungal skin infections,Over-the-Counter
Lisinopril,Diuretic,Tablet,100mg,GlaxoSmithKline,High cholesterol management,Prescription
Prednisone,Leukotriene Inhibitor,Suppository,1mg,GlaxoSmithKline,Bacterial infections treatment,Prescription
Omeprazole,Expectorant,Lozenge,20mg,3M Healthcare,Cough suppression,Over-the-Counter
Gabapentin,Statin,Nasal Spray,100mg,Boehringer Ingelheim,Moderate to severe pain management,Prescription
Calcium Carbonate,Antifungal,Drops,25mg,P&G,Insomnia and sleep aid,Over-the-Counter
Prednisone,Diuretic,Injection,250mg,Johnson & Johnson,Hypertension and angina,Prescription
Diphenhydramine,Skin Protectant,Drops,5mg,Johnson & Johnson,Blood clot prevention,Over-the-Counter
Fluoxetine,Thyroid Hormone,Capsule,1mg,Eli Lilly,Anxiety and panic disorders,Prescription
Aluminum Hydroxide,Antifungal,Patch,250mg,3M Healthcare,Nasal congestion relief,Over-the-Counter
Losartan,Antidepressant/SSRI,Injection,200mg,Merck,Depression and anxiety disorders,Prescription
Pantoprazole,PPI,Tablet,1mg,Abbott,Hypertension and heart failure,Prescription
Naproxen,Antiflatulent,Cream,325mg,Novartis,Pain relief and fever reduction,Over-the-Counter
Docusate Sodium,Skin Protectant,Ointment,1%,GSK,Motion sickness and nausea,Over-the-Counter
Pantoprazole,Thyroid Hormone,Tablet,400mcg,Amgen,Hypertension and heart failure,Prescription
Magnesium Hydroxide,Decongestant,Patch,400mg,Chattem,Gas and bloating relief,Over-the-Counter
Warfarin,Statin,IV Infusion,500mg,Eli Lilly,Asthma and bronchospasm,Prescription
Bismuth Subsalicylate,Acne Treatment,Powder,100mg,Sanofi,Motion sickness and nausea,Over-the-Counter
Clindamycin,Anticoagulant,Topical Solution,0.25mg,GlaxoSmithKline,Inflammation and autoimmune disorders,Prescription
Clotrimazole,Antiflatulent,Capsule,2%,Unilever,GERD and peptic ulcer,Over-the-Counter
Metoprolol,Statin,Inhaler,20mg,Abbott,Hypertension and angina,Prescription
Pantoprazole,Diuretic,Nasal Spray,2mg,Novartis,Hypertension and heart failure,Prescription
Bismuth Subsalicylate,Antidiarrheal,Spray,50mg,Reckitt,Cough suppression,Over-the-Counter
Simethicone,Antacid,Cream,325mg,Chattem,Gas and bloating relief,Over-the-Counter
Calcium Carbonate,Antihistamine,Powder,10mg,Bayer,Heartburn and indigestion,Over-the-Counter
Amoxicillin,Calcium Channel Blocker,Sublingual Tablet,50mcg,Gilead Sciences,Hypertension and heart failure,Prescription
Furosemide,Corticosteroid,Capsule,250mg,Merck,Asthma and bronchospasm,Prescription
Metoprolol,Opioid Analgesic,Injection,75mg,Novartis,Hypertension management,Prescription
Diphenhydramine,Antidiarrheal,Powder,400mg,P&G,Nasal congestion relief,Over-the-Counter
Clotrimazole,Sleep Aid,Spray,125mg,Chattem,Constipation relief,Over-the-Counter
Calcium Carbonate,Sleep Aid,Chewable Tablet,150mg,Prestige Brands,Nasal congestion relief,Over-the-Counter
Diphenhydramine,Analgesic,Ointment,5mg,Prestige Brands,Chest congestion and mucus relief,Over-the-Counter
Bismuth Subsalicylate,Skin Protectant,Ointment,200mg,Pfizer,Insomnia and sleep aid,Over-the-Counter
Montelukast,Bronchodilator,Nasal Spray,400mcg,AstraZeneca,GERD and peptic ulcer disease,Prescription
Acetaminophen,Analgesic,Tablet,25mg,P&G,Minor wound infection prevention,Over-the-Counter
Azithromycin,Opioid Analgesic,Sublingual Tablet,10mg,Sanofi,High cholesterol management,Prescription
Salicylic Acid,Antacid,Drops,125mg,P&G,Motion sickness and nausea,Over-the-Counter
Warfarin,Anticonvulsant,Extended Release Tablet,75mg,GlaxoSmithKline,Asthma and bronchospasm,Prescription
Miconazole,Analgesic,Chewable Tablet,2%,Prestige Brands,Chest congestion and mucus relief,Over-the-Counter
Montelukast,Antibiotic,Capsule,200mg,Amgen,GERD and peptic ulcer disease,Prescription
Escitalopram,Bronchodilator,Sublingual Tablet,50mg,Sanofi,Asthma and allergic rhinitis,Prescription
Albuterol,Antifungal,Capsule,200mg,Amgen,Moderate to severe pain management,Prescription
Atorvastatin,Antidiabetic,Suppository,250mg,Boehringer Ingelheim,Moderate to severe pain management,Prescription
Warfarin,Bronchodilator,Sublingual Tablet,250mg,GlaxoSmithKline,Heart attack and stroke prevention,Prescription
Alprazolam,Corticosteroid,Topical Solution,20mg,Johnson & Johnson,High cholesterol management,Prescription
Prednisone,Antidepressant/SSRI,Suppository,25mg,Abbott,Type 2 diabetes management,Prescription
Zinc Oxide,Sleep Aid,Tablet,50mg,Bayer,Chest congestion and mucus relief,Over-the-Counter
Calcium Carbonate,Antihistamine,Tablet,500mg,GSK,Minor cuts and skin protection,Over-the-Counter
Pantoprazole,Antidepressant/SSRI,Extended Release Tablet,250mg,Sanofi,Anxiety and panic disorders,Prescription
Miconazole,Antidiarrheal,Cream,125mg,Unilever,Fungal skin infections,Over-the-Counter
Losartan,ACE Inhibitor,Liquid,100mg,Merck,Edema and hypertension,Prescription
Escitalopram,Leukotriene Inhibitor,IV Infusion,10mg,Novartis,Moderate to severe pain management,Prescription
Miconazole,Antiemetic,Tablet,1%,Chattem,Diarrhea treatment,Over-the-Counter
Amoxicillin,Opioid Analgesic,Extended Release Tablet,1000mg,Abbott,Depression and anxiety disorders,Prescription
Escitalopram,Anticonvulsant,IV Infusion,10mg,Abbott,Type 2 diabetes management,Prescription
Gabapentin,Anticoagulant,Capsule,2mg,AstraZeneca,High cholesterol management,Prescription
Ranitidine,Antidiarrheal,Drops,250mg,Johnson & Johnson,Allergic rhinitis and hives,Over-the-Counter
Gabapentin,Opioid Analgesic,Injection,0.25mg,Eli Lilly,Heart attack and stroke prevention,Prescription
Salicylic Acid,Topical Anesthetic,Patch,25mg,GSK,Cough suppression,Over-the-Counter
Aspirin,Acne Treatment,Drops,150mg,Unilever,Heartburn and acid reflux,Over-the-Counter
Prednisone,Statin,Injection,75mg,Boehringer Ingelheim,Hypertension management,Prescription
Gabapentin,Antidepressant/SSRI,Tablet,0.5mg,Bristol-Myers Squibb,Inflammation and autoimmune disorders,Prescription
Meclizine,Antacid/PPI,Capsule,5%,Johnson & Johnson,Minor pain and itching relief,Over-the-Counter
Naproxen,Skin Protectant,Cream,100mg,GSK,Gas and bloating relief,Over-the-Counter
Diphenhydramine,Topical Antibiotic,Capsule,25mg,Bayer,Heartburn and indigestion,Over-the-Counter
Aspirin,Antiflatulent,Gel,25mg,3M Healthcare,Diarrhea treatment,Over-the-Counter
Docusate Sodium,Expectorant,Ointment,25mg,3M Healthcare,Motion sickness and nausea,Over-the-Counter
Amlodipine,Statin,Injection,0.25mg,Sanofi,Depression and anxiety disorders,Prescription
Aspirin,Skin Protectant,Tablet,25mg,Bayer,Constipation relief,Over-the-Counter
Zinc Oxide,Antacid/H2 Blocker,Lozenge,400mg,Bayer,Blood clot prevention,Over-the-Counter
Dextromethorphan,Expectorant,Spray,150mg,Pfizer,Heartburn and indigestion,Over-the-Counter
Loratadine,Decongestant,Patch,25mg,3M Healthcare,Nasal congestion relief,Over-the-Counter
Azithromycin,ARB,Inhaler,50mcg,Eli Lilly,Hypertension and heart failure,Prescription
Naproxen,Cough Suppressant,Ointment,50mg,Johnson & Johnson,Fungal skin infections,Over-the-Counter
Metoprolol,Antibiotic,Inhaler,200mcg,Sanofi,Type 2 diabetes management,Prescription
Metronidazole,Calcium Channel Blocker,Extended Release Tablet,25mg,Roche,Edema and hypertension,Prescription
Clotrimazole,Antiplatelet,Liquid,250mg,GSK,Heartburn and indigestion,Over-the-Counter
Montelukast,Beta Blocker,IV Infusion,100mcg,Abbott,Blood clot prevention,Prescription
Ciprofloxacin,Calcium Channel Blocker,Suppository,100mg,Eli Lilly,Hypertension and heart failure,Prescription
Ranitidine,Sleep Aid,Spray,50mg,Sanofi,Minor wound infection prevention,Over-the-Counter
Metformin,Leukotriene Inhibitor,Sublingual Tablet,2mg,Merck,Fungal infections treatment,Prescription
Ranitidine,Expectorant,Cream,5%,3M Healthcare,Heartburn and indigestion,Over-the-Counter
Bismuth Subsalicylate,Antiplatelet,Spray,100mg,Reckitt,Fungal skin infections,Over-the-Counter
Warfarin,Leukotriene Inhibitor,Tablet,75mg,GlaxoSmithKline,Asthma and bronchospasm,Prescription
Guaifenesin,Skin Protectant,Chewable Tablet,400mg,Johnson & Johnson,Allergic rhinitis and hives,Over-the-Counter
Metoprolol,Opioid Analgesic,Extended Release Tablet,0.5mg,Merck,High cholesterol management,Prescription
Furosemide,Anticonvulsant,Injection,250mg,Merck,Inflammation and autoimmune disorders,Prescription
Calcium Carbonate,Topical Anesthetic,Chewable Tablet,150mg,Johnson & Johnson,Chest congestion and mucus relief,Over-the-Counter
Omeprazole,Analgesic,Spray,25mg,Sanofi,Skin inflammation and itching,Over-the-Counter
Escitalopram,Antifungal,Tablet,5mg,Sanofi,Asthma and allergic rhinitis,Prescription
Amlodipine,Thyroid Hormone,Extended Release Tablet,20mg,Merck,Hypertension management,Prescription
Loratadine,Antidiarrheal,Powder,325mg,Sanofi,Blood clot prevention,Over-the-Counter
Atorvastatin,Diuretic,Tablet,200mg,Amgen,Anxiety and panic disorders,Prescription
Prednisone,PPI,Extended Release Tablet,0.5mg,Roche,Fungal infections treatment,Prescription
Furosemide,PPI,Patch,0.25mg,Eli Lilly,Hypertension and angina,Prescription
Acetaminophen,Antiplatelet,Gel,100mg,Unilever,Heartburn and indigestion,Over-the-Counter
Dextromethorphan,Skin Protectant,Capsule,2%,3M Healthcare,Minor wound infection prevention,Over-the-Counter
Alprazolam,Leukotriene Inhibitor,Nasal Spray,0.25mg,Gilead Sciences,Moderate to severe pain management,Prescription
Benzoyl Peroxide,Antacid,Tablet,50mg,Pfizer,Diarrhea treatment,Over-the-Counter
Lidocaine Cream,Antiplatelet,Lozenge,25mg,3M Healthcare,Allergic rhinitis and hives,Over-the-Counter
Omeprazole,Antiemetic,Patch,1%,Johnson & Johnson,Diarrhea treatment,Over-the-Counter
Hydrocortisone Cream,Antacid/PPI,Chewable Tablet,2%,Novartis,Gas and bloating relief,Over-the-Counter
Levothyroxine,Corticosteroid,Capsule,5mg,Abbott,Hypertension and angina,Prescription
Levothyroxine,Calcium Channel Blocker,Capsule,50mcg,Merck,Anxiety and panic disorders,Prescription
Hydrocortisone Cream,Cough Suppressant,Ointment,10mg,Novartis,Allergic rhinitis and hives,Over-the-Counter
Guaifenesin,Skin Protectant,Tablet,10mg,GSK,Minor cuts and skin protection,Over-the-Counter
Omeprazole,Acne Treatment,Lozenge,100mg,Bayer,Diarrhea treatment,Over-the-Counter
Docusate Sodium,Antidiarrheal,Gel,250mg,Sanofi,Nasal congestion relief,Over-the-Counter
Levothyroxine,Bronchodilator,Nasal Spray,0.25mg,Pfizer,Moderate to severe pain management,Prescription
Naproxen,Laxative,Gel,500mg,3M Healthcare,Acne treatment,Over-the-Counter
Gabapentin,ARB,Liquid,250mg,GlaxoSmithKline,Hypertension and heart failure,Prescription
Azithromycin,Calcium Channel Blocker,Topical Solution,400mcg,Amgen,Hypertension and heart failure,Prescription
Ibuprofen,Topical Antibiotic,Ointment,25mg,Sanofi,Minor cuts and skin protection,Over-the-Counter
Losartan,Diuretic,Injection,0.5mg,Boehringer Ingelheim,Asthma and allergic rhinitis,Prescription
Dexamethasone,Opioid Analgesic,Patch,2mg,Roche,Heart attack and stroke prevention,Prescription
Magnesium Hydroxide,Decongestant,Patch,250mg,GSK,Heartburn and acid reflux,Over-the-Counter
Aluminum Hydroxide,Antihistamine,Capsule,20mg,3M Healthcare,Constipation relief,Over-the-Counter
Levothyroxine,Antidepressant/SSRI,Inhaler,2mg,Abbott,Hypertension and heart failure,Prescription
Levothyroxine,Anxiolytic/Benzodiazepine,Injection,5mg,Roche,Hypertension and angina,Prescription
Cetirizine,Antacid/PPI,Cream,400mg,Sanofi,Minor pain and itching relief,Over-the-Counter
Bacitracin,Skin Protectant,Tablet,500mg,Reckitt,Motion sickness and nausea,Over-the-Counter
Simethicone,Antiemetic,Powder,325mg,Chattem,Minor pain and itching relief,Over-the-Counter
Diphenhydramine,Antidiarrheal,Spray,125mg,Sanofi,Insomnia and sleep aid,Over-the-Counter
Benzoyl Peroxide,Topical Corticosteroid,Capsule,400mg,Reckitt,Cough suppression,Over-the-Counter
Montelukast,ARB,Capsule,0.25mg,Gilead Sciences,Moderate to severe pain management,Prescription
Metoprolol,ARB,Inhaler,400mcg,Pfizer,Hypertension and heart failure,Prescription
Aluminum Hydroxide,Antacid/PPI,Spray,125mg,Bayer,Fungal skin infections,Over-the-Counter
Calcium Carbonate,Antiflatulent,Chewable Tablet,125mg,3M Healthcare,Nasal congestion relief,Over-the-Counter
Clindamycin,Antifungal,Patch,500mg,Eli Lilly,Asthma and bronchospasm,Prescription
Montelukast,Antifungal,IV Infusion,500mg,Merck,Depression and anxiety disorders,Prescription
Albuterol,Antibiotic,Nasal Spray,0.25mg,Gilead Sciences,High cholesterol management,Prescription
Pantoprazole,Anxiolytic/Benzodiazepine,IV Infusion,150mg,Pfizer,Type 2 diabetes management,Prescription
Guaifenesin,Antiemetic,Spray,500mg,Unilever,Gas and bloating relief,Over-the-Counter
Zinc Oxide,Antidiarrheal,Gel,100mg,Chattem,GERD and peptic ulcer,Over-the-Counter
Escitalopram,ACE Inhibitor,Sublingual Tablet,0.25mg,Bristol-Myers Squibb,High cholesterol management,Prescription
Pseudoephedrine,Cough Suppressant,Cream,150mg,GSK,Allergic rhinitis and hives,Over-the-Counter
Gabapentin,Thyroid Hormone,Capsule,500mg,Boehringer Ingelheim,Hypothyroidism treatment,Prescription
Levothyroxine,PPI,Nasal Spray,0.5mg,Pfizer,Epilepsy and neuropathic pain,Prescription
Sertraline,Calcium Channel Blocker,Topical Solution,250mg,GlaxoSmithKline,Edema and hypertension,Prescription
Diphenhydramine,Antacid/PPI,Powder,125mg,Novartis,Heartburn and indigestion,Over-the-Counter
Azithromycin,Opioid Analgesic,Capsule,100mg,Sanofi,Hypertension and heart failure,Prescription
Doxycycline,Antidiabetic,Injection,400mcg,Bristol-Myers Squibb,GERD and peptic ulcer disease,Prescription
Loratadine,Antacid/H2 Blocker,Tablet,125mg,Pfizer,Blood clot prevention,Over-the-Counter
Trimethoprim,Antidepressant/SSRI,Extended Release Tablet,2mg,AstraZeneca,Hypertension and heart failure,Prescription
Trimethoprim,Antibiotic,Injection,1000mg,AstraZeneca,Hypertension and heart failure,Prescription
Amoxicillin,Corticosteroid,Sublingual Tablet,25mg,Novartis,Asthma and bronchospasm,Prescription
Cetirizine,Topical Corticosteroid,Spray,2%,P&G,Pain relief and fever reduction,Over-the-Counter
Montelukast,Bronchodilator,Liquid,50mg,Eli Lilly,Epilepsy and neuropathic pain,Prescription
Docusate Sodium,Skin Protectant,Drops,5%,P&G,Heartburn and acid reflux,Over-the-Counter
Alprazolam,Diuretic,IV Infusion,500mg,Eli Lilly,Moderate to severe pain management,Prescription
Salicylic Acid,Antidiarrheal,Ointment,2%,P&G,Diarrhea treatment,Over-the-Counter
Guaifenesin,Acne Treatment,Patch,500mg,GSK,Motion sickness and nausea,Over-the-Counter
Bismuth Subsalicylate,Cough Suppressant,Ointment,20mg,Novartis,Pain relief and fever reduction,Over-the-Counter
Pseudoephedrine,Topical Anesthetic,Powder,100mg,Reckitt,Minor pain and itching relief,Over-the-Counter
Clotrimazole,Antiplatelet,Liquid,5mg,Pfizer,Acne treatment,Over-the-Counter
Pantoprazole,Antidepressant/SSRI,Tablet,150mg,GlaxoSmithKline,Depression and anxiety disorders,Prescription
Hydrocodone,Bronchodilator,Liquid,400mcg,Boehringer Ingelheim,Edema and hypertension,Prescription
Calcium Carbonate,Antihistamine,Patch,1%,Chattem,Cough suppression,Over-the-Counter
Dexamethasone,Leukotriene Inhibitor,Sublingual Tablet,1mg,Bristol-Myers Squibb,Moderate to severe pain management,Prescription
Gabapentin,Statin,Nasal Spray,50mcg,Boehringer Ingelheim,Asthma and bronchospasm,Prescription
Warfarin,Opioid Analgesic,Inhaler,400mcg,Sanofi,Anxiety and panic disorders,Prescription
Acetaminophen,Skin Protectant,Patch,125mg,P&G,Acne treatment,Over-the-Counter
Clopidogrel,Antifungal,Liquid,500mg,Abbott,Fungal infections treatment,Prescription
Clindamycin,Calcium Channel Blocker,Nasal Spray,5mg,Novartis,Hypertension management,Prescription
Clotrimazole,Topical Antibiotic,Drops,2%,Pfizer,Fungal skin infections,Over-the-Counter
Clotrimazole,Acne Treatment,Liquid,5%,Pfizer,Skin inflammation and itching,Over-the-Counter
Loratadine,Antiflatulent,Chewable Tablet,150mg,Unilever,Fungal skin infections,Over-the-Counter
Docusate Sodium,Cough Suppressant,Ointment,125mg,P&G,Acne treatment,Over-the-Counter
Dextromethorphan,Sleep Aid,Patch,25mg,Johnson & Johnson,Minor pain and itching relief,Over-the-Counter
Salicylic Acid,Cough Suppressant,Chewable Tablet,500mg,P&G,Diarrhea treatment,Over-the-Counter
Lisinopril,Antiplatelet,Nasal Spray,200mcg,Merck,Depression and anxiety disorders,Prescription
Furosemide,ARB,Sublingual Tablet,25mg,AstraZeneca,Hypertension and heart failure,Prescription
Albuterol,Antifungal,Sublingual Tablet,25mg,Eli Lilly,Hypertension and heart failure,Prescription
Trimethoprim,Corticosteroid,Patch,50mcg,AstraZeneca,Hypertension management,Prescription
Trimethoprim,Leukotriene Inhibitor,Topical Solution,150mg,GlaxoSmithKline,Hypothyroidism treatment,Prescription
Trimethoprim,Beta Blocker,Patch,200mg,Merck,Hypertension and heart failure,Prescription
Hydrocodone,Corticosteroid,Liquid,1000mg,AstraZeneca,Bacterial infections treatment,Prescription
Bacitracin,Sleep Aid,Powder,325mg,Prestige Brands,GERD and peptic ulcer,Over-the-Counter
Warfarin,Anticoagulant,Suppository,100mg,Gilead Sciences,Hypothyroidism treatment,Prescription
Omeprazole,Topical Corticosteroid,Ointment,25mg,Reckitt,Skin inflammation and itching,Over-the-Counter
Trimethoprim,Calcium Channel Blocker,Injection,0.25mg,Eli Lilly,Edema and hypertension,Prescription
Ciprofloxacin,Opioid Analgesic,Patch,400mcg,Johnson & Johnson,Depression and anxiety disorders,Prescription
Pseudoephedrine,Antidiarrheal,Cream,125mg,Reckitt,Heartburn and acid reflux,Over-the-Counter
Aluminum Hydroxide,Skin Protectant,Tablet,5%,Reckitt,GERD and peptic ulcer,Over-the-Counter
Naproxen,Topical Antibiotic,Capsule,250mg,Sanofi,Pain relief and fever reduction,Over-the-Counter
Bacitracin,Antidiarrheal,Tablet,1%,Sanofi,Fungal skin infections,Over-the-Counter
Albuterol,PPI,Injection,100mcg,Eli Lilly,Hypothyroidism treatment,Prescription
Naproxen,Antacid,Gel,325mg,Prestige Brands,Minor pain and itching relief,Over-the-Counter
Diphenhydramine,Skin Protectant,Capsule,5mg,Sanofi,Chest congestion and mucus relief,Over-the-Counter
Neosporin,Antiemetic,Gel,200mg,Reckitt,Diarrhea treatment,Over-the-Counter
Escitalopram,PPI,Injection,0.5mg,Abbott,Hypertension and angina,Prescription
Lisinopril,Statin,Sublingual Tablet,75mg,AstraZeneca,Hypothyroidism treatment,Prescription
Acetaminophen,Antihistamine,Gel,20mg,3M Healthcare,Minor wound infection prevention,Over-the-Counter
Amoxicillin,Calcium Channel Blocker,Injection,50mcg,Gilead Sciences,Hypertension management,Prescription
Fluoxetine,Beta Blocker,Sublingual Tablet,0.25mg,Novartis,Type 2 diabetes management,Prescription
Atorvastatin,ACE Inhibitor,Extended Release Tablet,25mg,Roche,Type 2 diabetes management,Prescription
Gabapentin,Antidepressant/SSRI,Inhaler,0.25mg,GlaxoSmithKline,Hypothyroidism treatment,Prescription
Losartan,Anxiolytic/Benzodiazepine,Injection,25mg,Novartis,High cholesterol management,Prescription
Loratadine,Sleep Aid,Ointment,20mg,P&G,Chest congestion and mucus relief,Over-the-Counter
Gabapentin,Antifungal,Patch,50mg,GlaxoSmithKline,Type 2 diabetes management,Prescription
Doxycycline,Antibiotic,Extended Release Tablet,50mcg,Boehringer Ingelheim,Asthma and allergic rhinitis,Prescription
Amlodipine,Beta Blocker,Extended Release Tablet,0.5mg,Abbott,Hypertension and angina,Prescription
Hydrocodone,Antidepressant/SSRI,Suppository,200mcg,Sanofi,Hypertension and heart failure,Prescription
Losartan,Anticonvulsant,Inhaler,1000mg,Boehringer Ingelheim,Asthma and allergic rhinitis,Prescription
Alprazolam,Anticoagulant,Extended Release Tablet,50mg,Abbott,Hypertension and heart failure,Prescription
Metformin,Antidepressant/SSRI,IV Infusion,50mcg,Gilead Sciences,Fungal infections treatment,Prescription
Ciprofloxacin,Antidepressant/SSRI,Capsule,1000mg,GlaxoSmithKline,High cholesterol management,Prescription
Warfarin,Antiplatelet,Capsule,150mg,AstraZeneca,Edema and hypertension,Prescription
Pregabalin,Statin,Tablet,500mg,Novartis,Epilepsy and neuropathic pain,Prescription
Alprazolam,Anticonvulsant,Inhaler,200mcg,Roche,Hypertension and heart failure,Prescription
Simethicone,Topical Corticosteroid,Patch,125mg,Chattem,Gas and bloating relief,Over-the-Counter
Calcium Carbonate,Laxative,Patch,325mg,Reckitt,GERD and peptic ulcer,Over-the-Counter
Metformin,Diuretic,Nasal Spray,200mg,Merck,Depression and anxiety disorders,Prescription
Doxycycline,Thyroid Hormone,Suppository,100mg,Sanofi,Hypothyroidism treatment,Prescription
Salicylic Acid,Topical Antibiotic,Liquid,200mg,3M Healthcare,Constipation relief,Over-the-Counter
Prednisone,ACE Inhibitor,Capsule,100mcg,Gilead Sciences,Asthma and bronchospasm,Prescription
Aspirin,Antihistamine,Drops,250mg,Bayer,Pain relief and fever reduction,Over-the-Counter
Levothyroxine,PPI,Sublingual Tablet,100mg,AstraZeneca,Heart attack and stroke prevention,Prescription
Metronidazole,Anticonvulsant,Sublingual Tablet,50mg,AstraZeneca,Heart attack and stroke prevention,Prescription
Miconazole,Antacid,Capsule,2%,Pfizer,Insomnia and sleep aid,Over-the-Counter
Benzoyl Peroxide,Antiplatelet,Gel,100mg,Novartis,Acne treatment,Over-the-Counter
Furosemide,Beta Blocker,Tablet,1000mg,Gilead Sciences,Moderate to severe pain management,Prescription
Hydrocodone,Anticonvulsant,Nasal Spray,0.5mg,Gilead Sciences,Fungal infections treatment,Prescription
Losartan,Thyroid Hormone,Tablet,25mg,Bristol-Myers Squibb,GERD and peptic ulcer disease,Prescription
Docusate Sodium,Antifungal,Spray,125mg,Prestige Brands,Minor cuts and skin protection,Over-the-Counter
Acetaminophen,Analgesic,Cream,250mg,Johnson & Johnson,Minor pain and itching relief,Over-the-Counter
Prednisone,ARB,Topical Solution,10mg,Boehringer Ingelheim,Hypertension and heart failure,Prescription
Albuterol,Thyroid Hormone,Suppository,1mg,Johnson & Johnson,Hypothyroidism treatment,Prescription
Salicylic Acid,Laxative,Tablet,10mg,Reckitt,Diarrhea treatment,Over-the-Counter
Prednisone,Anticonvulsant,Liquid,200mg,Merck,Heart attack and stroke prevention,Prescription
Pregabalin,Leukotriene Inhibitor,Extended Release Tablet,100mcg,AstraZeneca,Hypertension and heart failure,Prescription
Amoxicillin,Antidiabetic,Suppository,0.25mg,AstraZeneca,Hypertension and heart failure,Prescription
Clindamycin,Statin,Topical Solution,0.25mg,Roche,Asthma and bronchospasm,Prescription
Magnesium Hydroxide,Antiplatelet,Patch,200mg,GSK,Diarrhea treatment,Over-the-Counter
Neosporin,Antiemetic,Liquid,20mg,Novartis,GERD and peptic ulcer,Over-the-Counter
Docusate Sodium,Topical Corticosteroid,Spray,150mg,GSK,Gas and bloating relief,Over-the-Counter
Lidocaine Cream,Antacid/H2 Blocker,Lozenge,25mg,Chattem,Skin inflammation and itching,Over-the-Counter
Cetirizine,Decongestant,Tablet,2%,Chattem,Gas and bloating relief,Over-the-Counter
Atorvastatin,Antiplatelet,Injection,2mg,Novartis,Hypothyroidism treatment,Prescription
Neosporin,Analgesic,Patch,5mg,Unilever,Fungal skin infections,Over-the-Counter
Prednisone,Opioid Analgesic,Capsule,200mg,Pfizer,Hypertension and heart failure,Prescription
Omeprazole,Topical Antibiotic,Drops,250mg,Novartis,Minor pain and itching relief,Over-the-Counter
Ibuprofen,Decongestant,Liquid,5mg,Unilever,Allergic rhinitis and hives,Over-the-Counter
Montelukast,Diuretic,Suppository,150mg,Gilead Sciences,Hypothyroidism treatment,Prescription
Magnesium Hydroxide,Sleep Aid,Tablet,1%,Reckitt,Skin inflammation and itching,Over-the-Counter
Clindamycin,Corticosteroid,Nasal Spray,500mg,AstraZeneca,Fungal infections treatment,Prescription
Metformin,Anticoagulant,Inhaler,50mcg,Merck,Blood clot prevention,Prescription
Ranitidine,Topical Corticosteroid,Powder,20mg,Reckitt,Skin inflammation and itching,Over-the-Counter
Albuterol,Antifungal,Injection,250mg,Eli Lilly,Bacterial infections treatment,Prescription
Famotidine,Antiemetic,Liquid,20mg,P&G,Heartburn and indigestion,Over-the-Counter
Escitalopram,Diuretic,IV Infusion,100mg,Eli Lilly,GERD and peptic ulcer disease,Prescription
Escitalopram,PPI,Suppository,0.25mg,Abbott,Inflammation and autoimmune disorders,Prescription
Metronidazole,Calcium Channel Blocker,Nasal Spray,10mg,Roche,Asthma and allergic rhinitis,Prescription
Atorvastatin,Anxiolytic/Benzodiazepine,Topical Solution,1mg,Roche,Moderate to severe pain management,Prescription
Pregabalin,Antidiabetic,Sublingual Tablet,75mg,Roche,Hypertension management,Prescription
Loperamide,Antiplatelet,Tablet,50mg,Reckitt,Motion sickness and nausea,Over-the-Counter
Docusate Sodium,Antifungal,Liquid,125mg,Prestige Brands,Diarrhea treatment,Over-the-Counter
Miconazole,Topical Corticosteroid,Patch,50mg,Novartis,Skin inflammation and itching,Over-the-Counter
Loratadine,Decongestant,Ointment,20mg,Pfizer,Pain relief and fever reduction,Over-the-Counter
Bacitracin,Decongestant,Ointment,50mg,Pfizer,Acne treatment,Over-the-Counter
Diphenhydramine,Analgesic,Powder,10mg,Novartis,Skin inflammation and itching,Over-the-Counter
Dexamethasone,Corticosteroid,Topical Solution,1mg,Boehringer Ingelheim,Type 2 diabetes management,Prescription
Clotrimazole,Analgesic,Liquid,325mg,Sanofi,Gas and bloating relief,Over-the-Counter
Zinc Oxide,Antacid/H2 Blocker,Tablet,125mg,Novartis,Insomnia and sleep aid,Over-the-Counter
Azithromycin,Calcium Channel Blocker,Injection,2mg,Merck,Heart attack and stroke prevention,Prescription
Ranitidine,Antihistamine,Liquid,10mg,Novartis,Motion sickness and nausea,Over-the-Counter
Loratadine,Antacid/H2 Blocker,Lozenge,500mg,GSK,Nasal congestion relief,Over-the-Counter
Famotidine,Decongestant,Capsule,400mg,Unilever,Chest congestion and mucus relief,Over-the-Counter
Prednisone,ACE Inhibitor,Topical Solution,200mcg,Eli Lilly,Hypertension and heart failure,Prescription
Aluminum Hydroxide,Sleep Aid,Ointment,2%,GSK,Acne treatment,Over-the-Counter
Acetaminophen,Topical Anesthetic,Powder,250mg,Reckitt,Skin inflammation and itching,Over-the-Counter
Montelukast,Beta Blocker,Nasal Spray,25mg,GlaxoSmithKline,Epilepsy and neuropathic pain,Prescription
Bacitracin,Topical Antibiotic,Powder,400mg,3M Healthcare,Constipation relief,Over-the-Counter
Miconazole,Antacid,Liquid,200mg,Johnson & Johnson,Insomnia and sleep aid,Over-the-Counter
Famotidine,Topical Corticosteroid,Chewable Tablet,1%,Bayer,Minor cuts and skin protection,Over-the-Counter
Alprazolam,Diuretic,Capsule,50mg,Eli Lilly,Edema and hypertension,Prescription
Pantoprazole,Corticosteroid,Inhaler,0.25mg,AstraZeneca,Moderate to severe pain management,Prescription
Prednisone,ACE Inhibitor,Topical Solution,250mg,Johnson & Johnson,Epilepsy and neuropathic pain,Prescription
Lisinopril,Antidepressant/SSRI,Tablet,20mg,Abbott,Blood clot prevention,Prescription
Metronidazole,ACE Inhibitor,Topical Solution,200mcg,Pfizer,Asthma and bronchospasm,Prescription
Montelukast,Diuretic,Sublingual Tablet,25mg,GlaxoSmithKline,Heart attack and stroke prevention,Prescription
Ranitidine,Antacid/H2 Blocker,Spray,200mg,Prestige Brands,Fungal skin infections,Over-the-Counter
Gabapentin,Antiplatelet,Sublingual Tablet,400mcg,Johnson & Johnson,Epilepsy and neuropathic pain,Prescription
Escitalopram,ARB,Liquid,400mcg,Novartis,Depression and anxiety disorders,Prescription
Ciprofloxacin,Antiplatelet,Tablet,50mcg,Amgen,Edema and hypertension,Prescription
Metformin,Anticoagulant,Capsule,100mcg,Sanofi,Epilepsy and neuropathic pain,Prescription
Docusate Sodium,Antacid/H2 Blocker,Powder,50mg,Unilever,Insomnia and sleep aid,Over-the-Counter
Clopidogrel,Statin,IV Infusion,150mg,Abbott,Hypertension management,Prescription
Salicylic Acid,Antacid/H2 Blocker,Tablet,50mg,Chattem,Chest congestion and mucus relief,Over-the-Counter
Sertraline,Anticonvulsant,Tablet,100mg,Eli Lilly,Asthma and allergic rhinitis,Prescription
Hydrocodone,Antidepressant/SSRI,Topical Solution,2mg,Eli Lilly,Hypertension and heart failure,Prescription
Hydrocortisone Cream,Sleep Aid,Patch,10mg,Prestige Brands,Minor cuts and skin protection,Over-the-Counter
Guaifenesin,Topical Anesthetic,Lozenge,325mg,3M Healthcare,Gas and bloating relief,Over-the-Counter
Cetirizine,Antiemetic,Gel,50mg,P&G,Minor pain and itching relief,Over-the-Counter
Naproxen,Cough Suppressant,Cream,325mg,Reckitt,Heartburn and acid reflux,Over-the-Counter
Amoxicillin,Corticosteroid,Extended Release Tablet,200mg,Pfizer,Depression and anxiety disorders,Prescription
Miconazole,Antifungal,Powder,325mg,Prestige Brands,Blood clot prevention,Over-the-Counter
Diphenhydramine,Decongestant,Powder,20mg,Prestige Brands,Motion sickness and nausea,Over-the-Counter
Dexamethasone,Opioid Analgesic,Injection,0.5mg,Boehringer Ingelheim,Depression and anxiety disorders,Prescription
Zinc Oxide,Antidiarrheal,Ointment,1%,Chattem,Skin inflammation and itching,Over-the-Counter
Oxycodone,Statin,Topical Solution,25mg,Merck,Epilepsy and neuropathic pain,Prescription
Levothyroxine,Anticoagulant,Liquid,50mcg,Eli Lilly,High cholesterol management,Prescription
Lidocaine Cream,Sleep Aid,Capsule,500mg,Pfizer,Constipation relief,Over-the-Counter
Losartan,Antifungal,Capsule,100mg,Abbott,GERD and peptic ulcer disease,Prescription
Metronidazole,Antidepressant/SSRI,IV Infusion,100mg,Abbott,Edema and hypertension,Prescription
Lisinopril,Corticosteroid,IV Infusion,50mg,Boehringer Ingelheim,Heart attack and stroke prevention,Prescription
Clopidogrel,Antiplatelet,Capsule,250mg,Bristol-Myers Squibb,Bacterial infections treatment,Prescription
Bismuth Subsalicylate,Antacid,Gel,100mg,Novartis,Diarrhea treatment,Over-the-Counter
Magnesium Hydroxide,Topical Anesthetic,Gel,5mg,P&G,Blood clot prevention,Over-the-Counter
Escitalopram,Opioid Analgesic,IV Infusion,200mcg,Gilead Sciences,Epilepsy and neuropathic pain,Prescription
Salicylic Acid,Skin Protectant,Powder,325mg,Bayer,Motion sickness and nausea,Over-the-Counter
Loratadine,Topical Corticosteroid,Lozenge,50mg,Prestige Brands,Constipation relief,Over-the-Counter
Atorvastatin,Anticoagulant,IV Infusion,50mcg,Bristol-Myers Squibb,Type 2 diabetes management,Prescription
Lisinopril,Thyroid Hormone,Liquid,20mg,GlaxoSmithKline,Inflammation and autoimmune disorders,Prescription
Pantoprazole,Statin,IV Infusion,200mcg,Gilead Sciences,Bacterial infections treatment,Prescription
Amoxicillin,Anticonvulsant,Extended Release Tablet,20mg,Abbott,GERD and peptic ulcer disease,Prescription
Pregabalin,Antidepressant/SSRI,Injection,500mg,GlaxoSmithKline,Asthma and bronchospasm,Prescription
Trimethoprim,Anticoagulant,Nasal Spray,75mg,Bristol-Myers Squibb,Hypertension and heart failure,Prescription
Oxycodone,Leukotriene Inhibitor,Suppository,5mg,Abbott,Inflammation and autoimmune disorders,Prescription
Famotidine,Antacid/H2 Blocker,Liquid,2%,Unilever,Insomnia and sleep aid,Over-the-Counter
Escitalopram,ARB,Capsule,2mg,Eli Lilly,Depression and anxiety disorders,Prescription
Dexamethasone,Antibiotic,Tablet,75mg,Novartis,Moderate to severe pain management,Prescription
Oxycodone,Anticonvulsant,Inhaler,400mcg,Amgen,Anxiety and panic disorders,Prescription
Aluminum Hydroxide,Acne Treatment,Gel,150mg,Prestige Brands,Insomnia and sleep aid,Over-the-Counter
Cetirizine,Acne Treatment,Lozenge,150mg,Reckitt,Insomnia and sleep aid,Over-the-Counter
Atorvastatin,Antibiotic,IV Infusion,200mg,Novartis,Hypertension management,Prescription
Calcium Carbonate,Acne Treatment,Powder,50mg,GSK,Insomnia and sleep aid,Over-the-Counter
Atorvastatin,Bronchodilator,Sublingual Tablet,25mg,Boehringer Ingelheim,Fungal infections treatment,Prescription
Benzoyl Peroxide,Antiplatelet,Powder,25mg,Pfizer,Diarrhea treatment,Over-the-Counter
Oxycodone,ACE Inhibitor,Liquid,50mcg,Abbott,GERD and peptic ulcer disease,Prescription
Alprazolam,Thyroid Hormone,Inhaler,0.5mg,Boehringer Ingelheim,GERD and peptic ulcer disease,Prescription
Lisinopril,PPI,Inhaler,1000mg,Boehringer Ingelheim,Type 2 diabetes management,Prescription
Amoxicillin,Bronchodilator,Nasal Spray,100mcg,GlaxoSmithKline,Hypothyroidism treatment,Prescription
Bacitracin,Antiplatelet,Spray,50mg,Bayer,Motion sickness and nausea,Over-the-Counter
Salicylic Acid,Antacid,Tablet,25mg,Johnson & Johnson,Pain relief and fever reduction,Over-the-Counter
Clopidogrel,Statin,Sublingual Tablet,500mg,Bristol-Myers Squibb,Heart attack and stroke prevention,Prescription
Montelukast,Opioid Analgesic,Capsule,5mg,GlaxoSmithKline,Type 2 diabetes management,Prescription
Atorvastatin,Calcium Channel Blocker,Inhaler,400mcg,Gilead Sciences,Moderate to severe pain management,Prescription
Bismuth Subsalicylate,Antiplatelet,Patch,5mg,Johnson & Johnson,Constipation relief,Over-the-Counter
Naproxen,Antiplatelet,Liquid,5mg,Reckitt,Minor cuts and skin protection,Over-the-Counter
Atorvastatin,Beta Blocker,Injection,150mg,Merck,Type 2 diabetes management,Prescription
Acetaminophen,Expectorant,Tablet,250mg,GSK,Minor wound infection prevention,Over-the-Counter
Neosporin,Skin Protectant,Powder,50mg,Chattem,Chest congestion and mucus relief,Over-the-Counter
Miconazole,Cough Suppressant,Capsule,5mg,3M Healthcare,Blood clot prevention,Over-the-Counter
Simethicone,Antiemetic,Chewable Tablet,25mg,Johnson & Johnson,Gas and bloating relief,Over-the-Counter
Prednisone,Antidiabetic,Liquid,75mg,AstraZeneca,Asthma and allergic rhinitis,Prescription
Fluoxetine,Antifungal,Sublingual Tablet,1mg,Abbott,Heart attack and stroke prevention,Prescription
Alprazolam,ACE Inhibitor,IV Infusion,75mg,Bristol-Myers Squibb,Hypertension and heart failure,Prescription
Prednisone,Bronchodilator,Extended Release Tablet,2mg,Merck,Hypertension and heart failure,Prescription
Famotidine,Antihistamine,Gel,10mg,GSK,GERD and peptic ulcer,Over-the-Counter
Dexamethasone,Anticonvulsant,Tablet,1000mg,Boehringer Ingelheim,Hypertension and heart failure,Prescription
Dextromethorphan,Antiplatelet,Ointment,25mg,Pfizer,Minor wound infection prevention,Over-the-Counter
Oxycodone,ACE Inhibitor,Tablet,1mg,Johnson & Johnson,Moderate to severe pain management,Prescription
Metronidazole,Calcium Channel Blocker,Extended Release Tablet,100mcg,GlaxoSmithKline,Inflammation and autoimmune disorders,Prescription
Neosporin,Antiemetic,Patch,150mg,P&G,Blood clot prevention,Over-the-Counter
Bismuth Subsalicylate,Antidiarrheal,Tablet,400mg,3M Healthcare,Blood clot prevention,Over-the-Counter
Trimethoprim,ACE Inhibitor,Patch,50mg,Pfizer,Asthma and allergic rhinitis,Prescription
Ciprofloxacin,Calcium Channel Blocker,IV Infusion,100mcg,Merck,High cholesterol management,Prescription
Lisinopril,PPI,Tablet,0.5mg,Bristol-Myers Squibb,Heart attack and stroke prevention,Prescription
Clotrimazole,Antiflatulent,Powder,5%,Sanofi,Fungal skin infections,Over-the-Counter
Aspirin,Topical Corticosteroid,Chewable Tablet,125mg,Chattem,Constipation relief,Over-the-Counter
Dexamethasone,Antifungal,Extended Release Tablet,200mcg,Novartis,Hypertension and heart failure,Prescription
Gabapentin,Anxiolytic/Benzodiazepine,Suppository,20mg,Novartis,Depression and anxiety disorders,Prescription
Prednisone,Leukotriene Inhibitor,Injection,100mcg,Novartis,High cholesterol management,Prescription
Escitalopram,PPI,Liquid,1000mg,Amgen,Heart attack and stroke prevention,Prescription
Lisinopril,Thyroid Hormone,Capsule,2mg,GlaxoSmithKline,Blood clot prevention,Prescription
Lidocaine Cream,Antihistamine,Cream,150mg,Johnson & Johnson,Heartburn and acid reflux,Over-the-Counter
Salicylic Acid,Antacid/H2 Blocker,Liquid,5mg,Reckitt,Allergic rhinitis and hives,Over-the-Counter
Clindamycin,ARB,Tablet,1mg,AstraZeneca,Moderate to severe pain management,Prescription
Oxycodone,Antidepressant/SSRI,Sublingual Tablet,0.5mg,Novartis,Asthma and bronchospasm,Prescription
Pregabalin,Opioid Analgesic,Topical Solution,100mcg,AstraZeneca,Depression and anxiety disorders,Prescription
Ibuprofen,Antacid,Patch,1%,Prestige Brands,Skin inflammation and itching,Over-the-Counter
Guaifenesin,Skin Protectant,Drops,325mg,P&G,Heartburn and indigestion,Over-the-Counter
Fluoxetine,Thyroid Hormone,IV Infusion,50mcg,Eli Lilly,Hypothyroidism treatment,Prescription
Loperamide,Skin Protectant,Drops,20mg,Johnson & Johnson,Heartburn and indigestion,Over-the-Counter
Omeprazole,Cough Suppressant,Spray,20mg,Bayer,Nasal congestion relief,Over-the-Counter
Benzoyl Peroxide,Analgesic,Gel,150mg,Reckitt,Acne treatment,Over-the-Counter
Doxycycline,ACE Inhibitor,Nasal Spray,200mcg,Eli Lilly,Inflammation and autoimmune disorders,Prescription
Bacitracin,Antiplatelet,Cream,25mg,Sanofi,Skin inflammation and itching,Over-the-Counter
Acetaminophen,Topical Antibiotic,Liquid,1%,Novartis,Fungal skin infections,Over-the-Counter
Zinc Oxide,Laxative,Patch,50mg,Sanofi,Skin inflammation and itching,Over-the-Counter
Dextromethorphan,Laxative,Ointment,10mg,Sanofi,Allergic rhinitis and hives,Over-the-Counter
Warfarin,Calcium Channel Blocker,Nasal Spray,50mcg,Merck,Asthma and allergic rhinitis,Prescription
Gabapentin,Antifungal,Tablet,1000mg,Boehringer Ingelheim,Asthma and allergic rhinitis,Prescription
Oxycodone,Leukotriene Inhibitor,Capsule,250mg,Novartis,Type 2 diabetes management,Prescription
Dexamethasone,Leukotriene Inhibitor,IV Infusion,25mg,Amgen,Anxiety and panic disorders,Prescription
Famotidine,Skin Protectant,Cream,5mg,P&G,Gas and bloating relief,Over-the-Counter
Amlodipine,ACE Inhibitor,Topical Solution,200mcg,Johnson & Johnson,Asthma and allergic rhinitis,Prescription
Bacitracin,Decongestant,Gel,400mg,GSK,GERD and peptic ulcer,Over-the-Counter
Docusate Sodium,Antiflatulent,Lozenge,10mg,GSK,Diarrhea treatment,Over-the-Counter
Pseudoephedrine,Decongestant,Chewable Tablet,400mg,Sanofi,Pain relief and fever reduction,Over-the-Counter
Guaifenesin,Skin Protectant,Gel,100mg,Novartis,GERD and peptic ulcer,Over-the-Counter
Lidocaine Cream,Cough Suppressant,Tablet,10mg,Unilever,Acne treatment,Over-the-Counter
Meclizine,Antihistamine,Liquid,1%,GSK,Pain relief and fever reduction,Over-the-Counter
Magnesium Hydroxide,Sleep Aid,Powder,2%,P&G,Minor pain and itching relief,Over-the-Counter
Hydrocodone,Calcium Channel Blocker,Injection,150mg,Sanofi,Asthma and bronchospasm,Prescription
Hydrocortisone Cream,Antiemetic,Gel,125mg,Bayer,Allergic rhinitis and hives,Over-the-Counter
Clopidogrel,Leukotriene Inhibitor,Inhaler,200mg,Johnson & Johnson,Hypertension and heart failure,Prescription
Fluoxetine,Beta Blocker,Tablet,250mg,Novartis,Hypertension management,Prescription
Metronidazole,ACE Inhibitor,Inhaler,500mg,AstraZeneca,High cholesterol management,Prescription
Guaifenesin,Antacid/PPI,Ointment,10mg,Unilever,Allergic rhinitis and hives,Over-the-Counter
Pantoprazole,Corticosteroid,Injection,250mg,Bristol-Myers Squibb,Epilepsy and neuropathic pain,Prescription
Clindamycin,Calcium Channel Blocker,Topical Solution,5mg,Amgen,Edema and hypertension,Prescription
Benzoyl Peroxide,Acne Treatment,Gel,400mg,Sanofi,Blood clot prevention,Over-the-Counter
Bismuth Subsalicylate,Topical Anesthetic,Spray,50mg,Reckitt,Chest congestion and mucus relief,Over-the-Counter
Neosporin,Topical Anesthetic,Chewable Tablet,325mg,Bayer,Heartburn and acid reflux,Over-the-Counter
Pseudoephedrine,Antiflatulent,Liquid,100mg,P&G,Skin inflammation and itching,Over-the-Counter
Bismuth Subsalicylate,Topical Anesthetic,Spray,5%,Johnson & Johnson,Gas and bloating relief,Over-the-Counter
Montelukast,Anticonvulsant,Tablet,1000mg,Boehringer Ingelheim,Hypertension management,Prescription
Bacitracin,Antihistamine,Lozenge,325mg,GSK,Blood clot prevention,Over-the-Counter
Dextromethorphan,Laxative,Powder,20mg,Novartis,Chest congestion and mucus relief,Over-the-Counter
Benzoyl Peroxide,Expectorant,Gel,125mg,Reckitt,Nasal congestion relief,Over-the-Counter
Zinc Oxide,Skin Protectant,Tablet,500mg,Johnson & Johnson,Acne treatment,Over-the-Counter
Zinc Oxide,Skin Protectant,Ointment,20mg,Bayer,Constipation relief,Over-the-Counter
Pseudoephedrine,Antiplatelet,Ointment,2%,3M Healthcare,Insomnia and sleep aid,Over-the-Counter
Gabapentin,Antibiotic,Capsule,1000mg,Roche,Heart attack and stroke prevention,Prescription
Montelukast,Beta Blocker,Capsule,20mg,Eli Lilly,Fungal infections treatment,Prescription
Salicylic Acid,Antiemetic,Tablet,325mg,Prestige Brands,Minor cuts and skin protection,Over-the-Counter
Gabapentin,Leukotriene Inhibitor,Topical Solution,10mg,Roche,Type 2 diabetes management,Prescription
Losartan,Antidepressant/SSRI,Suppository,1mg,Sanofi,GERD and peptic ulcer disease,Prescription
Montelukast,Antibiotic,Topical Solution,2mg,Eli Lilly,Hypertension management,Prescription
Bismuth Subsalicylate,Antacid/H2 Blocker,Spray,250mg,Sanofi,GERD and peptic ulcer,Over-the-Counter
Montelukast,Calcium Channel Blocker,Tablet,1mg,Amgen,Asthma and bronchospasm,Prescription
Aspirin,Decongestant,Chewable Tablet,400mg,Unilever,Pain relief and fever reduction,Over-the-Counter
Salicylic Acid,Topical Antibiotic,Liquid,200mg,Sanofi,Diarrhea treatment,Over-the-Counter
Neosporin,Acne Treatment,Ointment,250mg,Chattem,Insomnia and sleep aid,Over-the-Counter
Meclizine,Cough Suppressant,Drops,125mg,Novartis,Blood clot prevention,Over-the-Counter
Bismuth Subsalicylate,Cough Suppressant,Chewable Tablet,125mg,Chattem,Diarrhea treatment,Over-the-Counter
Losartan,Calcium Channel Blocker,Nasal Spray,20mg,Merck,Fungal infections treatment,Prescription
Clotrimazole,Topical Antibiotic,Drops,325mg,GSK,GERD and peptic ulcer,Over-the-Counter
Albuterol,Anxiolytic/Benzodiazepine,Capsule,200mcg,Merck,Type 2 diabetes management,Prescription
Ranitidine,Analgesic,Gel,10mg,P&G,Heartburn and acid reflux,Over-the-Counter
Loperamide,Antiplatelet,Spray,25mg,Chattem,Cough suppression,Over-the-Counter
Calcium Carbonate,Antihistamine,Capsule,100mg,Sanofi,Minor cuts and skin protection,Over-the-Counter
Clindamycin,PPI,Suppository,75mg,Johnson & Johnson,Hypertension management,Prescription
Ciprofloxacin,ACE Inhibitor,Injection,250mg,Eli Lilly,Bacterial infections treatment,Prescription
Escitalopram,Opioid Analgesic,Suppository,50mcg,Gilead Sciences,Heart attack and stroke prevention,Prescription
Aluminum Hydroxide,Laxative,Tablet,50mg,Unilever,Minor pain and itching relief,Over-the-Counter
Metformin,Antifungal,Nasal Spray,150mg,GlaxoSmithKline,Fungal infections treatment,Prescription
Naproxen,Antidiarrheal,Powder,200mg,Reckitt,Skin inflammation and itching,Over-the-Counter
Prednisone,Anxiolytic/Benzodiazepine,Inhaler,0.5mg,Novartis,Epilepsy and neuropathic pain,Prescription
Bacitracin,Cough Suppressant,Liquid,400mg,GSK,Skin inflammation and itching,Over-the-Counter
Diphenhydramine,Antifungal,Tablet,325mg,GSK,Minor pain and itching relief,Over-the-Counter
Hydrocortisone Cream,Sleep Aid,Lozenge,1%,Johnson & Johnson,Gas and bloating relief,Over-the-Counter
Losartan,Thyroid Hormone,Topical Solution,10mg,Merck,Blood clot prevention,Prescription
Lisinopril,Antiplatelet,Topical Solution,100mg,Johnson & Johnson,Inflammation and autoimmune disorders,Prescription
Clindamycin,Antibiotic,Inhaler,10mg,Novartis,Epilepsy and neuropathic pain,Prescription
Famotidine,Antacid/PPI,Liquid,125mg,P&G,Constipation relief,Over-the-Counter
Pregabalin,Bronchodilator,Patch,75mg,Sanofi,Asthma and allergic rhinitis,Prescription
Clopidogrel,Calcium Channel Blocker,Liquid,400mcg,Novartis,Hypertension and angina,Prescription
Metformin,Anticonvulsant,Topical Solution,25mg,Novartis,Inflammation and autoimmune disorders,Prescription
Lidocaine Cream,Topical Corticosteroid,Tablet,1%,Chattem,Pain relief and fever reduction,Over-the-Counter
Aspirin,Expectorant,Tablet,2%,Unilever,Heartburn and acid reflux,Over-the-Counter
Meclizine,Antacid/PPI,Powder,100mg,Bayer,GERD and peptic ulcer,Over-the-Counter
Omeprazole,Antiemetic,Powder,400mg,Prestige Brands,Nasal congestion relief,Over-the-Counter
Docusate Sodium,Acne Treatment,Tablet,125mg,Bayer,Skin inflammation and itching,Over-the-Counter
Bismuth Subsalicylate,Antiplatelet,Cream,50mg,Sanofi,Motion sickness and nausea,Over-the-Counter
Clopidogrel,PPI,Injection,10mg,Bristol-Myers Squibb,Hypertension and heart failure,Prescription
Warfarin,Opioid Analgesic,Inhaler,5mg,Novartis,Bacterial infections treatment,Prescription
Benzoyl Peroxide,Antihistamine,Ointment,250mg,P&G,Heartburn and indigestion,Over-the-Counter
Zinc Oxide,Topical Corticosteroid,Patch,325mg,P&G,Nasal congestion relief,Over-the-Counter
Clotrimazole,Antihistamine,Liquid,400mg,Prestige Brands,Minor cuts and skin protection,Over-the-Counter
Fluoxetine,Corticosteroid,Liquid,400mcg,GlaxoSmithKline,Hypertension management,Prescription
Sertraline,Bronchodilator,Sublingual Tablet,250mg,Sanofi,Hypertension and heart failure,Prescription
Naproxen,Laxative,Powder,5mg,Bayer,Nasal congestion relief,Over-the-Counter
Magnesium Hydroxide,Acne Treatment,Lozenge,20mg,Novartis,Minor pain and itching relief,Over-the-Counter
Lidocaine Cream,Antiemetic,Capsule,500mg,Reckitt,Diarrhea treatment,Over-the-Counter
Pantoprazole,Leukotriene Inhibitor,Patch,50mg,Eli Lilly,GERD and peptic ulcer disease,Prescription
Clindamycin,PPI,Suppository,50mcg,AstraZeneca,Inflammation and autoimmune disorders,Prescription
Famotidine,Skin Protectant,Chewable Tablet,1%,Unilever,Insomnia and sleep aid,Over-the-Counter
Simethicone,Laxative,Spray,500mg,Pfizer,Pain relief and fever reduction,Over-the-Counter
Lidocaine Cream,Antacid/H2 Blocker,Tablet,5mg,P&G,Insomnia and sleep aid,Over-the-Counter
Azithromycin,Beta Blocker,Patch,1mg,Abbott,Depression and anxiety disorders,Prescription
Ibuprofen,Antacid/PPI,Liquid,325mg,P&G,Nasal congestion relief,Over-the-Counter
Hydrocodone,Antifungal,Sublingual Tablet,2mg,Gilead Sciences,High cholesterol management,Prescription
Ranitidine,Acne Treatment,Spray,10mg,Sanofi,Motion sickness and nausea,Over-the-Counter
Calcium Carbonate,Antifungal,Cream,100mg,Johnson & Johnson,GERD and peptic ulcer,Over-the-Counter
Simethicone,Antacid/H2 Blocker,Liquid,2%,Bayer,Nasal congestion relief,Over-the-Counter
Acetaminophen,Antidiarrheal,Spray,50mg,Pfizer,Minor pain and itching relief,Over-the-Counter
Clindamycin,Anxiolytic/Benzodiazepine,Injection,0.5mg,Abbott,Epilepsy and neuropathic pain,Prescription
Prednisone,Calcium Channel Blocker,Injection,2mg,Sanofi,High cholesterol management,Prescription
Naproxen,Antacid/H2 Blocker,Spray,20mg,Johnson & Johnson,Acne treatment,Over-the-Counter
Metformin,PPI,Nasal Spray,20mg,Abbott,Moderate to severe pain management,Prescription
Lidocaine Cream,Expectorant,Liquid,500mg,GSK,Minor pain and itching relief,Over-the-Counter
Pantoprazole,Antifungal,Inhaler,500mg,Eli Lilly,Blood clot prevention,Prescription
Neosporin,Skin Protectant,Drops,500mg,Prestige Brands,Heartburn and acid reflux,Over-the-Counter
Amlodipine,Antidepressant/SSRI,Suppository,75mg,Eli Lilly,Edema and hypertension,Prescription
Ibuprofen,Antidiarrheal,Spray,500mg,Bayer,Heartburn and acid reflux,Over-the-Counter
Magnesium Hydroxide,Expectorant,Gel,125mg,Bayer,GERD and peptic ulcer,Over-the-Counter
Loratadine,Antifungal,Lozenge,500mg,Novartis,Gas and bloating relief,Over-the-Counter
Calcium Carbonate,Decongestant,Ointment,150mg,Novartis,Insomnia and sleep aid,Over-the-Counter
Warfarin,Anxiolytic/Benzodiazepine,Suppository,5mg,GlaxoSmithKline,Heart attack and stroke prevention,Prescription
Atorvastatin,Calcium Channel Blocker,Topical Solution,1000mg,Eli Lilly,Hypothyroidism treatment,Prescription
Zinc Oxide,Antihistamine,Chewable Tablet,25mg,Bayer,Motion sickness and nausea,Over-the-Counter
Zinc Oxide,Antiemetic,Lozenge,400mg,Prestige Brands,Motion sickness and nausea,Over-the-Counter
Cetirizine,Laxative,Tablet,325mg,Unilever,Allergic rhinitis and hives,Over-the-Counter
Doxycycline,PPI,IV Infusion,5mg,GlaxoSmithKline,Blood clot prevention,Prescription
Simethicone,Antifungal,Spray,325mg,GSK,Constipation relief,Over-the-Counter
Meclizine,Topical Antibiotic,Cream,200mg,GSK,Minor cuts and skin protection,Over-the-Counter
Omeprazole,Sleep Aid,Powder,100mg,Chattem,Cough suppression,Over-the-Counter
Gabapentin,Opioid Analgesic,Injection,200mg,AstraZeneca,Heart attack and stroke prevention,Prescription
Albuterol,Anxiolytic/Benzodiazepine,Tablet,5mg,AstraZeneca,Blood clot prevention,Prescription
Benzoyl Peroxide,Antihistamine,Patch,500mg,Pfizer,Gas and bloating relief,Over-the-Counter
Salicylic Acid,Cough Suppressant,Lozenge,2%,Chattem,Diarrhea treatment,Over-the-Counter
Escitalopram,Beta Blocker,Extended Release Tablet,250mg,Abbott,Edema and hypertension,Prescription
Montelukast,Leukotriene Inhibitor,Injection,200mcg,Boehringer Ingelheim,Fungal infections treatment,Prescription
Meclizine,Decongestant,Lozenge,150mg,3M Healthcare,Heartburn and acid reflux,Over-the-Counter
Montelukast,Statin,IV Infusion,100mcg,GlaxoSmithKline,Hypertension and angina,Prescription
Omeprazole,Antifungal,Capsule,10mg,3M Healthcare,Motion sickness and nausea,Over-the-Counter
Bismuth Subsalicylate,Cough Suppressant,Gel,200mg,Pfizer,Skin inflammation and itching,Over-the-Counter
Amoxicillin,PPI,Extended Release Tablet,2mg,Boehringer Ingelheim,Hypertension and heart failure,Prescription
Lidocaine Cream,Acne Treatment,Capsule,500mg,Sanofi,Cough suppression,Over-the-Counter
Hydrocodone,Corticosteroid,Liquid,500mg,AstraZeneca,Moderate to severe pain management,Prescription
Levothyroxine,Anticoagulant,Injection,100mg,Eli Lilly,Edema and hypertension,Prescription
Magnesium Hydroxide,Antacid,Drops,1%,Bayer,GERD and peptic ulcer,Over-the-Counter
Pregabalin,Diuretic,Suppository,10mg,Pfizer,Heart attack and stroke prevention,Prescription
Loratadine,Antiflatulent,Gel,400mg,Chattem,Blood clot prevention,Over-the-Counter
Oxycodone,Anticonvulsant,Injection,1000mg,Roche,Hypothyroidism treatment,Prescription
Losartan,ACE Inhibitor,IV Infusion,150mg,Eli Lilly,Heart attack and stroke prevention,Prescription
Furosemide,Thyroid Hormone,Liquid,100mcg,AstraZeneca,Hypertension and angina,Prescription
Omeprazole,Antacid/PPI,Drops,2%,Reckitt,Fungal skin infections,Over-the-Counter
Naproxen,Topical Antibiotic,Capsule,20mg,GSK,Minor cuts and skin protection,Over-the-Counter
Alprazolam,Anticonvulsant,IV Infusion,50mcg,Pfizer,Blood clot prevention,Prescription
Guaifenesin,Antidiarrheal,Powder,250mg,GSK,Cough suppression,Over-the-Counter
Meclizine,Acne Treatment,Tablet,500mg,Bayer,Insomnia and sleep aid,Over-the-Counter
Levothyroxine,Antibiotic,Suppository,50mg,Amgen,Blood clot prevention,Prescription
Ciprofloxacin,ACE Inhibitor,Extended Release Tablet,100mcg,GlaxoSmithKline,Hypertension and angina,Prescription
Hydrocortisone Cream,Antacid/PPI,Gel,325mg,Reckitt,Allergic rhinitis and hives,Over-the-Counter
Benzoyl Peroxide,Antacid/PPI,Chewable Tablet,200mg,Novartis,Allergic rhinitis and hives,Over-the-Counter
Ibuprofen,Cough Suppressant,Powder,25mg,Johnson & Johnson,Minor wound infection prevention,Over-the-Counter
Losartan,Corticosteroid,Patch,1000mg,Eli Lilly,Hypertension and angina,Prescription
Montelukast,Corticosteroid,Suppository,150mg,GlaxoSmithKline,Hypertension management,Prescription
Sertraline,Opioid Analgesic,Nasal Spray,1mg,Gilead Sciences,Hypertension and angina,Prescription
Ibuprofen,Decongestant,Liquid,100mg,Pfizer,Acne treatment,Over-the-Counter
Benzoyl Peroxide,Antihistamine,Capsule,50mg,Sanofi,Gas and bloating relief,Over-the-Counter
Clotrimazole,Sleep Aid,Drops,150mg,GSK,Constipation relief,Over-the-Counter
Montelukast,Thyroid Hormone,Liquid,50mg,Abbott,Fungal infections treatment,Prescription
Diphenhydramine,Antifungal,Lozenge,500mg,GSK,Skin inflammation and itching,Over-the-Counter
Ibuprofen,Expectorant,Capsule,10mg,Bayer,Gas and bloating relief,Over-the-Counter
Alprazolam,Corticosteroid,Inhaler,5mg,Eli Lilly,Blood clot prevention,Prescription
Calcium Carbonate,Antidiarrheal,Liquid,500mg,Unilever,Heartburn and indigestion,Over-the-Counter
Doxycycline,ACE Inhibitor,IV Infusion,50mcg,Pfizer,Blood clot prevention,Prescription
Diphenhydramine,Expectorant,Cream,250mg,Johnson & Johnson,Minor pain and itching relief,Over-the-Counter
Gabapentin,ARB,Extended Release Tablet,100mg,Novartis,Hypertension and angina,Prescription
Metoprolol,ACE Inhibitor,Extended Release Tablet,20mg,Johnson & Johnson,Edema and hypertension,Prescription
Simethicone,Antiflatulent,Tablet,150mg,GSK,Pain relief and fever reduction,Over-the-Counter
Pregabalin,Antiplatelet,Nasal Spray,100mg,Pfizer,Blood clot prevention,Prescription
Pantoprazole,Anxiolytic/Benzodiazepine,Tablet,2mg,Novartis,High cholesterol management,Prescription
Sertraline,Anxiolytic/Benzodiazepine,Topical Solution,50mcg,Amgen,Asthma and bronchospasm,Prescription
Doxycycline,Antiplatelet,IV Infusion,150mg,Roche,GERD and peptic ulcer disease,Prescription
Naproxen,Antihistamine,Gel,50mg,3M Healthcare,Minor wound infection prevention,Over-the-Counter
Aspirin,Antacid,Chewable Tablet,1%,Bayer,Pain relief and fever reduction,Over-the-Counter
Montelukast,Leukotriene Inhibitor,Nasal Spray,200mg,Boehringer Ingelheim,Fungal infections treatment,Prescription
Metronidazole,Corticosteroid,Sublingual Tablet,150mg,Roche,Fungal infections treatment,Prescription
Fluoxetine,PPI,Suppository,25mg,Roche,Hypertension management,Prescription
Azithromycin,Statin,Suppository,50mg,Pfizer,GERD and peptic ulcer disease,Prescription
Bacitracin,Antihistamine,Gel,400mg,3M Healthcare,Blood clot prevention,Over-the-Counter
Metronidazole,Bronchodilator,Injection,25mg,Bristol-Myers Squibb,Hypertension and heart failure,Prescription
Clindamycin,Thyroid Hormone,Liquid,75mg,AstraZeneca,Hypertension management,Prescription
Clotrimazole,Antacid/H2 Blocker,Powder,400mg,Bayer,Insomnia and sleep aid,Over-the-Counter
Guaifenesin,Antacid/H2 Blocker,Drops,20mg,GSK,Heartburn and acid reflux,Over-the-Counter
Bacitracin,Decongestant,Tablet,10mg,Sanofi,Motion sickness and nausea,Over-the-Counter
Dextromethorphan,Decongestant,Lozenge,50mg,P&G,Cough suppression,Over-the-Counter
Pseudoephedrine,Antifungal,Liquid,2%,Sanofi,Diarrhea treatment,Over-the-Counter
Metoprolol,Anticonvulsant,Sublingual Tablet,50mg,Abbott,Asthma and bronchospasm,Prescription
Bismuth Subsalicylate,Antacid/PPI,Powder,2%,Novartis,Cough suppression,Over-the-Counter
Albuterol,Opioid Analgesic,Capsule,100mcg,Sanofi,Hypertension management,Prescription
Metformin,Antiplatelet,Liquid,0.5mg,AstraZeneca,Heart attack and stroke prevention,Prescription
Zinc Oxide,Expectorant,Cream,400mg,Reckitt,Heartburn and acid reflux,Over-the-Counter
Hydrocortisone Cream,Antiflatulent,Spray,400mg,Johnson & Johnson,Chest congestion and mucus relief,Over-the-Counter
Naproxen,Topical Anesthetic,Liquid,10mg,GSK,GERD and peptic ulcer,Over-the-Counter
Levothyroxine,PPI,Suppository,500mg,Boehringer Ingelheim,Depression and anxiety disorders,Prescription
Dextromethorphan,Sleep Aid,Chewable Tablet,2%,Novartis,Minor wound infection prevention,Over-the-Counter
Pregabalin,Calcium Channel Blocker,Injection,200mg,Eli Lilly,Depression and anxiety disorders,Prescription
Dexamethasone,Anticonvulsant,Extended Release Tablet,10mg,Johnson & Johnson,Asthma and bronchospasm,Prescription
Doxycycline,PPI,Nasal Spray,100mg,Sanofi,Hypertension and heart failure,Prescription
Levothyroxine,Antiplatelet,Patch,25mg,GlaxoSmithKline,High cholesterol management,Prescription
Metformin,Corticosteroid,IV Infusion,100mcg,Boehringer Ingelheim,Hypertension management,Prescription
Amlodipine,Corticosteroid,Sublingual Tablet,0.5mg,Gilead Sciences,GERD and peptic ulcer disease,Prescription
Pantoprazole,Anticoagulant,Patch,150mg,Gilead Sciences,Hypertension management,Prescription
Omeprazole,Antihistamine,Ointment,200mg,Sanofi,Skin inflammation and itching,Over-the-Counter
Montelukast,Corticosteroid,Extended Release Tablet,400mcg,Abbott,GERD and peptic ulcer disease,Prescription
Bismuth Subsalicylate,Sleep Aid,Lozenge,100mg,Unilever,Minor cuts and skin protection,Over-the-Counter
Sertraline,Corticosteroid,Tablet,150mg,Bristol-Myers Squibb,Blood clot prevention,Prescription
Loperamide,Acne Treatment,Capsule,150mg,Sanofi,Motion sickness and nausea,Over-the-Counter
Ibuprofen,Antacid/H2 Blocker,Gel,5%,Reckitt,Gas and bloating relief,Over-the-Counter
Pantoprazole,Calcium Channel Blocker,Suppository,50mcg,Abbott,Asthma and allergic rhinitis,Prescription
Famotidine,Antiflatulent,Powder,325mg,Unilever,Minor wound infection prevention,Over-the-Counter
Albuterol,Antidiabetic,Extended Release Tablet,500mg,Roche,Type 2 diabetes management,Prescription
Dexamethasone,Antidiabetic,Capsule,200mg,GlaxoSmithKline,Hypertension and heart failure,Prescription
Metoprolol,Antiplatelet,Liquid,20mg,GlaxoSmithKline,Asthma and bronchospasm,Prescription
Montelukast,Thyroid Hormone,Nasal Spray,250mg,GlaxoSmithKline,Hypothyroidism treatment,Prescription
Metoprolol,Corticosteroid,Patch,100mg,Gilead Sciences,High cholesterol management,Prescription
Simethicone,Antihistamine,Capsule,250mg,Pfizer,Nasal congestion relief,Over-the-Counter
Calcium Carbonate,Antidiarrheal,Drops,400mg,Pfizer,Minor cuts and skin protection,Over-the-Counter
Hydrocortisone Cream,Antacid/H2 Blocker,Powder,50mg,Chattem,Motion sickness and nausea,Over-the-Counter
Lidocaine Cream,Cough Suppressant,Tablet,150mg,Prestige Brands,Fungal skin infections,Over-the-Counter
Diphenhydramine,Laxative,Ointment,100mg,Bayer,Minor wound infection prevention,Over-the-Counter
Guaifenesin,Antihistamine,Lozenge,150mg,Novartis,Fungal skin infections,Over-the-Counter
Pseudoephedrine,Antihistamine,Chewable Tablet,10mg,P&G,Minor pain and itching relief,Over-the-Counter
Losartan,Beta Blocker,Liquid,1000mg,Amgen,GERD and peptic ulcer disease,Prescription
Ciprofloxacin,Beta Blocker,Sublingual Tablet,100mcg,Boehringer Ingelheim,Bacterial infections treatment,Prescription
Escitalopram,Anticoagulant,Nasal Spray,20mg,Abbott,Asthma and bronchospasm,Prescription
Prednisone,Anticonvulsant,Patch,100mcg,Boehringer Ingelheim,High cholesterol management,Prescription
Pregabalin,Leukotriene Inhibitor,Suppository,200mg,Novartis,Epilepsy and neuropathic pain,Prescription
Pantoprazole,Beta Blocker,Liquid,250mg,Boehringer Ingelheim,Moderate to severe pain management,Prescription
Loratadine,Analgesic,Chewable Tablet,150mg,3M Healthcare,Heartburn and indigestion,Over-the-Counter
Diphenhydramine,Skin Protectant,Liquid,200mg,Sanofi,Minor pain and itching relief,Over-the-Counter
Aluminum Hydroxide,Decongestant,Powder,500mg,Chattem,Constipation relief,Over-the-Counter
Neosporin,Antacid/PPI,Chewable Tablet,125mg,Reckitt,Minor pain and itching relief,Over-the-Counter
Clopidogrel,Antibiotic,Extended Release Tablet,400mcg,AstraZeneca,Asthma and allergic rhinitis,Prescription
Aspirin,Topical Antibiotic,Powder,1%,Johnson & Johnson,Heartburn and acid reflux,Over-the-Counter
Oxycodone,Opioid Analgesic,Suppository,25mg,Johnson & Johnson,Blood clot prevention,Prescription
Alprazolam,Corticosteroid,Topical Solution,0.25mg,Sanofi,Hypertension and heart failure,Prescription
Salicylic Acid,Topical Corticosteroid,Tablet,1%,Bayer,Motion sickness and nausea,Over-the-Counter
Azithromycin,ARB,Suppository,1000mg,Merck,Hypertension management,Prescription
Ciprofloxacin,Antidepressant/SSRI,IV Infusion,150mg,Roche,Hypothyroidism treatment,Prescription
Clotrimazole,Antifungal,Cream,150mg,Prestige Brands,Pain relief and fever reduction,Over-the-Counter
Clopidogrel,Anxiolytic/Benzodiazepine,Topical Solution,50mcg,Novartis,Hypertension and heart failure,Prescription
Clotrimazole,Antidiarrheal,Powder,50mg,Chattem,GERD and peptic ulcer,Over-the-Counter
Benzoyl Peroxide,Topical Antibiotic,Lozenge,5%,Prestige Brands,Chest congestion and mucus relief,Over-the-Counter
Meclizine,Antihistamine,Gel,20mg,Unilever,Constipation relief,Over-the-Counter
Acetaminophen,Antifungal,Tablet,125mg,Novartis,Diarrhea treatment,Over-the-Counter
Montelukast,Antifungal,Tablet,25mg,Johnson & Johnson,Heart attack and stroke prevention,Prescription
Pantoprazole,Antiplatelet,Nasal Spray,10mg,Eli Lilly,Inflammation and autoimmune disorders,Prescription
Bacitracin,Antiflatulent,Patch,2%,Chattem,Fungal skin infections,Over-the-Counter
Pregabalin,ACE Inhibitor,IV Infusion,25mg,Novartis,High cholesterol management,Prescription
Aspirin,Topical Anesthetic,Powder,100mg,3M Healthcare,GERD and peptic ulcer,Over-the-Counter
Metformin,Antidiabetic,Extended Release Tablet,1000mg,Eli Lilly,High cholesterol management,Prescription
Ranitidine,Antifungal,Spray,500mg,P&G,Acne treatment,Over-the-Counter
Hydrocodone,Antidiabetic,Sublingual Tablet,50mcg,Merck,Hypertension and heart failure,Prescription
Bacitracin,Antihistamine,Liquid,200mg,P&G,Acne treatment,Over-the-Counter
Lisinopril,ARB,Suppository,100mg,Merck,Hypothyroidism treatment,Prescription
Meclizine,Sleep Aid,Patch,150mg,Chattem,GERD and peptic ulcer,Over-the-Counter
Metoprolol,Thyroid Hormone,Sublingual Tablet,1000mg,GlaxoSmithKline,Depression and anxiety disorders,Prescription
Magnesium Hydroxide,Decongestant,Drops,25mg,Bayer,Insomnia and sleep aid,Over-the-Counter
Lidocaine Cream,Antiflatulent,Drops,150mg,Novartis,Motion sickness and nausea,Over-the-Counter
Guaifenesin,Topical Antibiotic,Lozenge,10mg,Sanofi,Nasal congestion relief,Over-the-Counter
Cetirizine,Topical Corticosteroid,Chewable Tablet,10mg,Reckitt,Pain relief and fever reduction,Over-the-Counter
Clotrimazole,Sleep Aid,Ointment,400mg,Johnson & Johnson,GERD and peptic ulcer,Over-the-Counter
Fluoxetine,Anticoagulant,IV Infusion,50mg,Merck,Epilepsy and neuropathic pain,Prescription
Simethicone,Topical Antibiotic,Gel,200mg,Johnson & Johnson,Pain relief and fever reduction,Over-the-Counter
Dexamethasone,Antibiotic,Injection,50mg,Roche,High cholesterol management,Prescription
Neosporin,Antifungal,Tablet,2%,Reckitt,Heartburn and acid reflux,Over-the-Counter
Diphenhydramine,Antacid,Powder,400mg,Chattem,Heartburn and indigestion,Over-the-Counter
Aspirin,Expectorant,Capsule,150mg,Reckitt,Insomnia and sleep aid,Over-the-Counter
Warfarin,Beta Blocker,Sublingual Tablet,25mg,Johnson & Johnson,Blood clot prevention,Prescription
Aluminum Hydroxide,Antifungal,Chewable Tablet,500mg,3M Healthcare,Motion sickness and nausea,Over-the-Counter
Pregabalin,Statin,Injection,75mg,Gilead Sciences,Heart attack and stroke prevention,Prescription
Lidocaine Cream,Topical Antibiotic,Patch,125mg,Prestige Brands,Pain relief and fever reduction,Over-the-Counter
Calcium Carbonate,Antiplatelet,Liquid,200mg,3M Healthcare,Constipation relief,Over-the-Counter
Bismuth Subsalicylate,Acne Treatment,Drops,20mg,Novartis,Acne treatment,Over-the-Counter
Hydrocodone,Antidepressant/SSRI,IV Infusion,50mg,Roche,Fungal infections treatment,Prescription
Aspirin,Laxative,Chewable Tablet,100mg,Chattem,Minor wound infection prevention,Over-the-Counter
Docusate Sodium,Antiemetic,Drops,50mg,Novartis,Acne treatment,Over-the-Counter
Salicylic Acid,Antacid/H2 Blocker,Powder,2%,Prestige Brands,Allergic rhinitis and hives,Over-the-Counter
Zinc Oxide,Sleep Aid,Drops,5mg,GSK,GERD and peptic ulcer,Over-the-Counter
Aspirin,Topical Corticosteroid,Spray,500mg,P&G,Skin inflammation and itching,Over-the-Counter
Albuterol,Leukotriene Inhibitor,Sublingual Tablet,1mg,Pfizer,Hypertension and angina,Prescription
Famotidine,Antiflatulent,Tablet,500mg,GSK,Minor cuts and skin protection,Over-the-Counter
Ranitidine,Sleep Aid,Powder,10mg,Bayer,Cough suppression,Over-the-Counter
Aspirin,Antacid,Cream,1%,Novartis,Fungal skin infections,Over-the-Counter
Benzoyl Peroxide,Topical Anesthetic,Gel,20mg,Reckitt,Motion sickness and nausea,Over-the-Counter
Gabapentin,Antidepressant/SSRI,Liquid,200mg,Boehringer Ingelheim,Hypertension and angina,Prescription
Losartan,Calcium Channel Blocker,IV Infusion,75mg,Boehringer Ingelheim,Hypertension and angina,Prescription
Omeprazole,Expectorant,Chewable Tablet,400mg,Reckitt,Acne treatment,Over-the-Counter
Magnesium Hydroxide,Antidiarrheal,Chewable Tablet,325mg,Johnson & Johnson,Heartburn and acid reflux,Over-the-Counter
Clotrimazole,Decongestant,Patch,25mg,Johnson & Johnson,Fungal skin infections,Over-the-Counter
Acetaminophen,Skin Protectant,Capsule,250mg,GSK,Constipation relief,Over-the-Counter
Ibuprofen,Antiemetic,Ointment,25mg,Chattem,Minor wound infection prevention,Over-the-Counter
Aluminum Hydroxide,Antiflatulent,Tablet,125mg,Novartis,Gas and bloating relief,Over-the-Counter
Furosemide,Anticonvulsant,Nasal Spray,400mcg,Pfizer,Hypothyroidism treatment,Prescription
Pregabalin,Calcium Channel Blocker,Inhaler,150mg,Roche,Hypertension management,Prescription
Furosemide,Anticoagulant,Tablet,2mg,Pfizer,Heart attack and stroke prevention,Prescription
Clotrimazole,Topical Antibiotic,Spray,5mg,Chattem,Allergic rhinitis and hives,Over-the-Counter
Bacitracin,Acne Treatment,Powder,325mg,Reckitt,GERD and peptic ulcer,Over-the-Counter
Warfarin,Bronchodilator,IV Infusion,200mg,AstraZeneca,Inflammation and autoimmune disorders,Prescription
Lidocaine Cream,Antihistamine,Cream,500mg,Reckitt,GERD and peptic ulcer,Over-the-Counter
Lidocaine Cream,Skin Protectant,Cream,20mg,Unilever,Minor cuts and skin protection,Over-the-Counter
Trimethoprim,Anticoagulant,IV Infusion,75mg,Eli Lilly,Type 2 diabetes management,Prescription
Alprazolam,Antibiotic,Patch,150mg,Bristol-Myers Squibb,Anxiety and panic disorders,Prescription
Loratadine,Topical Anesthetic,Gel,150mg,Chattem,Heartburn and acid reflux,Over-the-Counter
Neosporin,Antiemetic,Drops,500mg,GSK,Heartburn and acid reflux,Over-the-Counter
Pseudoephedrine,Skin Protectant,Drops,1%,Bayer,Minor cuts and skin protection,Over-the-Counter
Bismuth Subsalicylate,Analgesic,Cream,200mg,Sanofi,Fungal skin infections,Over-the-Counter
Metformin,Antidepressant/SSRI,Inhaler,10mg,Boehringer Ingelheim,Heart attack and stroke prevention,Prescription
Azithromycin,Anticonvulsant,Topical Solution,250mg,Sanofi,Hypertension and angina,Prescription
Naproxen,Antiemetic,Capsule,100mg,Sanofi,Gas and bloating relief,Over-the-Counter
Loratadine,Antiemetic,Lozenge,250mg,Johnson & Johnson,Minor pain and itching relief,Over-the-Counter
Omeprazole,Antacid/PPI,Gel,10mg,Pfizer,GERD and peptic ulcer,Over-the-Counter
Bacitracin,Antiemetic,Cream,2%,P&G,Heartburn and acid reflux,Over-the-Counter
Cetirizine,Antifungal,Chewable Tablet,1%,Pfizer,Gas and bloating relief,Over-the-Counter
Levothyroxine,ACE Inhibitor,IV Infusion,0.5mg,Novartis,Hypertension and heart failure,Prescription
Pregabalin,Antifungal,Tablet,1000mg,Sanofi,Moderate to severe pain management,Prescription
Guaifenesin,Topical Anesthetic,Liquid,5%,Johnson & Johnson,Minor pain and itching relief,Over-the-Counter
Magnesium Hydroxide,Laxative,Gel,50mg,Sanofi,Constipation relief,Over-the-Counter
Lidocaine Cream,Expectorant,Gel,325mg,Chattem,Acne treatment,Over-the-Counter
Zinc Oxide,Antihistamine,Capsule,50mg,Chattem,Skin inflammation and itching,Over-the-Counter
Simethicone,Antacid/H2 Blocker,Capsule,150mg,P&G,Acne treatment,Over-the-Counter
Levothyroxine,Antifungal,Tablet,150mg,Amgen,Fungal infections treatment,Prescription
Sertraline,Statin,Inhaler,100mcg,Pfizer,Fungal infections treatment,Prescription
Hydrocortisone Cream,Antacid,Powder,5mg,Chattem,Chest congestion and mucus relief,Over-the-Counter
Benzoyl Peroxide,Antacid/PPI,Patch,5%,3M Healthcare,Fungal skin infections,Over-the-Counter
Miconazole,Antihistamine,Chewable Tablet,200mg,Pfizer,Minor pain and itching relief,Over-the-Counter
Famotidine,Antacid/H2 Blocker,Patch,200mg,Bayer,Nasal congestion relief,Over-the-Counter
Ciprofloxacin,Thyroid Hormone,Sublingual Tablet,400mcg,Abbott,Blood clot prevention,Prescription
Clopidogrel,Anticonvulsant,Topical Solution,2mg,Amgen,Heart attack and stroke prevention,Prescription
Miconazole,Topical Antibiotic,Cream,50mg,Sanofi,Constipation relief,Over-the-Counter
Miconazole,Expectorant,Drops,20mg,Johnson & Johnson,GERD and peptic ulcer,Over-the-Counter
Montelukast,Antidiabetic,Sublingual Tablet,50mg,Gilead Sciences,Asthma and bronchospasm,Prescription
Clotrimazole,Analgesic,Tablet,500mg,Novartis,Motion sickness and nausea,Over-the-Counter
Omeprazole,Antacid/H2 Blocker,Ointment,50mg,P&G,Heartburn and indigestion,Over-the-Counter
Azithromycin,Antidepressant/SSRI,Injection,10mg,Novartis,Hypertension and heart failure,Prescription
Aspirin,Topical Antibiotic,Ointment,20mg,Reckitt,Motion sickness and nausea,Over-the-Counter
Clotrimazole,Laxative,Powder,500mg,Sanofi,Minor pain and itching relief,Over-the-Counter
Ranitidine,Antiemetic,Patch,200mg,Chattem,Fungal skin infections,Over-the-Counter
Acetaminophen,Antiemetic,Chewable Tablet,250mg,Prestige Brands,Cough suppression,Over-the-Counter
Metformin,Antidepressant/SSRI,Patch,150mg,Boehringer Ingelheim,Inflammation and autoimmune disorders,Prescription
Loratadine,Antacid/H2 Blocker,Chewable Tablet,400mg,GSK,Motion sickness and nausea,Over-the-Counter
Aspirin,Antacid/PPI,Liquid,500mg,Bayer,Minor pain and itching relief,Over-the-Counter
Cetirizine,Cough Suppressant,Ointment,400mg,P&G,Pain relief and fever reduction,Over-the-Counter
Amoxicillin,Anticonvulsant,Suppository,25mg,Sanofi,Blood clot prevention,Prescription
Famotidine,Laxative,Spray,10mg,Novartis,Acne treatment,Over-the-Counter
Ibuprofen,Cough Suppressant,Ointment,500mg,GSK,Constipation relief,Over-the-Counter
Aspirin,Antiemetic,Tablet,500mg,Novartis,Chest congestion and mucus relief,Over-the-Counter
Ciprofloxacin,Antidepressant/SSRI,Inhaler,2mg,Pfizer,Bacterial infections treatment,Prescription
Amoxicillin,ACE Inhibitor,Capsule,150mg,AstraZeneca,Type 2 diabetes management,Prescription
Bismuth Subsalicylate,Antiflatulent,Spray,400mg,Pfizer,Cough suppression,Over-the-Counter
Alprazolam,Bronchodilator,Tablet,1000mg,AstraZeneca,Hypertension and angina,Prescription
Hydrocortisone Cream,Antiplatelet,Ointment,20mg,Reckitt,GERD and peptic ulcer,Over-the-Counter
Zinc Oxide,Skin Protectant,Patch,1%,P&G,Motion sickness and nausea,Over-the-Counter
Clindamycin,Diuretic,Topical Solution,150mg,Amgen,Fungal infections treatment,Prescription
Docusate Sodium,Analgesic,Powder,150mg,Johnson & Johnson,Fungal skin infections,Over-the-Counter
Bismuth Subsalicylate,Antacid/PPI,Spray,100mg,Reckitt,Chest congestion and mucus relief,Over-the-Counter
Prednisone,Leukotriene Inhibitor,Sublingual Tablet,0.25mg,Sanofi,Epilepsy and neuropathic pain,Prescription
Diphenhydramine,Cough Suppressant,Spray,5mg,3M Healthcare,Diarrhea treatment,Over-the-Counter
Bacitracin,Antidiarrheal,Capsule,50mg,Johnson & Johnson,Nasal congestion relief,Over-the-Counter
Neosporin,Decongestant,Spray,1%,Johnson & Johnson,Insomnia and sleep aid,Over-the-Counter
Pseudoephedrine,Antihistamine,Drops,400mg,Pfizer,Insomnia and sleep aid,Over-the-Counter
Famotidine,Expectorant,Patch,10mg,P&G,Allergic rhinitis and hives,Over-the-Counter
Ciprofloxacin,Beta Blocker,Inhaler,25mg,Merck,Heart attack and stroke prevention,Prescription
Magnesium Hydroxide,Antidiarrheal,Lozenge,5%,GSK,Fungal skin infections,Over-the-Counter
Pantoprazole,Anticoagulant,Sublingual Tablet,200mg,Pfizer,Epilepsy and neuropathic pain,Prescription
Pseudoephedrine,Antihistamine,Powder,25mg,Sanofi,Gas and bloating relief,Over-the-Counter
Famotidine,Expectorant,Powder,100mg,Sanofi,Minor wound infection prevention,Over-the-Counter
Trimethoprim,Anticoagulant,IV Infusion,400mcg,Novartis,Heart attack and stroke prevention,Prescription
Albuterol,Corticosteroid,Nasal Spray,400mcg,Abbott,Anxiety and panic disorders,Prescription
Montelukast,Anticonvulsant,Liquid,10mg,Merck,High cholesterol management,Prescription
Fluoxetine,Antiplatelet,Topical Solution,150mg,Johnson & Johnson,Type 2 diabetes management,Prescription
Clotrimazole,Cough Suppressant,Powder,150mg,Unilever,Minor wound infection prevention,Over-the-Counter
Aluminum Hydroxide,Analgesic,Spray,20mg,P&G,Motion sickness and nausea,Over-the-Counter
Bacitracin,Antacid/H2 Blocker,Capsule,20mg,3M Healthcare,Insomnia and sleep aid,Over-the-Counter
Benzoyl Peroxide,Antifungal,Powder,1%,GSK,Pain relief and fever reduction,Over-the-Counter
Losartan,Corticosteroid,Sublingual Tablet,400mcg,Gilead Sciences,Hypertension and heart failure,Prescription
Bacitracin,Antifungal,Capsule,2%,3M Healthcare,Diarrhea treatment,Over-the-Counter
Amlodipine,Antidiabetic,Liquid,0.25mg,Merck,Depression and anxiety disorders,Prescription
Trimethoprim,PPI,Inhaler,20mg,Novartis,Asthma and allergic rhinitis,Prescription
Docusate Sodium,Antihistamine,Spray,25mg,P&G,Pain relief and fever reduction,Over-the-Counter
Prednisone,Corticosteroid,Injection,100mcg,Bristol-Myers Squibb,Anxiety and panic disorders,Prescription
Cetirizine,Antihistamine,Powder,325mg,Pfizer,Insomnia and sleep aid,Over-the-Counter
Losartan,Bronchodilator,Patch,100mcg,Boehringer Ingelheim,Edema and hypertension,Prescription
Cetirizine,Acne Treatment,Chewable Tablet,200mg,GSK,GERD and peptic ulcer,Over-the-Counter
Clindamycin,Antiplatelet,Sublingual Tablet,400mcg,Gilead Sciences,Bacterial infections treatment,Prescription
Levothyroxine,Diuretic,Suppository,0.25mg,Amgen,Heart attack and stroke prevention,Prescription
Fluoxetine,Antidiabetic,Suppository,1mg,Boehringer Ingelheim,GERD and peptic ulcer disease,Prescription
Clopidogrel,Opioid Analgesic,Topical Solution,1000mg,Merck,Blood clot prevention,Prescription
Trimethoprim,Antiplatelet,Patch,10mg,GlaxoSmithKline,Inflammation and autoimmune disorders,Prescription
Atorvastatin,Leukotriene Inhibitor,Sublingual Tablet,2mg,Pfizer,Depression and anxiety disorders,Prescription
Metronidazole,Anticonvulsant,IV Infusion,0.25mg,Roche,Hypertension management,Prescription
Benzoyl Peroxide,Acne Treatment,Gel,125mg,Unilever,Nasal congestion relief,Over-the-Counter
Amlodipine,ARB,Inhaler,200mg,Johnson & Johnson,Edema and hypertension,Prescription
Aluminum Hydroxide,Sleep Aid,Chewable Tablet,150mg,GSK,Skin inflammation and itching,Over-the-Counter
Ranitidine,Skin Protectant,Drops,2%,Bayer,Gas and bloating relief,Over-the-Counter
Metronidazole,Thyroid Hormone,Extended Release Tablet,200mg,Sanofi,Depression and anxiety disorders,Prescription
Docusate Sodium,Antifungal,Chewable Tablet,5%,Reckitt,Insomnia and sleep aid,Over-the-Counter
Pantoprazole,Antidiabetic,Inhaler,0.5mg,Abbott,Type 2 diabetes management,Prescription
Clopidogrel,Antidepressant/SSRI,Extended Release Tablet,150mg,Sanofi,Moderate to severe pain management,Prescription
Ibuprofen,Topical Corticosteroid,Spray,20mg,Pfizer,Skin inflammation and itching,Over-the-Counter
Pantoprazole,Anticoagulant,Extended Release Tablet,200mcg,Johnson & Johnson,Asthma and bronchospasm,Prescription
Acetaminophen,Expectorant,Ointment,100mg,Reckitt,Skin inflammation and itching,Over-the-Counter
Clotrimazole,Topical Anesthetic,Patch,100mg,Unilever,Nasal congestion relief,Over-the-Counter
Guaifenesin,Antacid/H2 Blocker,Lozenge,2%,Unilever,Allergic rhinitis and hives,Over-the-Counter
Losartan,Antifungal,Injection,500mg,Johnson & Johnson,Inflammation and autoimmune disorders,Prescription
Ranitidine,Antiflatulent,Chewable Tablet,150mg,Prestige Brands,Gas and bloating relief,Over-the-Counter
Clotrimazole,Antifungal,Tablet,10mg,Bayer,Diarrhea treatment,Over-the-Counter
Guaifenesin,Analgesic,Spray,25mg,P&G,Gas and bloating relief,Over-the-Counter
Miconazole,Antacid,Tablet,150mg,Novartis,Acne treatment,Over-the-Counter
Metformin,Calcium Channel Blocker,Tablet,200mg,Amgen,High cholesterol management,Prescription
Ibuprofen,Sleep Aid,Gel,5%,Prestige Brands,Allergic rhinitis and hives,Over-the-Counter
Docusate Sodium,Antihistamine,Drops,5mg,Pfizer,Chest congestion and mucus relief,Over-the-Counter
Azithromycin,Bronchodilator,Extended Release Tablet,400mcg,Pfizer,Moderate to severe pain management,Prescription
Furosemide,Anxiolytic/Benzodiazepine,Capsule,25mg,Novartis,Blood clot prevention,Prescription
Trimethoprim,Anticonvulsant,Suppository,5mg,Novartis,Epilepsy and neuropathic pain,Prescription
Loperamide,Skin Protectant,Capsule,125mg,Bayer,Chest congestion and mucus relief,Over-the-Counter
Prednisone,ACE Inhibitor,Liquid,1000mg,Gilead Sciences,Anxiety and panic disorders,Prescription
Hydrocodone,Statin,Liquid,0.25mg,Pfizer,Type 2 diabetes management,Prescription
Gabapentin,Anxiolytic/Benzodiazepine,Patch,50mg,GlaxoSmithKline,Type 2 diabetes management,Prescription
Metronidazole,PPI,Extended Release Tablet,5mg,Merck,GERD and peptic ulcer disease,Prescription
Miconazole,Antidiarrheal,Ointment,1%,GSK,Allergic rhinitis and hives,Over-the-Counter
Aluminum Hydroxide,Decongestant,Chewable Tablet,10mg,Prestige Brands,Minor pain and itching relief,Over-the-Counter
Omeprazole,Decongestant,Patch,200mg,Bayer,Cough suppression,Over-the-Counter
Naproxen,Laxative,Gel,250mg,Prestige Brands,Cough suppression,Over-the-Counter
Gabapentin,ARB,Extended Release Tablet,50mg,Gilead Sciences,Bacterial infections treatment,Prescription
Ciprofloxacin,Antibiotic,Topical Solution,1mg,Roche,Asthma and allergic rhinitis,Prescription
Aspirin,Antacid/H2 Blocker,Cream,400mg,Sanofi,Motion sickness and nausea,Over-the-Counter
Pseudoephedrine,Antihistamine,Drops,50mg,GSK,Gas and bloating relief,Over-the-Counter
Clotrimazole,Cough Suppressant,Chewable Tablet,125mg,Unilever,Allergic rhinitis and hives,Over-the-Counter
Naproxen,Topical Anesthetic,Powder,2%,Pfizer,Motion sickness and nausea,Over-the-Counter
Guaifenesin,Topical Corticosteroid,Ointment,50mg,Pfizer,Minor cuts and skin protection,Over-the-Counter
Pregabalin,Antidiabetic,Sublingual Tablet,200mg,AstraZeneca,Fungal infections treatment,Prescription
Gabapentin,ACE Inhibitor,Liquid,100mcg,Merck,Asthma and bronchospasm,Prescription
Sertraline,Opioid Analgesic,Liquid,75mg,Gilead Sciences,Asthma and bronchospasm,Prescription
Amoxicillin,Corticosteroid,IV Infusion,150mg,GlaxoSmithKline,Asthma and bronchospasm,Prescription
Fluoxetine,Diuretic,Tablet,20mg,Pfizer,Blood clot prevention,Prescription
Amlodipine,Anxiolytic/Benzodiazepine,IV Infusion,2mg,Novartis,Depression and anxiety disorders,Prescription
Bismuth Subsalicylate,Antacid/H2 Blocker,Powder,10mg,Chattem,Nasal congestion relief,Over-the-Counter
Atorvastatin,ACE Inhibitor,Capsule,400mcg,Abbott,Hypertension and angina,Prescription
Meclizine,Antiflatulent,Lozenge,20mg,Reckitt,GERD and peptic ulcer,Over-the-Counter
Magnesium Hydroxide,Antacid,Powder,25mg,3M Healthcare,Cough suppression,Over-the-Counter
Sertraline,Diuretic,Patch,20mg,Roche,Asthma and allergic rhinitis,Prescription
Alprazolam,ARB,Patch,25mg,Gilead Sciences,Fungal infections treatment,Prescription
Zinc Oxide,Antacid/PPI,Gel,5mg,GSK,Minor cuts and skin protection,Over-the-Counter
Bismuth Subsalicylate,Expectorant,Lozenge,20mg,Reckitt,Pain relief and fever reduction,Over-the-Counter
Magnesium Hydroxide,Decongestant,Cream,325mg,Prestige Brands,Minor pain and itching relief,Over-the-Counter
Ranitidine,Analgesic,Patch,325mg,Unilever,Blood clot prevention,Over-the-Counter
Bacitracin,Laxative,Powder,325mg,Johnson & Johnson,Nasal congestion relief,Over-the-Counter
Alprazolam,Antibiotic,Nasal Spray,100mg,Sanofi,Bacterial infections treatment,Prescription
Alprazolam,Bronchodilator,Tablet,0.25mg,GlaxoSmithKline,Epilepsy and neuropathic pain,Prescription
Miconazole,Antacid,Ointment,125mg,Unilever,Allergic rhinitis and hives,Over-the-Counter
Sertraline,ARB,Suppository,0.5mg,Boehringer Ingelheim,GERD and peptic ulcer disease,Prescription
Lidocaine Cream,Skin Protectant,Patch,200mg,Prestige Brands,Motion sickness and nausea,Over-the-Counter
Miconazole,Antiflatulent,Lozenge,400mg,Prestige Brands,Minor wound infection prevention,Over-the-Counter
Cetirizine,Antiflatulent,Spray,10mg,Chattem,Minor pain and itching relief,Over-the-Counter
Escitalopram,PPI,Nasal Spray,0.5mg,Merck,Anxiety and panic disorders,Prescription
Alprazolam,Antibiotic,Tablet,100mg,Bristol-Myers Squibb,Inflammation and autoimmune disorders,Prescription
Simethicone,Laxative,Powder,5mg,Johnson & Johnson,Pain relief and fever reduction,Over-the-Counter
Pregabalin,Anticonvulsant,Sublingual Tablet,50mcg,Novartis,Depression and anxiety disorders,Prescription
Escitalopram,Antidepressant/SSRI,IV Infusion,200mg,Sanofi,Edema and hypertension,Prescription
Clotrimazole,Analgesic,Liquid,2%,Unilever,Skin inflammation and itching,Over-the-Counter
Alprazolam,Anxiolytic/Benzodiazepine,Injection,10mg,Merck,Edema and hypertension,Prescription
Trimethoprim,ARB,Inhaler,250mg,Sanofi,Blood clot prevention,Prescription
Clindamycin,Beta Blocker,Inhaler,1000mg,Eli Lilly,Hypertension and heart failure,Prescription
Sertraline,Anxiolytic/Benzodiazepine,Injection,200mg,Novartis,Asthma and bronchospasm,Prescription
Alprazolam,Bronchodilator,Sublingual Tablet,0.25mg,Amgen,Bacterial infections treatment,Prescription
Cetirizine,Antiemetic,Powder,50mg,Chattem,Constipation relief,Over-the-Counter
Prednisone,Antidepressant/SSRI,Injection,100mcg,AstraZeneca,Hypertension management,Prescription
Fluoxetine,Opioid Analgesic,Nasal Spray,1000mg,Merck,Asthma and bronchospasm,Prescription
Hydrocodone,Antibiotic,Sublingual Tablet,25mg,Boehringer Ingelheim,Hypertension and angina,Prescription
Meclizine,Topical Antibiotic,Ointment,400mg,Unilever,Minor pain and itching relief,Over-the-Counter
Famotidine,Antiplatelet,Patch,20mg,Unilever,Motion sickness and nausea,Over-the-Counter
Hydrocodone,Anticonvulsant,IV Infusion,25mg,Amgen,High cholesterol management,Prescription
Hydrocodone,Antifungal,Patch,50mcg,Roche,Asthma and bronchospasm,Prescription
Miconazole,Sleep Aid,Capsule,400mg,Reckitt,Acne treatment,Over-the-Counter
Clopidogrel,Antiplatelet,IV Infusion,100mg,Merck,Bacterial infections treatment,Prescription
Meclizine,Antifungal,Tablet,25mg,Reckitt,Gas and bloating relief,Over-the-Counter
Escitalopram,Antiplatelet,Inhaler,500mg,Merck,Fungal infections treatment,Prescription
Miconazole,Antacid/PPI,Liquid,1%,Sanofi,Heartburn and acid reflux,Over-the-Counter
Neosporin,Antacid/H2 Blocker,Ointment,1%,P&G,Heartburn and indigestion,Over-the-Counter
Acetaminophen,Topical Antibiotic,Powder,250mg,Novartis,Constipation relief,Over-the-Counter
Metformin,Statin,Tablet,75mg,Johnson & Johnson,Blood clot prevention,Prescription
Metronidazole,Anticonvulsant,IV Infusion,0.25mg,Johnson & Johnson,Blood clot prevention,Prescription
Losartan,Antidepressant/SSRI,Liquid,500mg,Merck,Blood clot prevention,Prescription
Aspirin,Acne Treatment,Liquid,125mg,Bayer,Fungal skin infections,Over-the-Counter
Lidocaine Cream,Topical Anesthetic,Powder,5%,P&G,Minor pain and itching relief,Over-the-Counter
Magnesium Hydroxide,Antidiarrheal,Gel,125mg,P&G,Constipation relief,Over-the-Counter
Aspirin,Topical Anesthetic,Lozenge,2%,Reckitt,Constipation relief,Over-the-Counter
Miconazole,Topical Anesthetic,Tablet,200mg,Bayer,Diarrhea treatment,Over-the-Counter
Prednisone,Diuretic,Nasal Spray,0.25mg,Novartis,Heart attack and stroke prevention,Prescription
Zinc Oxide,Topical Antibiotic,Powder,10mg,Unilever,Heartburn and indigestion,Over-the-Counter
Cetirizine,Antacid/PPI,Spray,5%,GSK,Fungal skin infections,Over-the-Counter
Neosporin,Topical Corticosteroid,Drops,5mg,Prestige Brands,Motion sickness and nausea,Over-the-Counter
Bacitracin,Topical Antibiotic,Liquid,50mg,P&G,Acne treatment,Over-the-Counter
Diphenhydramine,Analgesic,Ointment,5%,Pfizer,Insomnia and sleep aid,Over-the-Counter
Neosporin,Antiflatulent,Liquid,250mg,3M Healthcare,Acne treatment,Over-the-Counter
Amoxicillin,Anticoagulant,Topical Solution,250mg,AstraZeneca,Hypothyroidism treatment,Prescription
Acetaminophen,Acne Treatment,Liquid,20mg,Novartis,Heartburn and indigestion,Over-the-Counter
Warfarin,Beta Blocker,Capsule,50mcg,Gilead Sciences,High cholesterol management,Prescription
Levothyroxine,ARB,Extended Release Tablet,50mg,Eli Lilly,Edema and hypertension,Prescription
Lidocaine Cream,Antidiarrheal,Powder,325mg,Novartis,Fungal skin infections,Over-the-Counter
Naproxen,Topical Anesthetic,Cream,5mg,GSK,Diarrhea treatment,Over-the-Counter
Cetirizine,Antiflatulent,Lozenge,200mg,Pfizer,Minor cuts and skin protection,Over-the-Counter
Naproxen,Sleep Aid,Ointment,1%,Bayer,Nasal congestion relief,Over-the-Counter
Neosporin,Analgesic,Drops,5mg,Johnson & Johnson,Blood clot prevention,Over-the-Counter
Gabapentin,Calcium Channel Blocker,Extended Release Tablet,50mcg,Gilead Sciences,Moderate to severe pain management,Prescription
Loperamide,Antacid/PPI,Gel,200mg,Johnson & Johnson,Skin inflammation and itching,Over-the-Counter
Sertraline,Calcium Channel Blocker,Sublingual Tablet,20mg,AstraZeneca,Anxiety and panic disorders,Prescription
Metformin,ACE Inhibitor,Liquid,200mcg,Boehringer Ingelheim,Asthma and bronchospasm,Prescription
Lisinopril,ARB,Tablet,200mg,Novartis,Bacterial infections treatment,Prescription
Warfarin,Antidiabetic,Extended Release Tablet,400mcg,Bristol-Myers Squibb,Fungal infections treatment,Prescription
Zinc Oxide,Antacid/H2 Blocker,Chewable Tablet,20mg,3M Healthcare,Insomnia and sleep aid,Over-the-Counter
Sertraline,Calcium Channel Blocker,Nasal Spray,50mg,Abbott,Hypertension management,Prescription
Magnesium Hydroxide,Laxative,Patch,20mg,Prestige Brands,Minor pain and itching relief,Over-the-Counter
Pseudoephedrine,Skin Protectant,Gel,200mg,3M Healthcare,Heartburn and indigestion,Over-the-Counter
Doxycycline,Thyroid Hormone,Nasal Spray,1000mg,GlaxoSmithKline,Fungal infections treatment,Prescription
Bacitracin,Antihistamine,Powder,100mg,Reckitt,Cough suppression,Over-the-Counter
Miconazole,Laxative,Spray,1%,Sanofi,Chest congestion and mucus relief,Over-the-Counter
Pregabalin,Anxiolytic/Benzodiazepine,Sublingual Tablet,0.25mg,Johnson & Johnson,Moderate to severe pain management,Prescription
Montelukast,Antidiabetic,Suppository,2mg,Bristol-Myers Squibb,Moderate to severe pain management,Prescription
Docusate Sodium,Topical Antibiotic,Cream,20mg,Chattem,Cough suppression,Over-the-Counter
Aspirin,Sleep Aid,Lozenge,150mg,Chattem,Skin inflammation and itching,Over-the-Counter
Ibuprofen,Antiplatelet,Drops,100mg,Bayer,Fungal skin infections,Over-the-Counter
Famotidine,Skin Protectant,Gel,125mg,Unilever,Minor pain and itching relief,Over-the-Counter
Doxycycline,Antifungal,Patch,150mg,Johnson & Johnson,Hypertension management,Prescription
Omeprazole,Topical Corticosteroid,Lozenge,2%,GSK,Gas and bloating relief,Over-the-Counter
Alprazolam,Bronchodilator,Capsule,250mg,Boehringer Ingelheim,Heart attack and stroke prevention,Prescription
Atorvastatin,Anxiolytic/Benzodiazepine,IV Infusion,50mg,Roche,Hypertension and angina,Prescription
Levothyroxine,Diuretic,Sublingual Tablet,200mg,Johnson & Johnson,Anxiety and panic disorders,Prescription
Albuterol,Opioid Analgesic,Patch,50mcg,AstraZeneca,Hypothyroidism treatment,Prescription
Acetaminophen,Antacid,Gel,50mg,GSK,Diarrhea treatment,Over-the-Counter
Magnesium Hydroxide,Cough Suppressant,Liquid,5%,3M Healthcare,GERD and peptic ulcer,Over-the-Counter
Meclizine,Cough Suppressant,Patch,500mg,Bayer,Cough suppression,Over-the-Counter
Clindamycin,Anticonvulsant,Sublingual Tablet,5mg,AstraZeneca,Type 2 diabetes management,Prescription
Aspirin,Antacid/PPI,Capsule,200mg,GSK,Minor wound infection prevention,Over-the-Counter
Fluoxetine,Beta Blocker,IV Infusion,0.5mg,Abbott,Bacterial infections treatment,Prescription
Guaifenesin,Analgesic,Lozenge,50mg,3M Healthcare,Pain relief and fever reduction,Over-the-Counter
Escitalopram,Calcium Channel Blocker,Extended Release Tablet,75mg,Roche,Hypertension and heart failure,Prescription
Alprazolam,ARB,Topical Solution,0.25mg,Abbott,GERD and peptic ulcer disease,Prescription
Prednisone,Opioid Analgesic,Patch,2mg,Novartis,GERD and peptic ulcer disease,Prescription
Neosporin,Antiflatulent,Patch,200mg,Pfizer,Constipation relief,Over-the-Counter
Pregabalin,Antibiotic,Topical Solution,1000mg,Gilead Sciences,Hypertension and heart failure,Prescription
Aspirin,Analgesic,Cream,25mg,P&G,Diarrhea treatment,Over-the-Counter
Alprazolam,Anticonvulsant,Inhaler,500mg,AstraZeneca,Edema and hypertension,Prescription
Loperamide,Antacid/H2 Blocker,Chewable Tablet,5mg,GSK,Cough suppression,Over-the-Counter
Docusate Sodium,Decongestant,Lozenge,250mg,Novartis,Cough suppression,Over-the-Counter
Zinc Oxide,Antacid/PPI,Powder,20mg,Johnson & Johnson,Pain relief and fever reduction,Over-the-Counter
Doxycycline,Corticosteroid,Tablet,200mg,Sanofi,Hypertension and angina,Prescription
Salicylic Acid,Cough Suppressant,Tablet,20mg,Unilever,Cough suppression,Over-the-Counter
Simethicone,Antiemetic,Ointment,200mg,Prestige Brands,Nasal congestion relief,Over-the-Counter
Clotrimazole,Skin Protectant,Gel,125mg,Pfizer,Pain relief and fever reduction,Over-the-Counter
Pantoprazole,Anticoagulant,Inhaler,0.25mg,Amgen,Anxiety and panic disorders,Prescription
Dextromethorphan,Antidiarrheal,Capsule,100mg,P&G,Minor pain and itching relief,Over-the-Counter
Oxycodone,Antiplatelet,Suppository,100mg,AstraZeneca,Hypertension and heart failure,Prescription
Clindamycin,Antidiabetic,Topical Solution,200mcg,GlaxoSmithKline,Asthma and bronchospasm,Prescription
Calcium Carbonate,Expectorant,Gel,5%,GSK,Diarrhea treatment,Over-the-Counter
Clopidogrel,ARB,Injection,0.5mg,Abbott,Type 2 diabetes management,Prescription
Pregabalin,Antifungal,Topical Solution,25mg,Novartis,Edema and hypertension,Prescription
Meclizine,Antifungal,Tablet,150mg,P&G,Pain relief and fever reduction,Over-the-Counter
Simethicone,Decongestant,Lozenge,5%,GSK,Nasal congestion relief,Over-the-Counter
Diphenhydramine,Laxative,Powder,5%,Reckitt,Minor pain and itching relief,Over-the-Counter
Alprazolam,Bronchodilator,Patch,400mcg,GlaxoSmithKline,Moderate to severe pain management,Prescription
Clotrimazole,Antiplatelet,Lozenge,5mg,P&G,Chest congestion and mucus relief,Over-the-Counter
Aluminum Hydroxide,Sleep Aid,Cream,5%,GSK,Constipation relief,Over-the-Counter
Amlodipine,Antifungal,Suppository,500mg,Gilead Sciences,GERD and peptic ulcer disease,Prescription
Simethicone,Skin Protectant,Drops,125mg,Sanofi,Allergic rhinitis and hives,Over-the-Counter
Aspirin,Antiplatelet,Chewable Tablet,200mg,Chattem,Insomnia and sleep aid,Over-the-Counter
Levothyroxine,Bronchodilator,Nasal Spray,2mg,Sanofi,Asthma and bronchospasm,Prescription
Albuterol,Anticonvulsant,Capsule,25mg,Novartis,Anxiety and panic disorders,Prescription
Aspirin,Antidiarrheal,Liquid,5%,Bayer,Gas and bloating relief,Over-the-Counter
Atorvastatin,PPI,Suppository,500mg,Eli Lilly,Hypertension management,Prescription
Levothyroxine,Thyroid Hormone,Patch,250mg,GlaxoSmithKline,Hypertension management,Prescription
Doxycycline,Antiplatelet,Capsule,1000mg,Pfizer,Anxiety and panic disorders,Prescription
Amlodipine,Thyroid Hormone,Inhaler,75mg,Novartis,Epilepsy and neuropathic pain,Prescription
Pantoprazole,Beta Blocker,Tablet,20mg,AstraZeneca,Hypothyroidism treatment,Prescription
Dexamethasone,Anticonvulsant,IV Infusion,2mg,Amgen,Hypertension management,Prescription
Gabapentin,Anxiolytic/Benzodiazepine,Injection,100mcg,AstraZeneca,Epilepsy and neuropathic pain,Prescription
Lisinopril,Opioid Analgesic,Inhaler,20mg,Amgen,Heart attack and stroke prevention,Prescription
Loperamide,Skin Protectant,Gel,2%,Sanofi,Fungal skin infections,Over-the-Counter
Metoprolol,Beta Blocker,Capsule,20mg,AstraZeneca,Hypothyroidism treatment,Prescription
Ibuprofen,Antacid,Liquid,400mg,Bayer,Allergic rhinitis and hives,Over-the-Counter
Oxycodone,ARB,Nasal Spray,20mg,Abbott,Epilepsy and neuropathic pain,Prescription
Clotrimazole,Antacid/PPI,Ointment,400mg,Novartis,Nasal congestion relief,Over-the-Counter
Levothyroxine,Antibiotic,Liquid,50mg,Bristol-Myers Squibb,Hypertension and heart failure,Prescription
Clotrimazole,Acne Treatment,Spray,200mg,P&G,Allergic rhinitis and hives,Over-the-Counter
Benzoyl Peroxide,Antiemetic,Patch,125mg,GSK,Insomnia and sleep aid,Over-the-Counter
Clopidogrel,Anxiolytic/Benzodiazepine,Injection,1000mg,Roche,Fungal infections treatment,Prescription
Gabapentin,Calcium Channel Blocker,Patch,75mg,Bristol-Myers Squibb,Hypertension and heart failure,Prescription
Hydrocodone,Antiplatelet,Suppository,50mg,Gilead Sciences,Asthma and allergic rhinitis,Prescription
Prednisone,ACE Inhibitor,Topical Solution,50mg,Novartis,Fungal infections treatment,Prescription
Calcium Carbonate,Topical Antibiotic,Tablet,200mg,Unilever,Acne treatment,Over-the-Counter
Loratadine,Laxative,Powder,200mg,Johnson & Johnson,Chest congestion and mucus relief,Over-the-Counter
Meclizine,Antiemetic,Liquid,150mg,Chattem,Diarrhea treatment,Over-the-Counter
Dextromethorphan,Analgesic,Tablet,50mg,Novartis,Fungal skin infections,Over-the-Counter
Lidocaine Cream,Topical Corticosteroid,Powder,200mg,Prestige Brands,GERD and peptic ulcer,Over-the-Counter
Salicylic Acid,Analgesic,Tablet,125mg,Novartis,Insomnia and sleep aid,Over-the-Counter
Metformin,Antibiotic,Capsule,0.25mg,Novartis,Hypertension and heart failure,Prescription
Lidocaine Cream,Antiemetic,Powder,150mg,Reckitt,Skin inflammation and itching,Over-the-Counter
Zinc Oxide,Topical Corticosteroid,Chewable Tablet,100mg,P&G,Acne treatment,Over-the-Counter
Furosemide,Leukotriene Inhibitor,Topical Solution,200mcg,Gilead Sciences,Asthma and allergic rhinitis,Prescription
Doxycycline,Anticonvulsant,IV Infusion,5mg,Boehringer Ingelheim,Fungal infections treatment,Prescription
Loperamide,Sleep Aid,Patch,500mg,3M Healthcare,Allergic rhinitis and hives,Over-the-Counter
Montelukast,PPI,Suppository,150mg,Johnson & Johnson,Hypothyroidism treatment,Prescription
Ranitidine,Topical Corticosteroid,Tablet,150mg,GSK,Skin inflammation and itching,Over-the-Counter
Montelukast,Anticoagulant,Inhaler,200mg,Eli Lilly,Heart attack and stroke prevention,Prescription
Dextromethorphan,Laxative,Chewable Tablet,150mg,GSK,Motion sickness and nausea,Over-the-Counter
Aspirin,Antacid/PPI,Tablet,250mg,Novartis,Motion sickness and nausea,Over-the-Counter
Acetaminophen,Topical Antibiotic,Gel,400mg,Novartis,Cough suppression,Over-the-Counter
Neosporin,Laxative,Cream,1%,Prestige Brands,Gas and bloating relief,Over-the-Counter
Alprazolam,Thyroid Hormone,Patch,250mg,Johnson & Johnson,Hypertension and heart failure,Prescription
Miconazole,Analgesic,Ointment,20mg,3M Healthcare,Heartburn and acid reflux,Over-the-Counter
Lisinopril,Anticonvulsant,Suppository,75mg,GlaxoSmithKline,High cholesterol management,Prescription
Levothyroxine,Antidepressant/SSRI,IV Infusion,1mg,Eli Lilly,Hypertension and angina,Prescription
Pantoprazole,ACE Inhibitor,Nasal Spray,75mg,Amgen,Hypertension and angina,Prescription
Metoprolol,Bronchodilator,Inhaler,25mg,Abbott,Bacterial infections treatment,Prescription
Hydrocortisone Cream,Expectorant,Drops,200mg,P&G,Minor cuts and skin protection,Over-the-Counter
Atorvastatin,PPI,Nasal Spray,500mg,Merck,Epilepsy and neuropathic pain,Prescription
Clotrimazole,Antihistamine,Lozenge,250mg,Chattem,Diarrhea treatment,Over-the-Counter
Azithromycin,Corticosteroid,IV Infusion,75mg,Gilead Sciences,Bacterial infections treatment,Prescription
Meclizine,Antihistamine,Chewable Tablet,500mg,Novartis,Heartburn and acid reflux,Over-the-Counter
Dextromethorphan,Antiflatulent,Cream,150mg,Johnson & Johnson,Fungal skin infections,Over-the-Counter
Salicylic Acid,Antiplatelet,Patch,20mg,Novartis,Diarrhea treatment,Over-the-Counter
Bacitracin,Antacid/PPI,Capsule,20mg,Novartis,Gas and bloating relief,Over-the-Counter
Clopidogrel,PPI,Suppository,10mg,Johnson & Johnson,GERD and peptic ulcer disease,Prescription
Pseudoephedrine,Antacid/H2 Blocker,Tablet,325mg,Pfizer,Allergic rhinitis and hives,Over-the-Counter
Trimethoprim,Anxiolytic/Benzodiazepine,Topical Solution,400mcg,Novartis,Asthma and allergic rhinitis,Prescription
Calcium Carbonate,Analgesic,Liquid,1%,3M Healthcare,Minor pain and itching relief,Over-the-Counter
Dextromethorphan,Cough Suppressant,Spray,20mg,Johnson & Johnson,Cough suppression,Over-the-Counter
Atorvastatin,Antidiabetic,IV Infusion,20mg,Pfizer,Edema and hypertension,Prescription
Prednisone,Anticonvulsant,Tablet,200mcg,GlaxoSmithKline,Hypothyroidism treatment,Prescription
Clopidogrel,Leukotriene Inhibitor,Inhaler,100mg,GlaxoSmithKline,Hypothyroidism treatment,Prescription
Sertraline,Calcium Channel Blocker,Extended Release Tablet,1mg,Eli Lilly,Moderate to severe pain management,Prescription
Amlodipine,Anticonvulsant,IV Infusion,400mcg,Roche,Blood clot prevention,Prescription
Simethicone,Antacid,Powder,2%,Johnson & Johnson,Pain relief and fever reduction,Over-the-Counter
Naproxen,Skin Protectant,Chewable Tablet,500mg,Pfizer,Constipation relief,Over-the-Counter
Lidocaine Cream,Sleep Aid,Liquid,5mg,Chattem,Insomnia and sleep aid,Over-the-Counter
Hydrocodone,Antidepressant/SSRI,Sublingual Tablet,250mg,Gilead Sciences,Blood clot prevention,Prescription
Simethicone,Sleep Aid,Chewable Tablet,200mg,Chattem,Allergic rhinitis and hives,Over-the-Counter
Sertraline,Anticonvulsant,Capsule,0.5mg,Novartis,Asthma and allergic rhinitis,Prescription
Ranitidine,Topical Anesthetic,Drops,20mg,GSK,Chest congestion and mucus relief,Over-the-Counter
Famotidine,Antacid/PPI,Capsule,125mg,Sanofi,Blood clot prevention,Over-the-Counter
Miconazole,Laxative,Capsule,125mg,P&G,Fungal skin infections,Over-the-Counter
Naproxen,Antifungal,Ointment,20mg,P&G,Heartburn and indigestion,Over-the-Counter
Famotidine,Antacid/H2 Blocker,Ointment,500mg,Sanofi,Diarrhea treatment,Over-the-Counter
Sertraline,Opioid Analgesic,Extended Release Tablet,200mcg,Novartis,Hypertension and heart failure,Prescription
Bacitracin,Antacid/PPI,Chewable Tablet,10mg,Johnson & Johnson,Minor wound infection prevention,Over-the-Counter
Oxycodone,Calcium Channel Blocker,Extended Release Tablet,200mcg,Roche,Moderate to severe pain management,Prescription
Acetaminophen,Analgesic,Cream,200mg,Prestige Brands,Pain relief and fever reduction,Over-the-Counter
Simethicone,Sleep Aid,Chewable Tablet,325mg,GSK,Pain relief and fever reduction,Over-the-Counter
Zinc Oxide,Analgesic,Chewable Tablet,400mg,Pfizer,Motion sickness and nausea,Over-the-Counter
Loperamide,Laxative,Spray,100mg,Bayer,Diarrhea treatment,Over-the-Counter
Loratadine,Antidiarrheal,Powder,150mg,Bayer,Insomnia and sleep aid,Over-the-Counter
Sertraline,Antiplatelet,IV Infusion,50mg,Gilead Sciences,Hypertension and heart failure,Prescription
Bacitracin,Skin Protectant,Patch,150mg,3M Healthcare,Diarrhea treatment,Over-the-Counter
Loperamide,Skin Protectant,Tablet,2%,Pfizer,Gas and bloating relief,Over-the-Counter
Guaifenesin,Antidiarrheal,Ointment,5mg,Chattem,GERD and peptic ulcer,Over-the-Counter
Doxycycline,ACE Inhibitor,Patch,1mg,Boehringer Ingelheim,Fungal infections treatment,Prescription
Diphenhydramine,Antacid/H2 Blocker,Capsule,25mg,Pfizer,Motion sickness and nausea,Over-the-Counter
Prednisone,Bronchodilator,Capsule,100mg,Abbott,Hypothyroidism treatment,Prescription
Doxycycline,Antidepressant/SSRI,Sublingual Tablet,75mg,Amgen,Hypertension and angina,Prescription
Docusate Sodium,Antidiarrheal,Drops,200mg,Unilever,Pain relief and fever reduction,Over-the-Counter
Cetirizine,Analgesic,Spray,10mg,Pfizer,Motion sickness and nausea,Over-the-Counter
Bacitracin,Skin Protectant,Gel,20mg,Unilever,Nasal congestion relief,Over-the-Counter
Loperamide,Antidiarrheal,Tablet,50mg,Pfizer,Minor pain and itching relief,Over-the-Counter
Diphenhydramine,Antiemetic,Ointment,20mg,Chattem,GERD and peptic ulcer,Over-the-Counter
Losartan,Anxiolytic/Benzodiazepine,IV Infusion,100mcg,Roche,Hypertension and heart failure,Prescription
Escitalopram,Beta Blocker,Nasal Spray,50mcg,Eli Lilly,Bacterial infections treatment,Prescription
Acetaminophen,Topical Corticosteroid,Lozenge,400mg,3M Healthcare,Acne treatment,Over-the-Counter
Metformin,Statin,Sublingual Tablet,50mcg,Eli Lilly,Bacterial infections treatment,Prescription
Metformin,Anticoagulant,Patch,75mg,Sanofi,Anxiety and panic disorders,Prescription
Loratadine,Topical Corticosteroid,Lozenge,125mg,Chattem,Pain relief and fever reduction,Over-the-Counter
Warfarin,Bronchodilator,Extended Release Tablet,150mg,GlaxoSmithKline,Edema and hypertension,Prescription
Loratadine,Antifungal,Cream,1%,Prestige Brands,Minor pain and itching relief,Over-the-Counter
Acetaminophen,Antihistamine,Cream,2%,Novartis,Acne treatment,Over-the-Counter
Loratadine,Cough Suppressant,Lozenge,25mg,Bayer,GERD and peptic ulcer,Over-the-Counter
Furosemide,Opioid Analgesic,Tablet,200mcg,Merck,Hypertension management,Prescription
Zinc Oxide,Topical Antibiotic,Chewable Tablet,1%,Pfizer,Minor pain and itching relief,Over-the-Counter
Loperamide,Antacid/H2 Blocker,Chewable Tablet,20mg,Unilever,Constipation relief,Over-the-Counter
Bacitracin,Antihistamine,Capsule,125mg,Chattem,Chest congestion and mucus relief,Over-the-Counter
Montelukast,Thyroid Hormone,Tablet,400mcg,Sanofi,Epilepsy and neuropathic pain,Prescription
Diphenhydramine,Antiplatelet,Chewable Tablet,100mg,3M Healthcare,Skin inflammation and itching,Over-the-Counter
Famotidine,Antifungal,Lozenge,5mg,Bayer,Heartburn and acid reflux,Over-the-Counter
Bismuth Subsalicylate,Antacid,Chewable Tablet,250mg,Johnson & Johnson,Motion sickness and nausea,Over-the-Counter
Dexamethasone,Anticoagulant,Suppository,200mg,GlaxoSmithKline,Fungal infections treatment,Prescription
Cetirizine,Laxative,Capsule,100mg,Johnson & Johnson,Minor wound infection prevention,Over-the-Counter
Furosemide,Bronchodilator,Injection,5mg,AstraZeneca,Hypertension and heart failure,Prescription
Bismuth Subsalicylate,Antacid/PPI,Powder,500mg,GSK,Blood clot prevention,Over-the-Counter
Meclizine,Antifungal,Liquid,325mg,Johnson & Johnson,Blood clot prevention,Over-the-Counter
Clotrimazole,Antacid/H2 Blocker,Drops,10mg,P&G,Diarrhea treatment,Over-the-Counter
Furosemide,Diuretic,Topical Solution,200mg,GlaxoSmithKline,Heart attack and stroke prevention,Prescription
Salicylic Acid,Decongestant,Ointment,400mg,Pfizer,Minor pain and itching relief,Over-the-Counter
Alprazolam,Calcium Channel Blocker,IV Infusion,1mg,Johnson & Johnson,Asthma and allergic rhinitis,Prescription
Azithromycin,Beta Blocker,Tablet,100mg,Johnson & Johnson,Asthma and allergic rhinitis,Prescription
Acetaminophen,Skin Protectant,Patch,5%,Unilever,Minor cuts and skin protection,Over-the-Counter
Pseudoephedrine,Antacid/PPI,Ointment,500mg,Novartis,Cough suppression,Over-the-Counter
Amoxicillin,Leukotriene Inhibitor,Sublingual Tablet,5mg,Amgen,Anxiety and panic disorders,Prescription
Pantoprazole,Beta Blocker,Inhaler,1mg,Merck,Inflammation and autoimmune disorders,Prescription
Levothyroxine,Antidepressant/SSRI,Injection,50mg,Gilead Sciences,GERD and peptic ulcer disease,Prescription
Cetirizine,Topical Corticosteroid,Spray,25mg,Unilever,Skin inflammation and itching,Over-the-Counter
Ibuprofen,Antifungal,Patch,250mg,Prestige Brands,Fungal skin infections,Over-the-Counter
Calcium Carbonate,Antiplatelet,Lozenge,125mg,3M Healthcare,Nasal congestion relief,Over-the-Counter
Ranitidine,Skin Protectant,Liquid,400mg,Pfizer,GERD and peptic ulcer,Over-the-Counter
Clopidogrel,PPI,Inhaler,100mg,Novartis,Blood clot prevention,Prescription
Clindamycin,Opioid Analgesic,Tablet,150mg,Eli Lilly,Fungal infections treatment,Prescription
Oxycodone,Opioid Analgesic,Sublingual Tablet,2mg,Abbott,Type 2 diabetes management,Prescription
Dextromethorphan,Antiflatulent,Chewable Tablet,200mg,Pfizer,Skin inflammation and itching,Over-the-Counter
Benzoyl Peroxide,Antiflatulent,Gel,500mg,Reckitt,Motion sickness and nausea,Over-the-Counter
Benzoyl Peroxide,Antacid/PPI,Drops,125mg,Chattem,Fungal skin infections,Over-the-Counter
Ibuprofen,Cough Suppressant,Cream,250mg,Chattem,Gas and bloating relief,Over-the-Counter
Aluminum Hydroxide,Antidiarrheal,Tablet,100mg,GSK,Heartburn and indigestion,Over-the-Counter
Omeprazole,Sleep Aid,Lozenge,50mg,GSK,Allergic rhinitis and hives,Over-the-Counter
Benzoyl Peroxide,Skin Protectant,Powder,5%,Johnson & Johnson,Minor wound infection prevention,Over-the-Counter
Naproxen,Antiflatulent,Cream,20mg,Bayer,Constipation relief,Over-the-Counter
Trimethoprim,Leukotriene Inhibitor,Injection,0.5mg,GlaxoSmithKline,Anxiety and panic disorders,Prescription
Escitalopram,Anticoagulant,Inhaler,100mg,GlaxoSmithKline,Hypertension and heart failure,Prescription
Hydrocortisone Cream,Antacid/PPI,Tablet,150mg,GSK,Minor pain and itching relief,Over-the-Counter
Atorvastatin,Antibiotic,IV Infusion,150mg,Johnson & Johnson,Blood clot prevention,Prescription
Benzoyl Peroxide,Acne Treatment,Gel,10mg,Unilever,Nasal congestion relief,Over-the-Counter
Azithromycin,Calcium Channel Blocker,Suppository,1mg,Novartis,Epilepsy and neuropathic pain,Prescription
Diphenhydramine,Antihistamine,Drops,150mg,Johnson & Johnson,Minor wound infection prevention,Over-the-Counter
Zinc Oxide,Cough Suppressant,Capsule,1%,Novartis,Pain relief and fever reduction,Over-the-Counter
Doxycycline,Statin,IV Infusion,100mg,Eli Lilly,Type 2 diabetes management,Prescription
Dextromethorphan,Topical Corticosteroid,Lozenge,200mg,Unilever,Chest congestion and mucus relief,Over-the-Counter
Metoprolol,Beta Blocker,Topical Solution,400mcg,Pfizer,Epilepsy and neuropathic pain,Prescription
Simethicone,Sleep Aid,Lozenge,150mg,Prestige Brands,Blood clot prevention,Over-the-Counter
Amlodipine,Statin,Sublingual Tablet,250mg,Boehringer Ingelheim,Hypertension and angina,Prescription
Clopidogrel,Beta Blocker,Extended Release Tablet,200mcg,Merck,Inflammation and autoimmune disorders,Prescription
Simethicone,Sleep Aid,Tablet,150mg,Unilever,Constipation relief,Over-the-Counter
Simethicone,Topical Antibiotic,Lozenge,10mg,3M Healthcare,Cough suppression,Over-the-Counter
Doxycycline,Beta Blocker,Liquid,200mcg,Bristol-Myers Squibb,GERD and peptic ulcer disease,Prescription
Amoxicillin,Corticosteroid,Extended Release Tablet,5mg,Boehringer Ingelheim,High cholesterol management,Prescription
Levothyroxine,Antibiotic,Topical Solution,75mg,Roche,Inflammation and autoimmune disorders,Prescription
Doxycycline,Thyroid Hormone,Tablet,20mg,Pfizer,Type 2 diabetes management,Prescription
Metoprolol,PPI,Tablet,1000mg,Boehringer Ingelheim,GERD and peptic ulcer disease,Prescription
Guaifenesin,Skin Protectant,Lozenge,5%,3M Healthcare,Minor pain and itching relief,Over-the-Counter
Dextromethorphan,Topical Anesthetic,Chewable Tablet,200mg,Johnson & Johnson,Skin inflammation and itching,Over-the-Counter
Diphenhydramine,Topical Corticosteroid,Tablet,150mg,Sanofi,Blood clot prevention,Over-the-Counter
Azithromycin,PPI,Topical Solution,5mg,Johnson & Johnson,Asthma and allergic rhinitis,Prescription
Loratadine,Antacid/H2 Blocker,Patch,250mg,GSK,Chest congestion and mucus relief,Over-the-Counter
Oxycodone,Antiplatelet,Inhaler,100mg,Pfizer,High cholesterol management,Prescription
Aspirin,Acne Treatment,Ointment,200mg,Pfizer,Fungal skin infections,Over-the-Counter
Hydrocodone,Antibiotic,IV Infusion,50mcg,Johnson & Johnson,Heart attack and stroke prevention,Prescription
Ranitidine,Antacid/H2 Blocker,Capsule,1%,Prestige Brands,Cough suppression,Over-the-Counter
Bacitracin,Skin Protectant,Gel,400mg,3M Healthcare,Motion sickness and nausea,Over-the-Counter
Guaifenesin,Topical Antibiotic,Tablet,500mg,Pfizer,Heartburn and indigestion,Over-the-Counter
Fluoxetine,Diuretic,Liquid,5mg,Pfizer,Hypertension and angina,Prescription
Levothyroxine,Bronchodilator,Suppository,200mcg,Pfizer,Blood clot prevention,Prescription
Aluminum Hydroxide,Antiemetic,Tablet,10mg,Johnson & Johnson,Minor cuts and skin protection,Over-the-Counter
Dextromethorphan,Antacid/PPI,Patch,20mg,Prestige Brands,Cough suppression,Over-the-Counter
Salicylic Acid,Antidiarrheal,Capsule,150mg,Unilever,Minor cuts and skin protection,Over-the-Counter
Diphenhydramine,Topical Antibiotic,Cream,500mg,Johnson & Johnson,Gas and bloating relief,Over-the-Counter
Dextromethorphan,Decongestant,Capsule,5mg,Johnson & Johnson,GERD and peptic ulcer,Over-the-Counter
Metoprolol,Anticoagulant,Tablet,250mg,GlaxoSmithKline,Hypertension and heart failure,Prescription
Bacitracin,Decongestant,Lozenge,1%,Novartis,Minor wound infection prevention,Over-the-Counter
Loperamide,Cough Suppressant,Cream,250mg,Chattem,Insomnia and sleep aid,Over-the-Counter
Diphenhydramine,Laxative,Ointment,200mg,Johnson & Johnson,Pain relief and fever reduction,Over-the-Counter
Sertraline,Leukotriene Inhibitor,Tablet,150mg,Sanofi,Anxiety and panic disorders,Prescription
Pantoprazole,ACE Inhibitor,Injection,10mg,Eli Lilly,Edema and hypertension,Prescription
Aluminum Hydroxide,Laxative,Capsule,5%,P&G,Skin inflammation and itching,Over-the-Counter
Loratadine,Topical Anesthetic,Tablet,325mg,P&G,Chest congestion and mucus relief,Over-the-Counter
Sertraline,Leukotriene Inhibitor,Suppository,0.5mg,Abbott,Depression and anxiety disorders,Prescription
Metronidazole,Diuretic,Suppository,150mg,Eli Lilly,Hypertension management,Prescription
Miconazole,Sleep Aid,Cream,5mg,Prestige Brands,Chest congestion and mucus relief,Over-the-Counter
Gabapentin,Antibiotic,Patch,5mg,AstraZeneca,Asthma and allergic rhinitis,Prescription
Levothyroxine,PPI,Nasal Spray,0.5mg,GlaxoSmithKline,Blood clot prevention,Prescription
Calcium Carbonate,Antiplatelet,Cream,10mg,Johnson & Johnson,Cough suppression,Over-the-Counter
Zinc Oxide,Laxative,Chewable Tablet,25mg,Novartis,Pain relief and fever reduction,Over-the-Counter
Calcium Carbonate,Cough Suppressant,Spray,50mg,GSK,Gas and bloating relief,Over-the-Counter
Famotidine,Antiflatulent,Drops,1%,Pfizer,Motion sickness and nausea,Over-the-Counter
Salicylic Acid,Cough Suppressant,Capsule,10mg,Sanofi,Allergic rhinitis and hives,Over-the-Counter
Clindamycin,Bronchodilator,Nasal Spray,150mg,Johnson & Johnson,Edema and hypertension,Prescription
Metronidazole,Antifungal,Nasal Spray,2mg,AstraZeneca,Hypertension management,Prescription
Levothyroxine,Opioid Analgesic,Sublingual Tablet,0.5mg,Merck,GERD and peptic ulcer disease,Prescription
Dexamethasone,Diuretic,Capsule,500mg,Bristol-Myers Squibb,Type 2 diabetes management,Prescription
Warfarin,Thyroid Hormone,Capsule,1mg,Novartis,Blood clot prevention,Prescription
Metronidazole,Statin,Patch,50mg,Bristol-Myers Squibb,Bacterial infections treatment,Prescription
Levothyroxine,Statin,Capsule,1000mg,GlaxoSmithKline,Hypertension and heart failure,Prescription
Losartan,Diuretic,Inhaler,0.25mg,Amgen,Inflammation and autoimmune disorders,Prescription
Acetaminophen,Laxative,Ointment,400mg,Bayer,Cough suppression,Over-the-Counter
Alprazolam,Bronchodilator,Extended Release Tablet,1000mg,GlaxoSmithKline,Bacterial infections treatment,Prescription
Dextromethorphan,Antifungal,Powder,2%,Reckitt,Chest congestion and mucus relief,Over-the-Counter
Gabapentin,PPI,Extended Release Tablet,0.5mg,Abbott,Bacterial infections treatment,Prescription
Calcium Carbonate,Antiflatulent,Cream,150mg,Novartis,Cough suppression,Over-the-Counter
Meclizine,Antiflatulent,Gel,200mg,Novartis,Heartburn and indigestion,Over-the-Counter
Pseudoephedrine,Antacid/PPI,Cream,1%,Novartis,Heartburn and indigestion,Over-the-Counter
Cetirizine,Antacid/PPI,Liquid,250mg,Prestige Brands,Allergic rhinitis and hives,Over-the-Counter
Clindamycin,PPI,Liquid,10mg,Pfizer,Inflammation and autoimmune disorders,Prescription
Alprazolam,Beta Blocker,Injection,5mg,Bristol-Myers Squibb,Type 2 diabetes management,Prescription
Prednisone,Anxiolytic/Benzodiazepine,Suppository,150mg,Gilead Sciences,Blood clot prevention,Prescription
Sertraline,Anticoagulant,Nasal Spray,250mg,AstraZeneca,GERD and peptic ulcer disease,Prescription
Zinc Oxide,Antiflatulent,Powder,10mg,P&G,Heartburn and indigestion,Over-the-Counter
Fluoxetine,Anxiolytic/Benzodiazepine,Extended Release Tablet,200mcg,Roche,Asthma and allergic rhinitis,Prescription
Montelukast,Antifungal,Sublingual Tablet,500mg,Johnson & Johnson,Asthma and allergic rhinitis,Prescription
Trimethoprim,PPI,Nasal Spray,250mg,Novartis,Blood clot prevention,Prescription
Albuterol,Antidiabetic,Nasal Spray,75mg,Merck,Moderate to severe pain management,Prescription
Hydrocortisone Cream,Analgesic,Lozenge,5%,Pfizer,Nasal congestion relief,Over-the-Counter
Alprazolam,Thyroid Hormone,Suppository,250mg,Merck,High cholesterol management,Prescription
Cetirizine,Topical Anesthetic,Gel,200mg,Novartis,GERD and peptic ulcer,Over-the-Counter
Losartan,Antibiotic,Inhaler,500mg,Merck,Type 2 diabetes management,Prescription
Bismuth Subsalicylate,Antiemetic,Patch,20mg,3M Healthcare,Insomnia and sleep aid,Over-the-Counter
Docusate Sodium,Antiflatulent,Liquid,50mg,Reckitt,Blood clot prevention,Over-the-Counter
Metformin,Antidiabetic,Topical Solution,100mg,Eli Lilly,GERD and peptic ulcer disease,Prescription
Sertraline,Antibiotic,Liquid,400mcg,Novartis,Edema and hypertension,Prescription
Furosemide,ACE Inhibitor,Tablet,100mg,Novartis,Edema and hypertension,Prescription
Dexamethasone,Diuretic,Sublingual Tablet,150mg,Bristol-Myers Squibb,Asthma and bronchospasm,Prescription
Levothyroxine,ARB,Extended Release Tablet,0.25mg,Roche,Hypertension and angina,Prescription
Calcium Carbonate,Acne Treatment,Lozenge,125mg,Sanofi,Acne treatment,Over-the-Counter
Clotrimazole,Acne Treatment,Capsule,250mg,Bayer,Diarrhea treatment,Over-the-Counter
Bacitracin,Topical Anesthetic,Gel,20mg,Reckitt,Constipation relief,Over-the-Counter
Meclizine,Antiemetic,Capsule,5mg,Novartis,Minor pain and itching relief,Over-the-Counter
Zinc Oxide,Sleep Aid,Gel,325mg,Bayer,Minor pain and itching relief,Over-the-Counter
Aluminum Hydroxide,Antiemetic,Tablet,100mg,P&G,Pain relief and fever reduction,Over-the-Counter
Pantoprazole,Statin,Sublingual Tablet,200mcg,Sanofi,Type 2 diabetes management,Prescription
Azithromycin,Antiplatelet,Capsule,400mcg,Johnson & Johnson,Hypertension and angina,Prescription
Benzoyl Peroxide,Antacid/H2 Blocker,Patch,5mg,3M Healthcare,Minor pain and itching relief,Over-the-Counter
Pregabalin,Antiplatelet,Capsule,2mg,Pfizer,Epilepsy and neuropathic pain,Prescription
Ciprofloxacin,Anxiolytic/Benzodiazepine,Topical Solution,75mg,Gilead Sciences,Blood clot prevention,Prescription
Aspirin,Topical Anesthetic,Spray,25mg,Novartis,Acne treatment,Over-the-Counter
Furosemide,Beta Blocker,Tablet,75mg,Merck,Type 2 diabetes management,Prescription
Loratadine,Topical Corticosteroid,Powder,100mg,3M Healthcare,Skin inflammation and itching,Over-the-Counter
Gabapentin,Anxiolytic/Benzodiazepine,Extended Release Tablet,0.5mg,Amgen,Fungal infections treatment,Prescription
Pseudoephedrine,Sleep Aid,Patch,5%,Johnson & Johnson,Diarrhea treatment,Over-the-Counter
Acetaminophen,Topical Anesthetic,Capsule,20mg,Sanofi,Heartburn and acid reflux,Over-the-Counter
Hydrocodone,Beta Blocker,Nasal Spray,0.25mg,Bristol-Myers Squibb,Hypothyroidism treatment,Prescription
Azithromycin,Anticoagulant,Inhaler,25mg,Bristol-Myers Squibb,Hypertension and heart failure,Prescription
Lidocaine Cream,Antidiarrheal,Chewable Tablet,1%,Reckitt,Allergic rhinitis and hives,Over-the-Counter
Fluoxetine,Anticonvulsant,Injection,200mg,Amgen,Hypertension and heart failure,Prescription
Amlodipine,Corticosteroid,Suppository,400mcg,Boehringer Ingelheim,High cholesterol management,Prescription
Docusate Sodium,Topical Corticosteroid,Lozenge,25mg,Johnson & Johnson,GERD and peptic ulcer,Over-the-Counter
Ciprofloxacin,ACE Inhibitor,Capsule,25mg,Johnson & Johnson,Asthma and bronchospasm,Prescription
Neosporin,Antiplatelet,Powder,500mg,Bayer,Pain relief and fever reduction,Over-the-Counter
Albuterol,Corticosteroid,Injection,50mg,Roche,Hypertension and heart failure,Prescription
Atorvastatin,Calcium Channel Blocker,Sublingual Tablet,1mg,Sanofi,Heart attack and stroke prevention,Prescription
Ranitidine,Laxative,Ointment,1%,Chattem,Minor cuts and skin protection,Over-the-Counter
Gabapentin,Beta Blocker,Tablet,5mg,Merck,Inflammation and autoimmune disorders,Prescription
Clotrimazole,Skin Protectant,Ointment,100mg,GSK,Cough suppression,Over-the-Counter
Gabapentin,Antiplatelet,Extended Release Tablet,250mg,Bristol-Myers Squibb,Hypertension management,Prescription
Loratadine,Antihistamine,Tablet,325mg,Pfizer,Fungal skin infections,Over-the-Counter
Docusate Sodium,Antacid/H2 Blocker,Gel,150mg,Sanofi,Fungal skin infections,Over-the-Counter
Clindamycin,Antifungal,Liquid,20mg,Sanofi,Bacterial infections treatment,Prescription
Zinc Oxide,Antacid/PPI,Spray,125mg,Chattem,Nasal congestion relief,Over-the-Counter
Metformin,Anticonvulsant,Injection,200mg,AstraZeneca,Anxiety and panic disorders,Prescription
Acetaminophen,Antacid/H2 Blocker,Patch,1%,Unilever,Minor pain and itching relief,Over-the-Counter
Loratadine,Topical Corticosteroid,Patch,125mg,Prestige Brands,Insomnia and sleep aid,Over-the-Counter
Salicylic Acid,Laxative,Tablet,1%,Sanofi,Nasal congestion relief,Over-the-Counter
Alprazolam,Diuretic,Extended Release Tablet,1000mg,Eli Lilly,Asthma and bronchospasm,Prescription
Neosporin,Laxative,Chewable Tablet,500mg,Reckitt,Nasal congestion relief,Over-the-Counter
Neosporin,Antifungal,Spray,500mg,Johnson & Johnson,Insomnia and sleep aid,Over-the-Counter
Cetirizine,Topical Antibiotic,Cream,400mg,Novartis,Minor cuts and skin protection,Over-the-Counter
Clotrimazole,Skin Protectant,Lozenge,400mg,Reckitt,Minor cuts and skin protection,Over-the-Counter
Ibuprofen,Antacid/PPI,Cream,5%,P&G,Skin inflammation and itching,Over-the-Counter
Omeprazole,Sleep Aid,Powder,500mg,Johnson & Johnson,Allergic rhinitis and hives,Over-the-Counter
Atorvastatin,Anxiolytic/Benzodiazepine,Topical Solution,5mg,Novartis,Hypertension and angina,Prescription
Zinc Oxide,Skin Protectant,Patch,100mg,Sanofi,Skin inflammation and itching,Over-the-Counter
Pregabalin,Bronchodilator,Tablet,25mg,Novartis,Hypertension and angina,Prescription
Omeprazole,Antiflatulent,Lozenge,250mg,Novartis,Skin inflammation and itching,Over-the-Counter
Lisinopril,Anxiolytic/Benzodiazepine,Injection,400mcg,Pfizer,Hypertension and heart failure,Prescription
Neosporin,Antidiarrheal,Drops,10mg,Chattem,Insomnia and sleep aid,Over-the-Counter
Ranitidine,Expectorant,Powder,5mg,Bayer,Nasal congestion relief,Over-the-Counter
Naproxen,Skin Protectant,Drops,10mg,Pfizer,Acne treatment,Over-the-Counter
Clindamycin,Antiplatelet,Nasal Spray,250mg,GlaxoSmithKline,Hypertension and heart failure,Prescription
Docusate Sodium,Laxative,Lozenge,150mg,P&G,Nasal congestion relief,Over-the-Counter
Hydrocortisone Cream,Antiplatelet,Liquid,50mg,Unilever,Minor pain and itching relief,Over-the-Counter
Sertraline,ARB,Capsule,5mg,Bristol-Myers Squibb,Blood clot prevention,Prescription
Hydrocodone,Antifungal,Inhaler,400mcg,Johnson & Johnson,Blood clot prevention,Prescription
Gabapentin,Beta Blocker,Injection,20mg,Novartis,Anxiety and panic disorders,Prescription
Omeprazole,Topical Anesthetic,Ointment,1%,Chattem,Minor cuts and skin protection,Over-the-Counter
Aspirin,Cough Suppressant,Drops,50mg,Bayer,Constipation relief,Over-the-Counter
Levothyroxine,PPI,Injection,100mg,GlaxoSmithKline,Blood clot prevention,Prescription
Diphenhydramine,Sleep Aid,Liquid,325mg,GSK,GERD and peptic ulcer,Over-the-Counter
Clindamycin,Diuretic,Capsule,250mg,Bristol-Myers Squibb,Type 2 diabetes management,Prescription
Oxycodone,Leukotriene Inhibitor,Suppository,200mg,Pfizer,Anxiety and panic disorders,Prescription
Furosemide,Antidiabetic,Liquid,25mg,Merck,Depression and anxiety disorders,Prescription
Doxycycline,Calcium Channel Blocker,Topical Solution,200mg,Johnson & Johnson,Bacterial infections treatment,Prescription
Metronidazole,Bronchodilator,Sublingual Tablet,10mg,Abbott,GERD and peptic ulcer disease,Prescription
Clotrimazole,Topical Corticosteroid,Ointment,125mg,Unilever,Gas and bloating relief,Over-the-Counter
Pseudoephedrine,Expectorant,Lozenge,500mg,GSK,Allergic rhinitis and hives,Over-the-Counter
Guaifenesin,Topical Corticosteroid,Ointment,5%,Novartis,Gas and bloating relief,Over-the-Counter
Dexamethasone,Leukotriene Inhibitor,Topical Solution,0.25mg,Gilead Sciences,Inflammation and autoimmune disorders,Prescription
Hydrocodone,Anticoagulant,Sublingual Tablet,2mg,Pfizer,Hypertension and heart failure,Prescription
Gabapentin,Leukotriene Inhibitor,Patch,100mg,Sanofi,Hypertension management,Prescription
Doxycycline,Anticonvulsant,Suppository,50mg,Novartis,Hypertension and heart failure,Prescription
Escitalopram,Statin,Injection,50mcg,GlaxoSmithKline,Blood clot prevention,Prescription
Omeprazole,Antiplatelet,Liquid,2%,Bayer,Motion sickness and nausea,Over-the-Counter
Fluoxetine,Antidiabetic,Tablet,200mg,Johnson & Johnson,Heart attack and stroke prevention,Prescription
Bacitracin,Antihistamine,Tablet,50mg,GSK,Acne treatment,Over-the-Counter
Diphenhydramine,Antacid,Lozenge,325mg,Johnson & Johnson,Nasal congestion relief,Over-the-Counter
Hydrocodone,Calcium Channel Blocker,Extended Release Tablet,10mg,Sanofi,Hypothyroidism treatment,Prescription
Ibuprofen,Expectorant,Ointment,100mg,3M Healthcare,Heartburn and acid reflux,Over-the-Counter
Neosporin,Antacid/PPI,Chewable Tablet,2%,Johnson & Johnson,Blood clot prevention,Over-the-Counter
Calcium Carbonate,Sleep Aid,Gel,325mg,GSK,Blood clot prevention,Over-the-Counter
Doxycycline,Anticoagulant,Suppository,0.5mg,Boehringer Ingelheim,Blood clot prevention,Prescription
Magnesium Hydroxide,Topical Antibiotic,Liquid,1%,Bayer,Nasal congestion relief,Over-the-Counter
Guaifenesin,Topical Corticosteroid,Ointment,150mg,3M Healthcare,GERD and peptic ulcer,Over-the-Counter
Clotrimazole,Antiflatulent,Powder,5mg,Prestige Brands,Heartburn and indigestion,Over-the-Counter
Clotrimazole,Topical Corticosteroid,Ointment,500mg,Bayer,Minor wound infection prevention,Over-the-Counter
Trimethoprim,Antidiabetic,Capsule,20mg,AstraZeneca,Anxiety and panic disorders,Prescription
Calcium Carbonate,Sleep Aid,Cream,500mg,Sanofi,GERD and peptic ulcer,Over-the-Counter
Fluoxetine,Antidepressant/SSRI,Injection,1000mg,Amgen,Hypertension management,Prescription
Salicylic Acid,Sleep Aid,Ointment,2%,Unilever,Cough suppression,Over-the-Counter
Magnesium Hydroxide,Antacid/PPI,Powder,100mg,Novartis,Heartburn and acid reflux,Over-the-Counter
Levothyroxine,ARB,Nasal Spray,25mg,Johnson & Johnson,Anxiety and panic disorders,Prescription
Sertraline,ARB,Liquid,500mg,Merck,Anxiety and panic disorders,Prescription
Meclizine,Antihistamine,Gel,250mg,GSK,Cough suppression,Over-the-Counter
Furosemide,Opioid Analgesic,Patch,10mg,Merck,Asthma and allergic rhinitis,Prescription
Azithromycin,Bronchodilator,Injection,250mg,Gilead Sciences,Anxiety and panic disorders,Prescription
Benzoyl Peroxide,Antiemetic,Chewable Tablet,25mg,Reckitt,Motion sickness and nausea,Over-the-Counter
Pregabalin,Bronchodilator,IV Infusion,250mg,Boehringer Ingelheim,Depression and anxiety disorders,Prescription
Aspirin,Analgesic,Capsule,5%,Unilever,Heartburn and acid reflux,Over-the-Counter
Escitalopram,Calcium Channel Blocker,Topical Solution,400mcg,Eli Lilly,Epilepsy and neuropathic pain,Prescription
Zinc Oxide,Decongestant,Chewable Tablet,25mg,Prestige Brands,Fungal skin infections,Over-the-Counter
Cetirizine,Antacid/PPI,Tablet,20mg,Reckitt,Fungal skin infections,Over-the-Counter
Doxycycline,Antidepressant/SSRI,Topical Solution,150mg,Sanofi,Epilepsy and neuropathic pain,Prescription
Loperamide,Topical Anesthetic,Gel,25mg,3M Healthcare,Acne treatment,Over-the-Counter
Meclizine,Acne Treatment,Chewable Tablet,2%,Novartis,Motion sickness and nausea,Over-the-Counter
Amoxicillin,Leukotriene Inhibitor,Capsule,250mg,Pfizer,Bacterial infections treatment,Prescription
Naproxen,Antiplatelet,Liquid,400mg,Johnson & Johnson,Acne treatment,Over-the-Counter
Omeprazole,Decongestant,Patch,100mg,Unilever,Fungal skin infections,Over-the-Counter
Furosemide,Thyroid Hormone,Patch,100mg,AstraZeneca,High cholesterol management,Prescription
Docusate Sodium,Topical Antibiotic,Spray,10mg,Prestige Brands,Diarrhea treatment,Over-the-Counter
Trimethoprim,Opioid Analgesic,Capsule,25mg,Sanofi,Depression and anxiety disorders,Prescription
Simethicone,Antiemetic,Drops,200mg,Unilever,Motion sickness and nausea,Over-the-Counter
Hydrocodone,Antifungal,Sublingual Tablet,200mcg,AstraZeneca,Anxiety and panic disorders,Prescription
Pantoprazole,Antiplatelet,Injection,25mg,Johnson & Johnson,Type 2 diabetes management,Prescription
Magnesium Hydroxide,Antiemetic,Cream,200mg,Pfizer,Pain relief and fever reduction,Over-the-Counter
Clindamycin,ACE Inhibitor,IV Infusion,50mg,Abbott,Hypertension and angina,Prescription
Docusate Sodium,Antifungal,Patch,1%,Chattem,Blood clot prevention,Over-the-Counter
Metformin,ACE Inhibitor,Extended Release Tablet,100mg,Johnson & Johnson,Blood clot prevention,Prescription
Miconazole,Antidiarrheal,Powder,500mg,P&G,Diarrhea treatment,Over-the-Counter
Loperamide,Antacid/H2 Blocker,Capsule,2%,P&G,Pain relief and fever reduction,Over-the-Counter
Warfarin,Antidepressant/SSRI,Nasal Spray,150mg,GlaxoSmithKline,Heart attack and stroke prevention,Prescription
Montelukast,ACE Inhibitor,Suppository,100mg,Pfizer,Epilepsy and neuropathic pain,Prescription
Acetaminophen,Antiemetic,Capsule,200mg,Pfizer,Skin inflammation and itching,Over-the-Counter
Sertraline,Antibiotic,Patch,50mcg,Gilead Sciences,GERD and peptic ulcer disease,Prescription
Doxycycline,Diuretic,Extended Release Tablet,200mcg,Novartis,Type 2 diabetes management,Prescription
Aluminum Hydroxide,Antifungal,Gel,25mg,Bayer,Cough suppression,Over-the-Counter
Clotrimazole,Antidiarrheal,Drops,125mg,Johnson & Johnson,Nasal congestion relief,Over-the-Counter
Diphenhydramine,Expectorant,Lozenge,125mg,Novartis,Fungal skin infections,Over-the-Counter
Dextromethorphan,Antihistamine,Powder,25mg,Pfizer,Acne treatment,Over-the-Counter
Bismuth Subsalicylate,Antihistamine,Liquid,200mg,Sanofi,Minor wound infection prevention,Over-the-Counter
Albuterol,Corticosteroid,Patch,2mg,Pfizer,Bacterial infections treatment,Prescription
Dextromethorphan,Antacid/PPI,Patch,500mg,Chattem,Skin inflammation and itching,Over-the-Counter
Dexamethasone,Thyroid Hormone,Patch,25mg,Bristol-Myers Squibb,Edema and hypertension,Prescription
Fluoxetine,Antiplatelet,Suppository,25mg,Bristol-Myers Squibb,Hypertension management,Prescription
Magnesium Hydroxide,Topical Antibiotic,Liquid,1%,Reckitt,Acne treatment,Over-the-Counter
Clopidogrel,PPI,Injection,50mcg,Bristol-Myers Squibb,Asthma and bronchospasm,Prescription
Hydrocodone,Anticonvulsant,Extended Release Tablet,200mg,Abbott,Epilepsy and neuropathic pain,Prescription
Loratadine,Antacid,Cream,500mg,3M Healthcare,Nasal congestion relief,Over-the-Counter
Pantoprazole,Antifungal,Extended Release Tablet,5mg,Gilead Sciences,Bacterial infections treatment,Prescription
Loratadine,Topical Antibiotic,Lozenge,325mg,Sanofi,Skin inflammation and itching,Over-the-Counter
Dextromethorphan,Topical Antibiotic,Lozenge,25mg,Chattem,Heartburn and indigestion,Over-the-Counter
Benzoyl Peroxide,Topical Corticosteroid,Spray,1%,Unilever,Minor cuts and skin protection,Over-the-Counter
Salicylic Acid,Acne Treatment,Powder,250mg,Unilever,Allergic rhinitis and hives,Over-the-Counter
Magnesium Hydroxide,Antiemetic,Gel,1%,P&G,Fungal skin infections,Over-the-Counter
Famotidine,Topical Antibiotic,Chewable Tablet,25mg,Johnson & Johnson,Constipation relief,Over-the-Counter
Oxycodone,Anxiolytic/Benzodiazepine,Liquid,250mg,Boehringer Ingelheim,Type 2 diabetes management,Prescription
Docusate Sodium,Acne Treatment,Cream,50mg,P&G,GERD and peptic ulcer,Over-the-Counter
Famotidine,Antacid,Lozenge,20mg,3M Healthcare,GERD and peptic ulcer,Over-the-Counter
Calcium Carbonate,Antacid/PPI,Spray,125mg,Chattem,Heartburn and indigestion,Over-the-Counter
Sertraline,Corticosteroid,Tablet,1000mg,Sanofi,Asthma and allergic rhinitis,Prescription
Warfarin,Calcium Channel Blocker,Capsule,150mg,Amgen,Hypertension and heart failure,Prescription
Simethicone,Topical Anesthetic,Capsule,25mg,Novartis,Insomnia and sleep aid,Over-the-Counter
Meclizine,Antiemetic,Chewable Tablet,10mg,GSK,Heartburn and acid reflux,Over-the-Counter
Bismuth Subsalicylate,Decongestant,Spray,250mg,Chattem,Chest congestion and mucus relief,Over-the-Counter
Montelukast,Antibiotic,Tablet,200mg,Pfizer,Hypertension and angina,Prescription
Escitalopram,Diuretic,Extended Release Tablet,75mg,GlaxoSmithKline,High cholesterol management,Prescription
Cetirizine,Cough Suppressant,Capsule,100mg,Bayer,Constipation relief,Over-the-Counter
Amoxicillin,Anxiolytic/Benzodiazepine,IV Infusion,100mcg,Pfizer,Type 2 diabetes management,Prescription
Amlodipine,Antidepressant/SSRI,Inhaler,20mg,GlaxoSmithKline,Asthma and allergic rhinitis,Prescription
Famotidine,Laxative,Cream,5mg,Prestige Brands,Skin inflammation and itching,Over-the-Counter
Acetaminophen,Antidiarrheal,Tablet,200mg,Pfizer,Minor cuts and skin protection,Over-the-Counter
Trimethoprim,Anxiolytic/Benzodiazepine,Nasal Spray,400mcg,Amgen,High cholesterol management,Prescription
Aluminum Hydroxide,Antacid/PPI,Patch,2%,Reckitt,Minor cuts and skin protection,Over-the-Counter
Albuterol,Antibiotic,Liquid,100mcg,Pfizer,Epilepsy and neuropathic pain,Prescription
Atorvastatin,Calcium Channel Blocker,Nasal Spray,100mcg,Boehringer Ingelheim,Moderate to severe pain management,Prescription
Amoxicillin,Anticonvulsant,Injection,1000mg,Amgen,Asthma and allergic rhinitis,Prescription
Loperamide,Antacid/PPI,Drops,10mg,Novartis,GERD and peptic ulcer,Over-the-Counter
Metformin,ACE Inhibitor,IV Infusion,1mg,Novartis,Blood clot prevention,Prescription
Guaifenesin,Antiplatelet,Patch,150mg,Johnson & Johnson,Skin inflammation and itching,Over-the-Counter
Loratadine,Antiflatulent,Cream,150mg,3M Healthcare,Pain relief and fever reduction,Over-the-Counter
Doxycycline,Beta Blocker,IV Infusion,500mg,GlaxoSmithKline,Asthma and bronchospasm,Prescription
Oxycodone,Beta Blocker,Topical Solution,50mcg,Roche,Moderate to severe pain management,Prescription
Hydrocortisone Cream,Cough Suppressant,Ointment,10mg,P&G,Gas and bloating relief,Over-the-Counter
Acetaminophen,Antiplatelet,Cream,1%,GSK,Gas and bloating relief,Over-the-Counter
Escitalopram,Anticonvulsant,Sublingual Tablet,150mg,Roche,Hypertension management,Prescription
Amoxicillin,Antiplatelet,Capsule,50mcg,Johnson & Johnson,Asthma and allergic rhinitis,Prescription
Trimethoprim,Beta Blocker,Patch,200mg,Roche,Hypertension and heart failure,Prescription
Simethicone,Antihistamine,Ointment,5mg,Pfizer,Diarrhea treatment,Over-the-Counter
Acetaminophen,Antifungal,Ointment,150mg,Pfizer,Skin inflammation and itching,Over-the-Counter
Trimethoprim,PPI,Suppository,0.5mg,Pfizer,Asthma and bronchospasm,Prescription
Trimethoprim,PPI,Patch,500mg,Roche,GERD and peptic ulcer disease,Prescription
Meclizine,Analgesic,Chewable Tablet,25mg,Johnson & Johnson,Diarrhea treatment,Over-the-Counter
Warfarin,Corticosteroid,Inhaler,100mcg,Sanofi,Moderate to severe pain management,Prescription
Loperamide,Topical Corticosteroid,Capsule,20mg,Bayer,Nasal congestion relief,Over-the-Counter
Cetirizine,Antifungal,Lozenge,500mg,P&G,Nasal congestion relief,Over-the-Counter
Pregabalin,Antiplatelet,IV Infusion,25mg,Roche,Asthma and bronchospasm,Prescription
Simethicone,Antiplatelet,Drops,400mg,Bayer,Diarrhea treatment,Over-the-Counter
Aspirin,Expectorant,Cream,5mg,Unilever,Fungal skin infections,Over-the-Counter
Pseudoephedrine,Sleep Aid,Patch,325mg,Novartis,GERD and peptic ulcer,Over-the-Counter
Aspirin,Antiemetic,Drops,500mg,Pfizer,Minor wound infection prevention,Over-the-Counter
Hydrocodone,Antiplatelet,Tablet,50mg,Merck,Heart attack and stroke prevention,Prescription
Sertraline,Opioid Analgesic,Suppository,20mg,Johnson & Johnson,Blood clot prevention,Prescription
Docusate Sodium,Antiflatulent,Capsule,50mg,Prestige Brands,Fungal skin infections,Over-the-Counter
Levothyroxine,Thyroid Hormone,Extended Release Tablet,400mcg,Roche,Heart attack and stroke prevention,Prescription
Clindamycin,Leukotriene Inhibitor,Tablet,20mg,Bristol-Myers Squibb,Inflammation and autoimmune disorders,Prescription
Clotrimazole,Antiemetic,Cream,400mg,Novartis,Motion sickness and nausea,Over-the-Counter
Aspirin,Antiplatelet,Liquid,1%,Novartis,Fungal skin infections,Over-the-Counter
Ciprofloxacin,Thyroid Hormone,IV Infusion,50mg,Eli Lilly,Anxiety and panic disorders,Prescription
Amlodipine,Bronchodilator,IV Infusion,1000mg,Abbott,Inflammation and autoimmune disorders,Prescription
Metronidazole,Anticonvulsant,Inhaler,200mg,Merck,GERD and peptic ulcer disease,Prescription
Pseudoephedrine,Expectorant,Patch,325mg,Novartis,Chest congestion and mucus relief,Over-the-Counter
Lisinopril,Diuretic,Extended Release Tablet,1mg,GlaxoSmithKline,Moderate to severe pain management,Prescription
Lisinopril,Leukotriene Inhibitor,Capsule,0.5mg,Sanofi,Moderate to severe pain management,Prescription
Metoprolol,Anticonvulsant,Inhaler,75mg,Roche,Asthma and bronchospasm,Prescription
Clindamycin,Thyroid Hormone,Inhaler,50mcg,Boehringer Ingelheim,Epilepsy and neuropathic pain,Prescription
Azithromycin,Antidiabetic,Inhaler,0.25mg,Pfizer,Hypertension and heart failure,Prescription
Trimethoprim,Anticoagulant,Capsule,250mg,Bristol-Myers Squibb,Anxiety and panic disorders,Prescription
Aluminum Hydroxide,Topical Corticosteroid,Chewable Tablet,5%,3M Healthcare,Nasal congestion relief,Over-the-Counter
Pregabalin,Statin,Sublingual Tablet,0.25mg,Abbott,Hypertension and angina,Prescription
Hydrocortisone Cream,Antihistamine,Drops,150mg,Bayer,Insomnia and sleep aid,Over-the-Counter
Calcium Carbonate,Antacid,Tablet,25mg,3M Healthcare,Diarrhea treatment,Over-the-Counter
Pseudoephedrine,Sleep Aid,Chewable Tablet,400mg,Novartis,Allergic rhinitis and hives,Over-the-Counter
Bacitracin,Antacid,Chewable Tablet,125mg,Novartis,Heartburn and acid reflux,Over-the-Counter
Sertraline,Opioid Analgesic,Capsule,500mg,Gilead Sciences,Fungal infections treatment,Prescription
Acetaminophen,Antihistamine,Gel,5mg,Johnson & Johnson,Nasal congestion relief,Over-the-Counter
Calcium Carbonate,Antacid,Spray,2%,Novartis,Allergic rhinitis and hives,Over-the-Counter
Benzoyl Peroxide,Analgesic,Capsule,200mg,Unilever,Heartburn and acid reflux,Over-the-Counter
Bacitracin,Acne Treatment,Cream,10mg,Pfizer,Heartburn and indigestion,Over-the-Counter
Neosporin,Antiplatelet,Cream,500mg,GSK,Constipation relief,Over-the-Counter
Lidocaine Cream,Antiemetic,Spray,250mg,Novartis,Acne treatment,Over-the-Counter
Pregabalin,Anticonvulsant,Suppository,75mg,Abbott,Depression and anxiety disorders,Prescription
Aspirin,Expectorant,Patch,325mg,Pfizer,Skin inflammation and itching,Over-the-Counter
Salicylic Acid,Decongestant,Spray,500mg,Prestige Brands,Constipation relief,Over-the-Counter
Pregabalin,Corticosteroid,Injection,200mg,Amgen,Hypothyroidism treatment,Prescription
Gabapentin,Anticonvulsant,Nasal Spray,10mg,Gilead Sciences,Fungal infections treatment,Prescription
Lidocaine Cream,Topical Corticosteroid,Patch,325mg,3M Healthcare,Pain relief and fever reduction,Over-the-Counter
Aluminum Hydroxide,Skin Protectant,Lozenge,100mg,GSK,Insomnia and sleep aid,Over-the-Counter
Fluoxetine,Antidepressant/SSRI,Patch,25mg,Amgen,Type 2 diabetes management,Prescription
Atorvastatin,Diuretic,Topical Solution,10mg,Sanofi,Hypertension and angina,Prescription
Levothyroxine,PPI,Liquid,0.5mg,Novartis,Anxiety and panic disorders,Prescription
Simethicone,Antacid,Ointment,50mg,Prestige Brands,Nasal congestion relief,Over-the-Counter
Lisinopril,Calcium Channel Blocker,Injection,0.5mg,Johnson & Johnson,Hypothyroidism treatment,Prescription
Azithromycin,Antiplatelet,Capsule,100mg,Roche,Asthma and bronchospasm,Prescription
Gabapentin,Beta Blocker,Topical Solution,400mcg,Boehringer Ingelheim,High cholesterol management,Prescription
Metformin,Anxiolytic/Benzodiazepine,Inhaler,100mg,GlaxoSmithKline,Blood clot prevention,Prescription
Alprazolam,Leukotriene Inhibitor,IV Infusion,2mg,Pfizer,Asthma and bronchospasm,Prescription
Atorvastatin,Anxiolytic/Benzodiazepine,Liquid,100mg,Gilead Sciences,Epilepsy and neuropathic pain,Prescription
Aluminum Hydroxide,Antacid/H2 Blocker,Liquid,2%,3M Healthcare,Motion sickness and nausea,Over-the-Counter
Zinc Oxide,Antiemetic,Tablet,20mg,Pfizer,GERD and peptic ulcer,Over-the-Counter
Famotidine,Topical Antibiotic,Drops,2%,Johnson & Johnson,Diarrhea treatment,Over-the-Counter
Clindamycin,Anticoagulant,Sublingual Tablet,250mg,Bristol-Myers Squibb,Epilepsy and neuropathic pain,Prescription
Trimethoprim,Diuretic,Patch,400mcg,Roche,Epilepsy and neuropathic pain,Prescription
Metformin,Diuretic,Sublingual Tablet,400mcg,Abbott,Blood clot prevention,Prescription
Trimethoprim,Antidiabetic,Suppository,0.25mg,Bristol-Myers Squibb,Moderate to severe pain management,Prescription
Amlodipine,PPI,Capsule,20mg,Merck,Hypertension management,Prescription
Levothyroxine,Antifungal,Injection,500mg,Bristol-Myers Squibb,GERD and peptic ulcer disease,Prescription
Docusate Sodium,Expectorant,Patch,20mg,Reckitt,Blood clot prevention,Over-the-Counter
Fluoxetine,Leukotriene Inhibitor,IV Infusion,1mg,AstraZeneca,Fungal infections treatment,Prescription
Famotidine,Cough Suppressant,Chewable Tablet,5mg,Johnson & Johnson,Fungal skin infections,Over-the-Counter
Aluminum Hydroxide,Topical Anesthetic,Drops,5%,Reckitt,Cough suppression,Over-the-Counter
Benzoyl Peroxide,Sleep Aid,Cream,400mg,Pfizer,Minor cuts and skin protection,Over-the-Counter
Metronidazole,Anxiolytic/Benzodiazepine,Inhaler,25mg,Amgen,Hypothyroidism treatment,Prescription
Montelukast,Anticoagulant,Topical Solution,75mg,GlaxoSmithKline,Hypertension and heart failure,Prescription
Aspirin,Cough Suppressant,Chewable Tablet,200mg,Chattem,Allergic rhinitis and hives,Over-the-Counter
Miconazole,Topical Anesthetic,Liquid,10mg,3M Healthcare,Skin inflammation and itching,Over-the-Counter
Diphenhydramine,Cough Suppressant,Liquid,250mg,P&G,Constipation relief,Over-the-Counter
Doxycycline,Antidepressant/SSRI,Liquid,10mg,Abbott,Moderate to severe pain management,Prescription
Pantoprazole,ACE Inhibitor,Capsule,500mg,GlaxoSmithKline,Blood clot prevention,Prescription
Gabapentin,Anticonvulsant,Capsule,0.25mg,Pfizer,High cholesterol management,Prescription
Albuterol,Calcium Channel Blocker,Sublingual Tablet,100mcg,Merck,Type 2 diabetes management,Prescription
Bacitracin,Antidiarrheal,Cream,25mg,Unilever,Insomnia and sleep aid,Over-the-Counter
Dexamethasone,Antidiabetic,Tablet,200mcg,Roche,Blood clot prevention,Prescription
Omeprazole,Antacid/PPI,Liquid,10mg,Chattem,GERD and peptic ulcer,Over-the-Counter
Metronidazole,Antiplatelet,Tablet,200mg,Boehringer Ingelheim,Fungal infections treatment,Prescription
Bismuth Subsalicylate,Antiemetic,Liquid,100mg,Novartis,Fungal skin infections,Over-the-Counter
Clotrimazole,Expectorant,Cream,250mg,Sanofi,Heartburn and acid reflux,Over-the-Counter
Loperamide,Acne Treatment,Tablet,1%,3M Healthcare,Acne treatment,Over-the-Counter
Atorvastatin,Beta Blocker,Patch,100mg,Abbott,Depression and anxiety disorders,Prescription
Acetaminophen,Antidiarrheal,Lozenge,125mg,P&G,Skin inflammation and itching,Over-the-Counter
Ciprofloxacin,Bronchodilator,Inhaler,100mg,Amgen,GERD and peptic ulcer disease,Prescription
Clindamycin,PPI,Nasal Spray,250mg,Johnson & Johnson,Type 2 diabetes management,Prescription
Clindamycin,ACE Inhibitor,Capsule,50mg,Boehringer Ingelheim,Heart attack and stroke prevention,Prescription
Acetaminophen,Analgesic,Patch,125mg,Chattem,Constipation relief,Over-the-Counter
Oxycodone,Bronchodilator,Nasal Spray,400mcg,Gilead Sciences,Edema and hypertension,Prescription
Aspirin,Antacid,Patch,5mg,Johnson & Johnson,Diarrhea treatment,Over-the-Counter
Acetaminophen,Topical Anesthetic,Patch,20mg,Prestige Brands,Blood clot prevention,Over-the-Counter
Trimethoprim,Antidiabetic,Topical Solution,75mg,Sanofi,Moderate to severe pain management,Prescription
Ciprofloxacin,Leukotriene Inhibitor,Patch,250mg,Novartis,Heart attack and stroke prevention,Prescription
Amlodipine,ACE Inhibitor,Injection,200mcg,Eli Lilly,Hypertension and heart failure,Prescription
Escitalopram,Antifungal,Tablet,0.25mg,Bristol-Myers Squibb,Epilepsy and neuropathic pain,Prescription
Amoxicillin,Anticonvulsant,Extended Release Tablet,50mcg,Pfizer,Asthma and bronchospasm,Prescription
Omeprazole,Antacid,Spray,10mg,Unilever,Allergic rhinitis and hives,Over-the-Counter
Cetirizine,Antiflatulent,Cream,400mg,Bayer,Insomnia and sleep aid,Over-the-Counter
Diphenhydramine,Laxative,Capsule,2%,Sanofi,Allergic rhinitis and hives,Over-the-Counter
Guaifenesin,Antiflatulent,Capsule,20mg,Chattem,Gas and bloating relief,Over-the-Counter
Lisinopril,Beta Blocker,Liquid,200mcg,Amgen,Depression and anxiety disorders,Prescription
Prednisone,Statin,Sublingual Tablet,50mcg,GlaxoSmithKline,Hypertension and heart failure,Prescription
Diphenhydramine,Skin Protectant,Ointment,500mg,Bayer,Motion sickness and nausea,Over-the-Counter
Aluminum Hydroxide,Antidiarrheal,Powder,325mg,GSK,Insomnia and sleep aid,Over-the-Counter
Lidocaine Cream,Antacid,Gel,150mg,Chattem,Allergic rhinitis and hives,Over-the-Counter
Pseudoephedrine,Sleep Aid,Capsule,10mg,Pfizer,Heartburn and indigestion,Over-the-Counter
Cetirizine,Antacid/H2 Blocker,Drops,2%,Prestige Brands,Pain relief and fever reduction,Over-the-Counter
Dextromethorphan,Sleep Aid,Patch,125mg,Bayer,Allergic rhinitis and hives,Over-the-Counter
Bacitracin,Analgesic,Spray,1%,Prestige Brands,Heartburn and indigestion,Over-the-Counter
Metoprolol,Diuretic,IV Infusion,25mg,AstraZeneca,Hypothyroidism treatment,Prescription
Gabapentin,ARB,Topical Solution,75mg,Merck,Hypertension management,Prescription
Simethicone,Antiplatelet,Liquid,5%,Reckitt,Constipation relief,Over-the-Counter
Bacitracin,Acne Treatment,Drops,125mg,Pfizer,Diarrhea treatment,Over-the-Counter
Warfarin,PPI,Topical Solution,50mg,Merck,Fungal infections treatment,Prescription
Zinc Oxide,Topical Antibiotic,Liquid,50mg,Pfizer,GERD and peptic ulcer,Over-the-Counter
Lisinopril,Beta Blocker,Injection,200mg,Merck,Heart attack and stroke prevention,Prescription
Miconazole,Topical Corticosteroid,Liquid,500mg,P&G,Chest congestion and mucus relief,Over-the-Counter
Bismuth Subsalicylate,Antihistamine,Tablet,1%,Reckitt,Pain relief and fever reduction,Over-the-Counter
Calcium Carbonate,Antifungal,Ointment,325mg,Unilever,Chest congestion and mucus relief,Over-the-Counter
Hydrocodone,Thyroid Hormone,IV Infusion,200mcg,Gilead Sciences,Epilepsy and neuropathic pain,Prescription
Gabapentin,Anticoagulant,Suppository,250mg,Amgen,Hypothyroidism treatment,Prescription
Pantoprazole,Bronchodilator,Sublingual Tablet,0.5mg,Abbott,High cholesterol management,Prescription
Clotrimazole,Antiplatelet,Tablet,200mg,Reckitt,Insomnia and sleep aid,Over-the-Counter
Bismuth Subsalicylate,Antacid/PPI,Lozenge,150mg,GSK,Nasal congestion relief,Over-the-Counter
Diphenhydramine,Antacid/H2 Blocker,Powder,20mg,Chattem,Nasal congestion relief,Over-the-Counter
Dextromethorphan,Acne Treatment,Powder,25mg,Novartis,Minor wound infection prevention,Over-the-Counter
Omeprazole,Topical Corticosteroid,Lozenge,200mg,Novartis,Heartburn and indigestion,Over-the-Counter
Magnesium Hydroxide,Skin Protectant,Ointment,325mg,Novartis,Constipation relief,Over-the-Counter
Calcium Carbonate,Antidiarrheal,Spray,200mg,GSK,Gas and bloating relief,Over-the-Counter
Bismuth Subsalicylate,Antacid,Capsule,250mg,P&G,Diarrhea treatment,Over-the-Counter
Amlodipine,Thyroid Hormone,Nasal Spray,100mg,Bristol-Myers Squibb,Type 2 diabetes management,Prescription
Clindamycin,Calcium Channel Blocker,Suppository,1000mg,Gilead Sciences,Anxiety and panic disorders,Prescription
Loperamide,Antiemetic,Powder,10mg,Novartis,Allergic rhinitis and hives,Over-the-Counter
Ciprofloxacin,Anticoagulant,Capsule,250mg,Gilead Sciences,Asthma and bronchospasm,Prescription
Dextromethorphan,Antidiarrheal,Lozenge,20mg,Novartis,Minor pain and itching relief,Over-the-Counter
Metronidazole,Leukotriene Inhibitor,Suppository,150mg,Sanofi,Asthma and bronchospasm,Prescription
Amlodipine,Calcium Channel Blocker,Inhaler,0.25mg,Sanofi,Hypertension and heart failure,Prescription
Pregabalin,Anticoagulant,Inhaler,5mg,AstraZeneca,Hypertension and angina,Prescription
Hydrocortisone Cream,Antacid,Liquid,5%,Unilever,Heartburn and indigestion,Over-the-Counter
Sertraline,Antidepressant/SSRI,Topical Solution,2mg,Johnson & Johnson,Moderate to severe pain management,Prescription
Ciprofloxacin,PPI,Nasal Spray,400mcg,Bristol-Myers Squibb,Heart attack and stroke prevention,Prescription
Aluminum Hydroxide,Antifungal,Ointment,400mg,P&G,Insomnia and sleep aid,Over-the-Counter
Clopidogrel,Antidepressant/SSRI,Sublingual Tablet,0.25mg,AstraZeneca,High cholesterol management,Prescription
Benzoyl Peroxide,Expectorant,Drops,2%,3M Healthcare,GERD and peptic ulcer,Over-the-Counter
Aspirin,Skin Protectant,Chewable Tablet,50mg,Novartis,GERD and peptic ulcer,Over-the-Counter
Docusate Sodium,Antacid/H2 Blocker,Liquid,325mg,Unilever,Allergic rhinitis and hives,Over-the-Counter
Guaifenesin,Antiflatulent,Spray,5%,Chattem,Gas and bloating relief,Over-the-Counter
Simethicone,Antiemetic,Tablet,5mg,Reckitt,Diarrhea treatment,Over-the-Counter
Albuterol,Leukotriene Inhibitor,Suppository,200mcg,Eli Lilly,Hypertension management,Prescription
Levothyroxine,Antidepressant/SSRI,Tablet,100mg,Boehringer Ingelheim,Blood clot prevention,Prescription
Loperamide,Antacid/H2 Blocker,Gel,5mg,Prestige Brands,Allergic rhinitis and hives,Over-the-Counter
Azithromycin,Antiplatelet,Patch,400mcg,Abbott,Anxiety and panic disorders,Prescription
Metronidazole,Beta Blocker,Liquid,0.5mg,Amgen,Epilepsy and neuropathic pain,Prescription
Pseudoephedrine,Antacid/H2 Blocker,Cream,400mg,Reckitt,Skin inflammation and itching,Over-the-Counter
Guaifenesin,Decongestant,Ointment,250mg,Sanofi,Minor cuts and skin protection,Over-the-Counter
Amoxicillin,Anxiolytic/Benzodiazepine,Suppository,100mg,Gilead Sciences,Fungal infections treatment,Prescription
Amoxicillin,Corticosteroid,Liquid,20mg,Pfizer,Edema and hypertension,Prescription
Pseudoephedrine,Antidiarrheal,Patch,25mg,Sanofi,Insomnia and sleep aid,Over-the-Counter
Alprazolam,ACE Inhibitor,Tablet,75mg,Eli Lilly,Blood clot prevention,Prescription
Losartan,Bronchodilator,Topical Solution,100mg,Sanofi,Edema and hypertension,Prescription
Guaifenesin,Analgesic,Gel,10mg,GSK,Heartburn and indigestion,Over-the-Counter
Bacitracin,Antacid/PPI,Powder,20mg,Reckitt,Cough suppression,Over-the-Counter
Guaifenesin,Analgesic,Cream,50mg,Unilever,Gas and bloating relief,Over-the-Counter
Sertraline,Calcium Channel Blocker,Injection,150mg,Boehringer Ingelheim,Hypertension and heart failure,Prescription
Bacitracin,Antiplatelet,Liquid,10mg,Pfizer,Cough suppression,Over-the-Counter
Naproxen,Topical Antibiotic,Spray,500mg,3M Healthcare,Constipation relief,Over-the-Counter
Sertraline,Calcium Channel Blocker,Sublingual Tablet,250mg,AstraZeneca,Depression and anxiety disorders,Prescription
Trimethoprim,Beta Blocker,Capsule,100mg,GlaxoSmithKline,Heart attack and stroke prevention,Prescription
Doxycycline,Anticonvulsant,IV Infusion,100mcg,Novartis,Blood clot prevention,Prescription
Neosporin,Topical Anesthetic,Powder,150mg,Sanofi,Cough suppression,Over-the-Counter
Metronidazole,Diuretic,Suppository,20mg,Eli Lilly,Edema and hypertension,Prescription
Sertraline,Anticonvulsant,Inhaler,250mg,Abbott,Hypertension and heart failure,Prescription
Docusate Sodium,Antiflatulent,Tablet,150mg,Chattem,Nasal congestion relief,Over-the-Counter
Lidocaine Cream,Antiflatulent,Lozenge,100mg,Bayer,Constipation relief,Over-the-Counter
Metformin,Corticosteroid,Topical Solution,200mg,Sanofi,Hypothyroidism treatment,Prescription
Lidocaine Cream,Antidiarrheal,Gel,325mg,GSK,Pain relief and fever reduction,Over-the-Counter
Metformin,Antidiabetic,Injection,20mg,GlaxoSmithKline,Hypertension management,Prescription
Furosemide,Anticoagulant,Extended Release Tablet,250mg,GlaxoSmithKline,Hypertension management,Prescription
Magnesium Hydroxide,Topical Anesthetic,Liquid,250mg,3M Healthcare,Motion sickness and nausea,Over-the-Counter
Zinc Oxide,Antidiarrheal,Lozenge,20mg,Reckitt,Diarrhea treatment,Over-the-Counter
Miconazole,Expectorant,Cream,325mg,Johnson & Johnson,Fungal skin infections,Over-the-Counter
Metronidazole,Antiplatelet,Topical Solution,400mcg,Sanofi,Hypertension and heart failure,Prescription
Escitalopram,Antiplatelet,IV Infusion,200mg,Johnson & Johnson,Edema and hypertension,Prescription
Clotrimazole,Topical Anesthetic,Capsule,1%,Sanofi,Fungal skin infections,Over-the-Counter
Ranitidine,Antihistamine,Spray,20mg,Reckitt,Motion sickness and nausea,Over-the-Counter
Miconazole,Topical Antibiotic,Chewable Tablet,250mg,GSK,Heartburn and acid reflux,Over-the-Counter
Albuterol,Calcium Channel Blocker,Topical Solution,400mcg,Sanofi,Hypertension management,Prescription
Pseudoephedrine,Antiplatelet,Lozenge,1%,GSK,Chest congestion and mucus relief,Over-the-Counter
Aluminum Hydroxide,Antacid/PPI,Chewable Tablet,150mg,Chattem,Acne treatment,Over-the-Counter
Dexamethasone,Statin,Patch,25mg,Bristol-Myers Squibb,Hypertension and heart failure,Prescription
Trimethoprim,Anticoagulant,Tablet,2mg,Eli Lilly,Bacterial infections treatment,Prescription
Omeprazole,Analgesic,Cream,5mg,P&G,Minor pain and itching relief,Over-the-Counter
Benzoyl Peroxide,Antiplatelet,Patch,20mg,Novartis,Minor cuts and skin protection,Over-the-Counter
Ibuprofen,Analgesic,Drops,5%,Unilever,Diarrhea treatment,Over-the-Counter
Omeprazole,Antacid/PPI,Powder,400mg,Pfizer,Diarrhea treatment,Over-the-Counter
Ibuprofen,Antacid,Capsule,125mg,Chattem,Insomnia and sleep aid,Over-the-Counter
Dexamethasone,Antiplatelet,Inhaler,2mg,Novartis,Hypertension management,Prescription
Bacitracin,Antiemetic,Gel,150mg,Pfizer,Heartburn and acid reflux,Over-the-Counter
Ibuprofen,Antifungal,Cream,5mg,P&G,Heartburn and indigestion,Over-the-Counter
Magnesium Hydroxide,Antidiarrheal,Tablet,10mg,Johnson & Johnson,Heartburn and acid reflux,Over-the-Counter
Magnesium Hydroxide,Topical Anesthetic,Gel,400mg,Unilever,Cough suppression,Over-the-Counter
Lidocaine Cream,Sleep Aid,Capsule,125mg,Reckitt,Constipation relief,Over-the-Counter
Escitalopram,Beta Blocker,Inhaler,200mcg,Sanofi,Moderate to severe pain management,Prescription
Lisinopril,Diuretic,Patch,500mg,Eli Lilly,Inflammation and autoimmune disorders,Prescription
Famotidine,Antiflatulent,Chewable Tablet,5mg,Novartis,Insomnia and sleep aid,Over-the-Counter
Amoxicillin,Leukotriene Inhibitor,Patch,400mcg,Roche,Anxiety and panic disorders,Prescription
Guaifenesin,Antiplatelet,Chewable Tablet,200mg,Johnson & Johnson,Gas and bloating relief,Over-the-Counter
Albuterol,Beta Blocker,Suppository,10mg,Pfizer,Epilepsy and neuropathic pain,Prescription
Benzoyl Peroxide,Analgesic,Capsule,125mg,Reckitt,Gas and bloating relief,Over-the-Counter
Ranitidine,Antidiarrheal,Spray,200mg,GSK,Heartburn and acid reflux,Over-the-Counter
Miconazole,Sleep Aid,Cream,400mg,Bayer,Acne treatment,Over-the-Counter
Metronidazole,PPI,Extended Release Tablet,20mg,Amgen,Asthma and bronchospasm,Prescription
Doxycycline,Calcium Channel Blocker,Sublingual Tablet,1000mg,Gilead Sciences,Anxiety and panic disorders,Prescription
Clindamycin,Opioid Analgesic,Tablet,100mg,Johnson & Johnson,Epilepsy and neuropathic pain,Prescription
Pseudoephedrine,Skin Protectant,Powder,25mg,Unilever,Gas and bloating relief,Over-the-Counter
Clindamycin,Diuretic,Topical Solution,25mg,Sanofi,Hypertension and heart failure,Prescription
Lisinopril,ARB,Injection,100mg,Eli Lilly,Hypertension management,Prescription
Pantoprazole,Beta Blocker,Tablet,0.25mg,Roche,Type 2 diabetes management,Prescription
Prednisone,Calcium Channel Blocker,Patch,100mg,GlaxoSmithKline,Asthma and bronchospasm,Prescription
Loratadine,Antiflatulent,Patch,2%,Johnson & Johnson,Diarrhea treatment,Over-the-Counter
Gabapentin,Corticosteroid,Injection,50mcg,Boehringer Ingelheim,Hypothyroidism treatment,Prescription
Bacitracin,Antihistamine,Spray,150mg,Novartis,Pain relief and fever reduction,Over-the-Counter
Hydrocodone,Bronchodilator,Tablet,400mcg,Novartis,Hypertension management,Prescription
Aspirin,Expectorant,Ointment,250mg,Unilever,Minor pain and itching relief,Over-the-Counter
Lidocaine Cream,Antacid/H2 Blocker,Chewable Tablet,325mg,Sanofi,Nasal congestion relief,Over-the-Counter
Lisinopril,Opioid Analgesic,Suppository,1000mg,Novartis,Type 2 diabetes management,Prescription
Calcium Carbonate,Topical Anesthetic,Chewable Tablet,250mg,Bayer,Heartburn and acid reflux,Over-the-Counter
Acetaminophen,Expectorant,Spray,125mg,Pfizer,Acne treatment,Over-the-Counter
Naproxen,Acne Treatment,Tablet,1%,Reckitt,Pain relief and fever reduction,Over-the-Counter
Escitalopram,Antifungal,Nasal Spray,50mcg,Johnson & Johnson,Asthma and allergic rhinitis,Prescription
Amlodipine,Statin,Tablet,100mcg,Bristol-Myers Squibb,Moderate to severe pain management,Prescription
Aluminum Hydroxide,Topical Corticosteroid,Powder,200mg,Unilever,Allergic rhinitis and hives,Over-the-Counter
Aluminum Hydroxide,Antacid/H2 Blocker,Powder,500mg,Bayer,Acne treatment,Over-the-Counter
Losartan,Beta Blocker,Suppository,1000mg,Bristol-Myers Squibb,Type 2 diabetes management,Prescription
Magnesium Hydroxide,Antiplatelet,Spray,1%,GSK,Minor wound infection prevention,Over-the-Counter
Lidocaine Cream,Skin Protectant,Cream,150mg,P&G,Chest congestion and mucus relief,Over-the-Counter
Levothyroxine,Statin,Inhaler,1mg,Eli Lilly,High cholesterol management,Prescription
Metformin,Antifungal,Injection,100mcg,Sanofi,Hypertension and heart failure,Prescription
Gabapentin,Beta Blocker,Extended Release Tablet,25mg,Amgen,Type 2 diabetes management,Prescription
Alprazolam,PPI,Sublingual Tablet,0.25mg,Abbott,Epilepsy and neuropathic pain,Prescription
Magnesium Hydroxide,Topical Corticosteroid,Patch,1%,Pfizer,Chest congestion and mucus relief,Over-the-Counter
Guaifenesin,Antiplatelet,Powder,20mg,Sanofi,Insomnia and sleep aid,Over-the-Counter
Docusate Sodium,Laxative,Capsule,1%,Pfizer,Diarrhea treatment,Over-the-Counter
Naproxen,Laxative,Ointment,5mg,Sanofi,Blood clot prevention,Over-the-Counter
Ibuprofen,Topical Antibiotic,Spray,25mg,GSK,Blood clot prevention,Over-the-Counter
Loratadine,Analgesic,Ointment,5mg,Novartis,Gas and bloating relief,Over-the-Counter
Clindamycin,Corticosteroid,Liquid,150mg,Pfizer,Asthma and bronchospasm,Prescription
Guaifenesin,Antiemetic,Drops,2%,Pfizer,Chest congestion and mucus relief,Over-the-Counter
Lidocaine Cream,Antiplatelet,Chewable Tablet,1%,3M Healthcare,Gas and bloating relief,Over-the-Counter
Aspirin,Antacid,Capsule,25mg,Sanofi,Minor pain and itching relief,Over-the-Counter
Calcium Carbonate,Topical Antibiotic,Patch,20mg,Prestige Brands,Insomnia and sleep aid,Over-the-Counter
Loratadine,Topical Anesthetic,Powder,200mg,Novartis,Skin inflammation and itching,Over-the-Counter
Metformin,Anxiolytic/Benzodiazepine,Topical Solution,0.25mg,Gilead Sciences,Blood clot prevention,Prescription
Losartan,Diuretic,IV Infusion,25mg,Merck,Edema and hypertension,Prescription
Famotidine,Skin Protectant,Drops,10mg,Unilever,Allergic rhinitis and hives,Over-the-Counter
Metronidazole,Corticosteroid,Nasal Spray,0.5mg,Bristol-Myers Squibb,Hypertension and heart failure,Prescription
Clindamycin,Anxiolytic/Benzodiazepine,Nasal Spray,50mg,Abbott,Hypothyroidism treatment,Prescription
Gabapentin,Antifungal,Inhaler,0.5mg,Gilead Sciences,Bacterial infections treatment,Prescription
Albuterol,Bronchodilator,Capsule,200mcg,GlaxoSmithKline,Hypertension and heart failure,Prescription
Albuterol,Diuretic,Suppository,5mg,Gilead Sciences,Heart attack and stroke prevention,Prescription
Metformin,Anticonvulsant,IV Infusion,75mg,AstraZeneca,Blood clot prevention,Prescription
Pregabalin,PPI,Inhaler,100mg,Bristol-Myers Squibb,Fungal infections treatment,Prescription
Miconazole,Acne Treatment,Chewable Tablet,100mg,P&G,Nasal congestion relief,Over-the-Counter
Neosporin,Laxative,Capsule,20mg,Johnson & Johnson,Blood clot prevention,Over-the-Counter
Clopidogrel,Diuretic,Topical Solution,100mg,Merck,Inflammation and autoimmune disorders,Prescription
Diphenhydramine,Topical Anesthetic,Chewable Tablet,500mg,Pfizer,GERD and peptic ulcer,Over-the-Counter
Dextromethorphan,Expectorant,Powder,50mg,Chattem,Pain relief and fever reduction,Over-the-Counter
Hydrocodone,Opioid Analgesic,Tablet,5mg,AstraZeneca,Type 2 diabetes management,Prescription
Meclizine,Skin Protectant,Ointment,10mg,Novartis,Chest congestion and mucus relief,Over-the-Counter
Gabapentin,Leukotriene Inhibitor,Inhaler,100mg,Merck,Heart attack and stroke prevention,Prescription
Bacitracin,Antiplatelet,Patch,50mg,Chattem,Minor cuts and skin protection,Over-the-Counter
Aluminum Hydroxide,Antacid/PPI,Tablet,150mg,GSK,Nasal congestion relief,Over-the-Counter
Clopidogrel,Statin,Topical Solution,150mg,Roche,Asthma and allergic rhinitis,Prescription
Furosemide,Antibiotic,Suppository,50mcg,Bristol-Myers Squibb,GERD and peptic ulcer disease,Prescription
Metoprolol,Anticoagulant,Tablet,100mcg,Amgen,Type 2 diabetes management,Prescription
Ciprofloxacin,Thyroid Hormone,Capsule,50mg,Merck,Blood clot prevention,Prescription
Clotrimazole,Sleep Aid,Tablet,100mg,Bayer,Nasal congestion relief,Over-the-Counter
Guaifenesin,Sleep Aid,Chewable Tablet,5mg,Reckitt,Skin inflammation and itching,Over-the-Counter
Omeprazole,Acne Treatment,Ointment,2%,Johnson & Johnson,Motion sickness and nausea,Over-the-Counter
Hydrocodone,Diuretic,Suppository,75mg,Merck,Hypertension and angina,Prescription
Albuterol,Antifungal,Patch,2mg,Boehringer Ingelheim,Hypertension and heart failure,Prescription
Clopidogrel,Diuretic,Nasal Spray,75mg,Amgen,High cholesterol management,Prescription
Metformin,Anticonvulsant,Nasal Spray,250mg,Bristol-Myers Squibb,Epilepsy and neuropathic pain,Prescription
Ranitidine,Topical Anesthetic,Capsule,325mg,Sanofi,Minor cuts and skin protection,Over-the-Counter
Lidocaine Cream,Antacid/H2 Blocker,Drops,20mg,Pfizer,Nasal congestion relief,Over-the-Counter
Pregabalin,ARB,Extended Release Tablet,75mg,Novartis,GERD and peptic ulcer disease,Prescription
Magnesium Hydroxide,Cough Suppressant,Chewable Tablet,2%,Unilever,Minor pain and itching relief,Over-the-Counter
Albuterol,Antidiabetic,Liquid,0.5mg,Boehringer Ingelheim,Depression and anxiety disorders,Prescription
Clotrimazole,Analgesic,Drops,2%,3M Healthcare,Heartburn and indigestion,Over-the-Counter
Simethicone,Antidiarrheal,Ointment,5%,3M Healthcare,Minor cuts and skin protection,Over-the-Counter
Acetaminophen,Sleep Aid,Patch,1%,GSK,Cough suppression,Over-the-Counter
Ranitidine,Topical Corticosteroid,Lozenge,20mg,Johnson & Johnson,Heartburn and acid reflux,Over-the-Counter
Clindamycin,Opioid Analgesic,Patch,75mg,Pfizer,Hypertension and heart failure,Prescription
Meclizine,Antidiarrheal,Liquid,325mg,Pfizer,Heartburn and acid reflux,Over-the-Counter
Pregabalin,Beta Blocker,Extended Release Tablet,10mg,Sanofi,Heart attack and stroke prevention,Prescription
Alprazolam,Antiplatelet,Inhaler,20mg,Amgen,Edema and hypertension,Prescription
Clopidogrel,Thyroid Hormone,Sublingual Tablet,250mg,AstraZeneca,Hypertension and heart failure,Prescription
Guaifenesin,Analgesic,Powder,250mg,Bayer,Minor pain and itching relief,Over-the-Counter
Oxycodone,Diuretic,Nasal Spray,10mg,Novartis,Hypertension and heart failure,Prescription
Simethicone,Antacid/PPI,Powder,125mg,Unilever,Minor cuts and skin protection,Over-the-Counter
Magnesium Hydroxide,Analgesic,Ointment,325mg,Prestige Brands,Heartburn and acid reflux,Over-the-Counter
Bacitracin,Cough Suppressant,Drops,5%,3M Healthcare,Motion sickness and nausea,Over-the-Counter
Prednisone,ACE Inhibitor,Capsule,100mg,Johnson & Johnson,Hypertension management,Prescription
Atorvastatin,Thyroid Hormone,Patch,200mcg,Merck,Hypertension and heart failure,Prescription
Metformin,Anxiolytic/Benzodiazepine,Extended Release Tablet,20mg,Roche,Hypertension and heart failure,Prescription
Levothyroxine,Anticoagulant,Injection,1mg,Pfizer,Hypertension and heart failure,Prescription
Lisinopril,PPI,Tablet,1000mg,Johnson & Johnson,Edema and hypertension,Prescription
Loperamide,Analgesic,Ointment,500mg,P&G,Nasal congestion relief,Over-the-Counter
Lidocaine Cream,Antacid,Powder,100mg,Chattem,Heartburn and indigestion,Over-the-Counter
Sertraline,Corticosteroid,Inhaler,200mcg,Gilead Sciences,Bacterial infections treatment,Prescription
Clotrimazole,Antiemetic,Gel,250mg,Prestige Brands,Gas and bloating relief,Over-the-Counter
Benzoyl Peroxide,Topical Anesthetic,Liquid,20mg,Chattem,Chest congestion and mucus relief,Over-the-Counter
Metronidazole,Calcium Channel Blocker,Sublingual Tablet,5mg,Eli Lilly,Hypothyroidism treatment,Prescription
Amlodipine,Antiplatelet,Injection,1000mg,Eli Lilly,Type 2 diabetes management,Prescription
Aspirin,Antacid/PPI,Cream,50mg,GSK,Fungal skin infections,Over-the-Counter
Miconazole,Antihistamine,Drops,500mg,Chattem,Cough suppression,Over-the-Counter
Bismuth Subsalicylate,Expectorant,Cream,150mg,P&G,Fungal skin infections,Over-the-Counter
Dextromethorphan,Topical Antibiotic,Chewable Tablet,20mg,Pfizer,Diarrhea treatment,Over-the-Counter
Doxycycline,PPI,IV Infusion,200mg,Gilead Sciences,Inflammation and autoimmune disorders,Prescription
Magnesium Hydroxide,Antifungal,Ointment,200mg,Unilever,Insomnia and sleep aid,Over-the-Counter
Neosporin,Antacid/PPI,Liquid,150mg,Pfizer,Diarrhea treatment,Over-the-Counter
Dextromethorphan,Antidiarrheal,Spray,200mg,Johnson & Johnson,Insomnia and sleep aid,Over-the-Counter
Amoxicillin,Diuretic,IV Infusion,200mcg,Pfizer,Anxiety and panic disorders,Prescription
Simethicone,Acne Treatment,Powder,125mg,Unilever,Heartburn and acid reflux,Over-the-Counter
Benzoyl Peroxide,Antifungal,Patch,200mg,Sanofi,Cough suppression,Over-the-Counter
Doxycycline,Calcium Channel Blocker,Extended Release Tablet,200mg,GlaxoSmithKline,Type 2 diabetes management,Prescription
Guaifenesin,Topical Anesthetic,Lozenge,20mg,Prestige Brands,Diarrhea treatment,Over-the-Counter
Oxycodone,Leukotriene Inhibitor,Injection,100mg,Pfizer,Epilepsy and neuropathic pain,Prescription
Oxycodone,ARB,Tablet,25mg,Roche,Type 2 diabetes management,Prescription
Benzoyl Peroxide,Antiflatulent,Liquid,325mg,Sanofi,Minor cuts and skin protection,Over-the-Counter
Loratadine,Antiemetic,Liquid,250mg,Bayer,Insomnia and sleep aid,Over-the-Counter
Ibuprofen,Skin Protectant,Powder,5%,Sanofi,Allergic rhinitis and hives,Over-the-Counter
Clopidogrel,PPI,Topical Solution,75mg,Pfizer,Asthma and bronchospasm,Prescription
Albuterol,Antifungal,Topical Solution,75mg,Eli Lilly,Fungal infections treatment,Prescription
Diphenhydramine,Skin Protectant,Cream,20mg,3M Healthcare,Nasal congestion relief,Over-the-Counter
Simethicone,Antacid/PPI,Capsule,1%,GSK,GERD and peptic ulcer,Over-the-Counter
Neosporin,Topical Antibiotic,Ointment,50mg,Bayer,Insomnia and sleep aid,Over-the-Counter
Trimethoprim,Antifungal,Tablet,150mg,Roche,Epilepsy and neuropathic pain,Prescription
Acetaminophen,Expectorant,Lozenge,400mg,Chattem,Gas and bloating relief,Over-the-Counter
Lisinopril,ACE Inhibitor,Patch,50mcg,Gilead Sciences,Fungal infections treatment,Prescription
Amoxicillin,PPI,Nasal Spray,0.5mg,Johnson & Johnson,GERD and peptic ulcer disease,Prescription
Benzoyl Peroxide,Antihistamine,Lozenge,125mg,Chattem,Gas and bloating relief,Over-the-Counter
Bismuth Subsalicylate,Topical Anesthetic,Patch,500mg,Prestige Brands,Motion sickness and nausea,Over-the-Counter
Pseudoephedrine,Skin Protectant,Tablet,150mg,Bayer,Gas and bloating relief,Over-the-Counter
Hydrocodone,Anticoagulant,Nasal Spray,20mg,Amgen,Type 2 diabetes management,Prescription
Docusate Sodium,Topical Anesthetic,Chewable Tablet,25mg,Sanofi,Constipation relief,Over-the-Counter
Metronidazole,PPI,Sublingual Tablet,150mg,Bristol-Myers Squibb,Bacterial infections treatment,Prescription
Omeprazole,Sleep Aid,Drops,5%,Bayer,Minor pain and itching relief,Over-the-Counter
Hydrocodone,Anticoagulant,Suppository,10mg,Abbott,Type 2 diabetes management,Prescription
Prednisone,Corticosteroid,Liquid,1mg,Johnson & Johnson,Blood clot prevention,Prescription
Docusate Sodium,Topical Antibiotic,Powder,100mg,3M Healthcare,GERD and peptic ulcer,Over-the-Counter
Diphenhydramine,Antacid,Cream,10mg,Pfizer,Heartburn and indigestion,Over-the-Counter
Furosemide,Opioid Analgesic,Nasal Spray,200mg,Eli Lilly,GERD and peptic ulcer disease,Prescription
Pantoprazole,ARB,Tablet,400mcg,Abbott,Edema and hypertension,Prescription
Losartan,Corticosteroid,Tablet,150mg,Novartis,Epilepsy and neuropathic pain,Prescription
Salicylic Acid,Antiflatulent,Gel,5%,Pfizer,Nasal congestion relief,Over-the-Counter
Loratadine,Antihistamine,Tablet,250mg,GSK,Gas and bloating relief,Over-the-Counter
Trimethoprim,Bronchodilator,Patch,1000mg,AstraZeneca,High cholesterol management,Prescription
Simethicone,Acne Treatment,Tablet,50mg,Unilever,Allergic rhinitis and hives,Over-the-Counter
Amoxicillin,Antibiotic,IV Infusion,1mg,Sanofi,Edema and hypertension,Prescription
Zinc Oxide,Antacid/H2 Blocker,Drops,150mg,Pfizer,Diarrhea treatment,Over-the-Counter
Clotrimazole,Topical Corticosteroid,Capsule,25mg,Novartis,Skin inflammation and itching,Over-the-Counter
Pregabalin,Statin,IV Infusion,0.5mg,Novartis,Edema and hypertension,Prescription
Hydrocodone,Calcium Channel Blocker,Liquid,50mcg,Johnson & Johnson,Inflammation and autoimmune disorders,Prescription
Prednisone,Corticosteroid,Sublingual Tablet,50mg,Boehringer Ingelheim,Edema and hypertension,Prescription
Azithromycin,Antidepressant/SSRI,Inhaler,2mg,Johnson & Johnson,Hypertension and angina,Prescription
Amoxicillin,Anxiolytic/Benzodiazepine,Suppository,200mg,Sanofi,Asthma and allergic rhinitis,Prescription
Metronidazole,Anxiolytic/Benzodiazepine,Extended Release Tablet,50mg,Eli Lilly,High cholesterol management,Prescription
Diphenhydramine,Cough Suppressant,Lozenge,500mg,Johnson & Johnson,Minor cuts and skin protection,Over-the-Counter
Prednisone,Antiplatelet,Extended Release Tablet,1mg,Pfizer,Edema and hypertension,Prescription
Hydrocodone,Antidiabetic,Sublingual Tablet,500mg,Sanofi,Fungal infections treatment,Prescription
Furosemide,Antidepressant/SSRI,Suppository,400mcg,Gilead Sciences,Epilepsy and neuropathic pain,Prescription
Loratadine,Topical Anesthetic,Chewable Tablet,2%,Bayer,Minor pain and itching relief,Over-the-Counter
Losartan,Anxiolytic/Benzodiazepine,Patch,20mg,Pfizer,Edema and hypertension,Prescription
Miconazole,Antacid,Ointment,10mg,Sanofi,Diarrhea treatment,Over-the-Counter
Trimethoprim,Antidepressant/SSRI,Inhaler,50mcg,GlaxoSmithKline,High cholesterol management,Prescription
Neosporin,Topical Antibiotic,Tablet,20mg,P&G,Blood clot prevention,Over-the-Counter
Prednisone,Calcium Channel Blocker,Topical Solution,1mg,Novartis,Fungal infections treatment,Prescription
Miconazole,Antidiarrheal,Liquid,20mg,GSK,Minor wound infection prevention,Over-the-Counter
Sertraline,Antidepressant/SSRI,Sublingual Tablet,25mg,Johnson & Johnson,Depression and anxiety disorders,Prescription
Albuterol,Antibiotic,Tablet,250mg,Eli Lilly,Heart attack and stroke prevention,Prescription
Metoprolol,Antidepressant/SSRI,Patch,250mg,Merck,Hypertension and heart failure,Prescription
Famotidine,Decongestant,Powder,400mg,P&G,Nasal congestion relief,Over-the-Counter
Metformin,Calcium Channel Blocker,Topical Solution,10mg,Roche,Hypertension and angina,Prescription
Pseudoephedrine,Antiplatelet,Powder,100mg,3M Healthcare,Pain relief and fever reduction,Over-the-Counter
Lisinopril,Antidepressant/SSRI,Nasal Spray,20mg,Novartis,Type 2 diabetes management,Prescription
Naproxen,Skin Protectant,Chewable Tablet,150mg,Prestige Brands,Nasal congestion relief,Over-the-Counter
Metformin,Antifungal,Extended Release Tablet,10mg,Novartis,Asthma and allergic rhinitis,Prescription
Loperamide,Skin Protectant,Drops,325mg,Unilever,Minor wound infection prevention,Over-the-Counter
Hydrocortisone Cream,Antacid/PPI,Capsule,5%,Unilever,Blood clot prevention,Over-the-Counter
Amlodipine,Diuretic,Capsule,2mg,Amgen,Hypertension and heart failure,Prescription
Ranitidine,Antiemetic,Powder,500mg,Pfizer,Motion sickness and nausea,Over-the-Counter
Dextromethorphan,Analgesic,Cream,5%,Prestige Brands,Gas and bloating relief,Over-the-Counter
Pantoprazole,Calcium Channel Blocker,Extended Release Tablet,2mg,Roche,Inflammation and autoimmune disorders,Prescription
Furosemide,Anticoagulant,Extended Release Tablet,200mg,Pfizer,Moderate to severe pain management,Prescription
Metronidazole,Anticonvulsant,Capsule,400mcg,Roche,Hypothyroidism treatment,Prescription
Hydrocodone,Anticonvulsant,Nasal Spray,100mcg,Roche,Heart attack and stroke prevention,Prescription
Omeprazole,Skin Protectant,Gel,25mg,3M Healthcare,Constipation relief,Over-the-Counter
Doxycycline,Antifungal,Nasal Spray,500mg,GlaxoSmithKline,Fungal infections treatment,Prescription
Calcium Carbonate,Antacid,Gel,325mg,Pfizer,Heartburn and acid reflux,Over-the-Counter
Levothyroxine,Antifungal,Topical Solution,1mg,AstraZeneca,High cholesterol management,Prescription
Doxycycline,PPI,Liquid,50mg,GlaxoSmithKline,Hypertension and angina,Prescription
Lisinopril,ACE Inhibitor,IV Infusion,150mg,Eli Lilly,Asthma and bronchospasm,Prescription
Lisinopril,Bronchodilator,Injection,20mg,AstraZeneca,Hypertension management,Prescription
Oxycodone,Corticosteroid,IV Infusion,0.25mg,Merck,Moderate to severe pain management,Prescription
Losartan,Antifungal,Liquid,1000mg,Bristol-Myers Squibb,Type 2 diabetes management,Prescription
Dexamethasone,Antidepressant/SSRI,Injection,5mg,Gilead Sciences,Edema and hypertension,Prescription
Cetirizine,Cough Suppressant,Capsule,5%,Sanofi,Blood clot prevention,Over-the-Counter
Warfarin,Statin,Sublingual Tablet,200mcg,Sanofi,Anxiety and panic disorders,Prescription
Aspirin,Antacid,Powder,250mg,Pfizer,Skin inflammation and itching,Over-the-Counter
Escitalopram,Antidepressant/SSRI,Liquid,100mg,Boehringer Ingelheim,Heart attack and stroke prevention,Prescription
Acetaminophen,Antidiarrheal,Powder,10mg,Prestige Brands,Constipation relief,Over-the-Counter
Metformin,Anticonvulsant,Tablet,10mg,Amgen,Anxiety and panic disorders,Prescription
Trimethoprim,ARB,Patch,500mg,Merck,Type 2 diabetes management,Prescription
Doxycycline,Antifungal,Nasal Spray,0.25mg,Roche,GERD and peptic ulcer disease,Prescription
Lisinopril,Antifungal,Injection,500mg,Pfizer,Blood clot prevention,Prescription
Acetaminophen,Topical Corticosteroid,Tablet,100mg,Prestige Brands,Motion sickness and nausea,Over-the-Counter
Warfarin,PPI,Tablet,500mg,Johnson & Johnson,Heart attack and stroke prevention,Prescription
Trimethoprim,Opioid Analgesic,Topical Solution,100mg,Novartis,Asthma and bronchospasm,Prescription
Montelukast,PPI,Injection,75mg,Gilead Sciences,Depression and anxiety disorders,Prescription
Gabapentin,Calcium Channel Blocker,Tablet,400mcg,Amgen,Asthma and allergic rhinitis,Prescription
Clotrimazole,Expectorant,Patch,1%,Novartis,Cough suppression,Over-the-Counter
Dextromethorphan,Antidiarrheal,Tablet,125mg,Prestige Brands,Motion sickness and nausea,Over-the-Counter
Fluoxetine,Antifungal,Inhaler,1000mg,Merck,Edema and hypertension,Prescription
Sertraline,Antiplatelet,Injection,1000mg,AstraZeneca,Moderate to severe pain management,Prescription
Pantoprazole,Thyroid Hormone,Patch,25mg,Gilead Sciences,Moderate to severe pain management,Prescription
Bismuth Subsalicylate,Cough Suppressant,Cream,1%,Pfizer,Motion sickness and nausea,Over-the-Counter
Pantoprazole,Antidepressant/SSRI,Extended Release Tablet,200mcg,Bristol-Myers Squibb,Edema and hypertension,Prescription
Escitalopram,Thyroid Hormone,Liquid,10mg,Johnson & Johnson,GERD and peptic ulcer disease,Prescription
Clotrimazole,Topical Corticosteroid,Chewable Tablet,10mg,Johnson & Johnson,Blood clot prevention,Over-the-Counter
Aspirin,Antiflatulent,Liquid,250mg,3M Healthcare,Diarrhea treatment,Over-the-Counter
Escitalopram,Antiplatelet,Sublingual Tablet,10mg,Johnson & Johnson,Asthma and allergic rhinitis,Prescription
Bacitracin,Expectorant,Cream,500mg,Novartis,Gas and bloating relief,Over-the-Counter
Diphenhydramine,Antidiarrheal,Patch,5mg,Bayer,Nasal congestion relief,Over-the-Counter
Albuterol,Anticoagulant,Inhaler,75mg,Amgen,Fungal infections treatment,Prescription
Metformin,Antibiotic,Nasal Spray,1000mg,Bristol-Myers Squibb,Anxiety and panic disorders,Prescription
Pregabalin,Thyroid Hormone,Sublingual Tablet,5mg,Boehringer Ingelheim,Depression and anxiety disorders,Prescription
Trimethoprim,Anxiolytic/Benzodiazepine,Suppository,100mg,Novartis,Asthma and allergic rhinitis,Prescription
Pantoprazole,Thyroid Hormone,Nasal Spray,25mg,AstraZeneca,Inflammation and autoimmune disorders,Prescription
Ibuprofen,Antiplatelet,Chewable Tablet,500mg,Johnson & Johnson,Insomnia and sleep aid,Over-the-Counter
Diphenhydramine,Expectorant,Gel,400mg,Johnson & Johnson,Blood clot prevention,Over-the-Counter
Cetirizine,Cough Suppressant,Drops,200mg,Unilever,Minor wound infection prevention,Over-the-Counter
Loperamide,Decongestant,Gel,500mg,Unilever,Acne treatment,Over-the-Counter
Famotidine,Expectorant,Gel,200mg,Chattem,Skin inflammation and itching,Over-the-Counter
Prednisone,PPI,Topical Solution,200mg,Johnson & Johnson,Heart attack and stroke prevention,Prescription
Ibuprofen,Antacid/H2 Blocker,Cream,100mg,Pfizer,Pain relief and fever reduction,Over-the-Counter
Gabapentin,Opioid Analgesic,Suppository,2mg,Johnson & Johnson,Type 2 diabetes management,Prescription
Metformin,Opioid Analgesic,IV Infusion,1000mg,Bristol-Myers Squibb,Hypertension and heart failure,Prescription
Losartan,Calcium Channel Blocker,Capsule,1mg,Novartis,Hypertension and heart failure,Prescription
Atorvastatin,Thyroid Hormone,Liquid,50mg,Sanofi,Asthma and allergic rhinitis,Prescription
Cetirizine,Decongestant,Ointment,5mg,GSK,Motion sickness and nausea,Over-the-Counter
Magnesium Hydroxide,Acne Treatment,Lozenge,325mg,Johnson & Johnson,Insomnia and sleep aid,Over-the-Counter
Miconazole,Topical Corticosteroid,Gel,100mg,Pfizer,Gas and bloating relief,Over-the-Counter
Guaifenesin,Laxative,Drops,1%,Sanofi,Gas and bloating relief,Over-the-Counter
Oxycodone,Anxiolytic/Benzodiazepine,IV Infusion,100mcg,Sanofi,Hypertension and heart failure,Prescription
Naproxen,Antacid/H2 Blocker,Tablet,125mg,Reckitt,Heartburn and acid reflux,Over-the-Counter
Loratadine,Antiflatulent,Gel,500mg,3M Healthcare,Fungal skin infections,Over-the-Counter
Escitalopram,Statin,Inhaler,1000mg,Bristol-Myers Squibb,Asthma and bronchospasm,Prescription
Acetaminophen,Antiflatulent,Tablet,150mg,GSK,Minor cuts and skin protection,Over-the-Counter
Escitalopram,ARB,Patch,2mg,AstraZeneca,Type 2 diabetes management,Prescription
Prednisone,PPI,Topical Solution,5mg,Sanofi,Hypertension and heart failure,Prescription
Trimethoprim,Antidiabetic,Nasal Spray,20mg,Gilead Sciences,Hypertension management,Prescription
Lidocaine Cream,Analgesic,Tablet,500mg,Novartis,Fungal skin infections,Over-the-Counter
Clopidogrel,PPI,Patch,2mg,GlaxoSmithKline,Bacterial infections treatment,Prescription
Omeprazole,Antifungal,Chewable Tablet,1%,Sanofi,Chest congestion and mucus relief,Over-the-Counter
Escitalopram,PPI,Topical Solution,50mg,Boehringer Ingelheim,High cholesterol management,Prescription
Levothyroxine,Calcium Channel Blocker,Injection,50mcg,Amgen,Epilepsy and neuropathic pain,Prescription
Clopidogrel,Leukotriene Inhibitor,IV Infusion,250mg,Johnson & Johnson,Hypertension management,Prescription
Fluoxetine,Antidiabetic,Inhaler,20mg,Amgen,Hypertension and heart failure,Prescription
Loperamide,Sleep Aid,Liquid,50mg,Pfizer,Minor cuts and skin protection,Over-the-Counter
Clotrimazole,Antidiarrheal,Capsule,10mg,3M Healthcare,Chest congestion and mucus relief,Over-the-Counter
Alprazolam,Antidepressant/SSRI,Liquid,400mcg,GlaxoSmithKline,Fungal infections treatment,Prescription
Hydrocortisone Cream,Antacid/PPI,Drops,5%,Prestige Brands,Minor cuts and skin protection,Over-the-Counter
Prednisone,Opioid Analgesic,Nasal Spray,75mg,Novartis,High cholesterol management,Prescription
Atorvastatin,Beta Blocker,Liquid,1000mg,Pfizer,Inflammation and autoimmune disorders,Prescription
Calcium Carbonate,Antiemetic,Ointment,10mg,Reckitt,Nasal congestion relief,Over-the-Counter
Prednisone,Antiplatelet,Patch,0.5mg,AstraZeneca,Asthma and allergic rhinitis,Prescription
Aluminum Hydroxide,Expectorant,Chewable Tablet,10mg,GSK,Minor cuts and skin protection,Over-the-Counter
Metformin,Antiplatelet,Inhaler,10mg,Novartis,Heart attack and stroke prevention,Prescription
Hydrocodone,ARB,Liquid,5mg,Amgen,Epilepsy and neuropathic pain,Prescription
Atorvastatin,Anticonvulsant,Injection,50mg,Bristol-Myers Squibb,Heart attack and stroke prevention,Prescription
Amlodipine,Bronchodilator,Inhaler,0.25mg,Eli Lilly,Blood clot prevention,Prescription
Bismuth Subsalicylate,Antacid,Drops,10mg,Johnson & Johnson,Insomnia and sleep aid,Over-the-Counter
Prednisone,Anticonvulsant,Topical Solution,0.25mg,Johnson & Johnson,Epilepsy and neuropathic pain,Prescription
Hydrocodone,Antifungal,Injection,250mg,Sanofi,Epilepsy and neuropathic pain,Prescription
Ranitidine,Antiflatulent,Powder,20mg,Sanofi,Acne treatment,Over-the-Counter
Amlodipine,Corticosteroid,Sublingual Tablet,200mg,Roche,Depression and anxiety disorders,Prescription
Trimethoprim,ARB,Tablet,1mg,Roche,Hypertension and heart failure,Prescription
Loratadine,Antiplatelet,Ointment,325mg,3M Healthcare,Insomnia and sleep aid,Over-the-Counter
Pseudoephedrine,Topical Corticosteroid,Powder,25mg,Novartis,Heartburn and indigestion,Over-the-Counter
Pregabalin,Anticonvulsant,Tablet,150mg,AstraZeneca,Blood clot prevention,Prescription
Diphenhydramine,Antacid,Drops,325mg,Bayer,Insomnia and sleep aid,Over-the-Counter
Hydrocodone,ARB,Liquid,50mcg,Boehringer Ingelheim,Blood clot prevention,Prescription
Diphenhydramine,Acne Treatment,Chewable Tablet,5%,Unilever,Minor pain and itching relief,Over-the-Counter
Dexamethasone,Statin,Extended Release Tablet,50mg,GlaxoSmithKline,Bacterial infections treatment,Prescription
Docusate Sodium,Antacid/PPI,Patch,325mg,P&G,Insomnia and sleep aid,Over-the-Counter
Montelukast,Antiplatelet,Sublingual Tablet,150mg,Roche,Depression and anxiety disorders,Prescription
Metoprolol,PPI,Liquid,1000mg,Bristol-Myers Squibb,Asthma and bronchospasm,Prescription
Gabapentin,ARB,Injection,200mg,Johnson & Johnson,Edema and hypertension,Prescription
Calcium Carbonate,Antihistamine,Patch,250mg,Reckitt,Allergic rhinitis and hives,Over-the-Counter
Hydrocodone,Antidiabetic,Nasal Spray,2mg,AstraZeneca,Inflammation and autoimmune disorders,Prescription
Ciprofloxacin,Anxiolytic/Benzodiazepine,Topical Solution,2mg,Johnson & Johnson,GERD and peptic ulcer disease,Prescription
Azithromycin,PPI,Capsule,75mg,Sanofi,Hypertension management,Prescription
Magnesium Hydroxide,Sleep Aid,Drops,50mg,Sanofi,Constipation relief,Over-the-Counter
Alprazolam,Leukotriene Inhibitor,IV Infusion,75mg,Gilead Sciences,Asthma and bronchospasm,Prescription
Bismuth Subsalicylate,Acne Treatment,Drops,10mg,Johnson & Johnson,Pain relief and fever reduction,Over-the-Counter
Levothyroxine,Calcium Channel Blocker,Topical Solution,150mg,Pfizer,Moderate to severe pain management,Prescription
Aluminum Hydroxide,Antacid,Gel,50mg,Reckitt,Blood clot prevention,Over-the-Counter
Lidocaine Cream,Antacid,Gel,125mg,Sanofi,GERD and peptic ulcer,Over-the-Counter
Amoxicillin,Corticosteroid,Nasal Spray,75mg,Boehringer Ingelheim,Epilepsy and neuropathic pain,Prescription
Aspirin,Topical Anesthetic,Cream,400mg,Sanofi,Constipation relief,Over-the-Counter
Losartan,Leukotriene Inhibitor,Liquid,50mg,Bristol-Myers Squibb,Asthma and bronchospasm,Prescription
Clotrimazole,Acne Treatment,Liquid,200mg,GSK,Diarrhea treatment,Over-the-Counter
Montelukast,ARB,Nasal Spray,1000mg,Pfizer,Hypertension and heart failure,Prescription
Aluminum Hydroxide,Antidiarrheal,Spray,50mg,Reckitt,Chest congestion and mucus relief,Over-the-Counter
Benzoyl Peroxide,Skin Protectant,Lozenge,250mg,Unilever,Pain relief and fever reduction,Over-the-Counter
Loperamide,Acne Treatment,Patch,125mg,Unilever,Acne treatment,Over-the-Counter
Magnesium Hydroxide,Laxative,Powder,250mg,Johnson & Johnson,GERD and peptic ulcer,Over-the-Counter
Amoxicillin,Calcium Channel Blocker,Injection,0.25mg,Amgen,Inflammation and autoimmune disorders,Prescription
Oxycodone,Antidiabetic,IV Infusion,100mg,Abbott,Fungal infections treatment,Prescription
Lisinopril,ACE Inhibitor,Inhaler,0.5mg,Pfizer,Hypertension management,Prescription
Prednisone,Antiplatelet,Suppository,2mg,Gilead Sciences,High cholesterol management,Prescription
Oxycodone,Bronchodilator,Injection,200mg,Abbott,Heart attack and stroke prevention,Prescription
Amoxicillin,ARB,Tablet,100mg,Roche,Epilepsy and neuropathic pain,Prescription
Cetirizine,Skin Protectant,Cream,100mg,Sanofi,Heartburn and indigestion,Over-the-Counter
Escitalopram,Antibiotic,Inhaler,150mg,Amgen,Asthma and bronchospasm,Prescription
Cetirizine,Analgesic,Liquid,325mg,3M Healthcare,Constipation relief,Over-the-Counter
Metoprolol,Statin,Patch,50mg,Pfizer,Moderate to severe pain management,Prescription
Losartan,Antibiotic,Tablet,25mg,Sanofi,GERD and peptic ulcer disease,Prescription
Guaifenesin,Sleep Aid,Tablet,400mg,Johnson & Johnson,Minor wound infection prevention,Over-the-Counter
Hydrocodone,Anticoagulant,Extended Release Tablet,150mg,Eli Lilly,Epilepsy and neuropathic pain,Prescription
Furosemide,Anticonvulsant,IV Infusion,400mcg,Amgen,Moderate to severe pain management,Prescription
Levothyroxine,Anticoagulant,Extended Release Tablet,500mg,GlaxoSmithKline,Asthma and allergic rhinitis,Prescription
Lidocaine Cream,Antihistamine,Gel,5mg,3M Healthcare,Acne treatment,Over-the-Counter
Acetaminophen,Sleep Aid,Patch,10mg,3M Healthcare,Minor pain and itching relief,Over-the-Counter
Furosemide,Anticonvulsant,Tablet,1mg,AstraZeneca,Fungal infections treatment,Prescription
Dexamethasone,Calcium Channel Blocker,Liquid,200mcg,Roche,Hypertension management,Prescription
Fluoxetine,ARB,Capsule,250mg,Amgen,Hypertension and heart failure,Prescription
Amlodipine,PPI,Nasal Spray,10mg,Eli Lilly,High cholesterol management,Prescription
Salicylic Acid,Antifungal,Patch,25mg,Johnson & Johnson,Diarrhea treatment,Over-the-Counter
Metronidazole,Diuretic,Topical Solution,100mcg,AstraZeneca,Edema and hypertension,Prescription
Gabapentin,Thyroid Hormone,Patch,150mg,Johnson & Johnson,Bacterial infections treatment,Prescription
Montelukast,Anticonvulsant,Liquid,0.25mg,AstraZeneca,GERD and peptic ulcer disease,Prescription
Dexamethasone,Beta Blocker,Suppository,150mg,Eli Lilly,Anxiety and panic disorders,Prescription
Pantoprazole,Antidepressant/SSRI,Liquid,10mg,Merck,High cholesterol management,Prescription
Miconazole,Decongestant,Gel,150mg,Bayer,Insomnia and sleep aid,Over-the-Counter
Bismuth Subsalicylate,Antifungal,Powder,20mg,Pfizer,Pain relief and fever reduction,Over-the-Counter
Pregabalin,Diuretic,Tablet,500mg,Abbott,Type 2 diabetes management,Prescription
Metronidazole,Antidiabetic,IV Infusion,50mcg,Abbott,Inflammation and autoimmune disorders,Prescription
Cetirizine,Antiplatelet,Powder,200mg,Reckitt,Allergic rhinitis and hives,Over-the-Counter
Docusate Sodium,Antiflatulent,Powder,1%,Unilever,Blood clot prevention,Over-the-Counter
Clotrimazole,Antidiarrheal,Tablet,2%,Prestige Brands,Minor cuts and skin protection,Over-the-Counter
Atorvastatin,Antiplatelet,Inhaler,5mg,Roche,Hypertension and angina,Prescription
Metformin,Antiplatelet,Injection,200mg,Pfizer,Type 2 diabetes management,Prescription
Losartan,ACE Inhibitor,Tablet,0.25mg,Boehringer Ingelheim,Depression and anxiety disorders,Prescription
Acetaminophen,Antiemetic,Drops,5mg,Reckitt,GERD and peptic ulcer,Over-the-Counter
Levothyroxine,Diuretic,Sublingual Tablet,0.25mg,Boehringer Ingelheim,Inflammation and autoimmune disorders,Prescription
Alprazolam,Thyroid Hormone,Nasal Spray,400mcg,Bristol-Myers Squibb,Epilepsy and neuropathic pain,Prescription
Fluoxetine,Calcium Channel Blocker,Patch,500mg,GlaxoSmithKline,Asthma and bronchospasm,Prescription
Pantoprazole,Statin,Inhaler,1000mg,Bristol-Myers Squibb,Heart attack and stroke prevention,Prescription
Clotrimazole,Sleep Aid,Gel,325mg,GSK,Minor cuts and skin protection,Over-the-Counter
Warfarin,ACE Inhibitor,Suppository,1mg,Merck,Depression and anxiety disorders,Prescription
Ciprofloxacin,Leukotriene Inhibitor,IV Infusion,0.25mg,Merck,Hypertension and angina,Prescription
Gabapentin,ACE Inhibitor,Patch,10mg,Eli Lilly,Asthma and bronchospasm,Prescription
Azithromycin,Antiplatelet,Inhaler,50mg,Pfizer,Depression and anxiety disorders,Prescription
Doxycycline,PPI,Topical Solution,200mcg,AstraZeneca,Bacterial infections treatment,Prescription
Pantoprazole,Antifungal,Patch,25mg,Eli Lilly,Inflammation and autoimmune disorders,Prescription
Pseudoephedrine,Cough Suppressant,Capsule,5%,Bayer,Minor wound infection prevention,Over-the-Counter
Lisinopril,ARB,Injection,0.5mg,GlaxoSmithKline,Asthma and allergic rhinitis,Prescription
Losartan,Statin,Injection,200mcg,AstraZeneca,Hypertension management,Prescription
Pregabalin,Antifungal,Injection,200mcg,AstraZeneca,Hypertension management,Prescription
Benzoyl Peroxide,Skin Protectant,Chewable Tablet,325mg,3M Healthcare,Cough suppression,Over-the-Counter
Levothyroxine,PPI,Capsule,500mg,AstraZeneca,Epilepsy and neuropathic pain,Prescription
Meclizine,Laxative,Gel,5mg,P&G,Nasal congestion relief,Over-the-Counter
Guaifenesin,Antiplatelet,Ointment,20mg,Sanofi,Constipation relief,Over-the-Counter
Simethicone,Topical Anesthetic,Powder,10mg,Novartis,Insomnia and sleep aid,Over-the-Counter
Bismuth Subsalicylate,Topical Antibiotic,Chewable Tablet,20mg,Prestige Brands,Allergic rhinitis and hives,Over-the-Counter
Dexamethasone,Anxiolytic/Benzodiazepine,Patch,5mg,GlaxoSmithKline,Hypertension management,Prescription
Levothyroxine,Corticosteroid,IV Infusion,1mg,Gilead Sciences,Fungal infections treatment,Prescription
Aspirin,Topical Antibiotic,Spray,100mg,3M Healthcare,Blood clot prevention,Over-the-Counter
Gabapentin,Calcium Channel Blocker,Capsule,20mg,Pfizer,Hypertension and heart failure,Prescription
Sertraline,Thyroid Hormone,Injection,75mg,Bristol-Myers Squibb,Type 2 diabetes management,Prescription
Meclizine,Antifungal,Patch,100mg,3M Healthcare,Minor pain and itching relief,Over-the-Counter
Miconazole,Decongestant,Liquid,250mg,Prestige Brands,Minor pain and itching relief,Over-the-Counter
Benzoyl Peroxide,Antifungal,Patch,150mg,Bayer,Diarrhea treatment,Over-the-Counter
Loratadine,Topical Antibiotic,Gel,1%,Pfizer,Acne treatment,Over-the-Counter
Pregabalin,Leukotriene Inhibitor,Tablet,20mg,Pfizer,Fungal infections treatment,Prescription
Hydrocodone,Anticonvulsant,Inhaler,1mg,Novartis,Blood clot prevention,Prescription
Cetirizine,Antacid/H2 Blocker,Cream,125mg,GSK,Skin inflammation and itching,Over-the-Counter
Calcium Carbonate,Laxative,Chewable Tablet,150mg,Johnson & Johnson,Chest congestion and mucus relief,Over-the-Counter
Loperamide,Cough Suppressant,Spray,325mg,Sanofi,Pain relief and fever reduction,Over-the-Counter
Prednisone,ARB,Nasal Spray,250mg,Novartis,Hypertension and heart failure,Prescription
Albuterol,Anticoagulant,Inhaler,200mcg,AstraZeneca,Hypertension and angina,Prescription
Magnesium Hydroxide,Acne Treatment,Gel,500mg,3M Healthcare,Blood clot prevention,Over-the-Counter
Oxycodone,ACE Inhibitor,Nasal Spray,200mcg,Pfizer,Hypertension and angina,Prescription
Fluoxetine,Leukotriene Inhibitor,Sublingual Tablet,50mg,Eli Lilly,Hypothyroidism treatment,Prescription
Pregabalin,PPI,Inhaler,250mg,Pfizer,Asthma and allergic rhinitis,Prescription
Lisinopril,ACE Inhibitor,Topical Solution,250mg,GlaxoSmithKline,Moderate to severe pain management,Prescription
Azithromycin,Antiplatelet,Tablet,0.5mg,Novartis,Hypertension and angina,Prescription
Loperamide,Antiplatelet,Cream,250mg,Bayer,Motion sickness and nausea,Over-the-Counter
Pseudoephedrine,Topical Corticosteroid,Chewable Tablet,400mg,Unilever,Nasal congestion relief,Over-the-Counter
Pseudoephedrine,Cough Suppressant,Powder,1%,Unilever,Diarrhea treatment,Over-the-Counter
Pseudoephedrine,Topical Corticosteroid,Chewable Tablet,400mg,GSK,Allergic rhinitis and hives,Over-the-Counter
Azithromycin,Antibiotic,Injection,20mg,Johnson & Johnson,Hypertension and heart failure,Prescription
Losartan,Anxiolytic/Benzodiazepine,Capsule,200mcg,Boehringer Ingelheim,Hypertension and heart failure,Prescription
Famotidine,Acne Treatment,Tablet,5%,Bayer,Motion sickness and nausea,Over-the-Counter
Sertraline,Beta Blocker,Tablet,25mg,Bristol-Myers Squibb,Anxiety and panic disorders,Prescription
Pregabalin,Corticosteroid,Inhaler,20mg,Boehringer Ingelheim,Asthma and allergic rhinitis,Prescription
Losartan,Beta Blocker,Topical Solution,1mg,Eli Lilly,Anxiety and panic disorders,Prescription
Cetirizine,Antiemetic,Liquid,5mg,Reckitt,GERD and peptic ulcer,Over-the-Counter
Benzoyl Peroxide,Topical Anesthetic,Chewable Tablet,100mg,Bayer,Chest congestion and mucus relief,Over-the-Counter
Naproxen,Antihistamine,Cream,250mg,GSK,Minor pain and itching relief,Over-the-Counter
Hydrocortisone Cream,Antacid/H2 Blocker,Drops,125mg,GSK,Allergic rhinitis and hives,Over-the-Counter
Atorvastatin,Leukotriene Inhibitor,Extended Release Tablet,1mg,Johnson & Johnson,Bacterial infections treatment,Prescription
Simethicone,Antidiarrheal,Chewable Tablet,50mg,3M Healthcare,Minor pain and itching relief,Over-the-Counter
Aluminum Hydroxide,Decongestant,Drops,25mg,Chattem,Acne treatment,Over-the-Counter
Omeprazole,Topical Anesthetic,Lozenge,500mg,Pfizer,Pain relief and fever reduction,Over-the-Counter
Cetirizine,Antiemetic,Spray,5%,P&G,Cough suppression,Over-the-Counter
Calcium Carbonate,Acne Treatment,Drops,200mg,Johnson & Johnson,Acne treatment,Over-the-Counter
Oxycodone,Antiplatelet,Liquid,25mg,Novartis,Asthma and bronchospasm,Prescription
Aluminum Hydroxide,Decongestant,Powder,250mg,Sanofi,Heartburn and acid reflux,Over-the-Counter
Metronidazole,PPI,Topical Solution,200mg,Gilead Sciences,Hypothyroidism treatment,Prescription
Losartan,Calcium Channel Blocker,Patch,2mg,Amgen,Edema and hypertension,Prescription
Ciprofloxacin,ACE Inhibitor,Liquid,10mg,Abbott,Hypertension and heart failure,Prescription
Dextromethorphan,Antacid/H2 Blocker,Patch,250mg,Unilever,Minor wound infection prevention,Over-the-Counter
Prednisone,PPI,Liquid,200mcg,Abbott,Bacterial infections treatment,Prescription
Diphenhydramine,Skin Protectant,Drops,325mg,Unilever,Chest congestion and mucus relief,Over-the-Counter
Atorvastatin,Beta Blocker,Tablet,1mg,Merck,GERD and peptic ulcer disease,Prescription
Amlodipine,Antidiabetic,Liquid,5mg,Roche,Hypertension and heart failure,Prescription
Omeprazole,Expectorant,Cream,50mg,Bayer,Pain relief and fever reduction,Over-the-Counter
Loratadine,Antidiarrheal,Lozenge,50mg,Pfizer,Heartburn and acid reflux,Over-the-Counter
Ranitidine,Topical Antibiotic,Cream,20mg,Novartis,Blood clot prevention,Over-the-Counter
Losartan,Diuretic,Patch,75mg,Gilead Sciences,Heart attack and stroke prevention,Prescription
Diphenhydramine,Topical Anesthetic,Capsule,250mg,Johnson & Johnson,Minor wound infection prevention,Over-the-Counter
Calcium Carbonate,Antacid/PPI,Patch,10mg,Bayer,Minor wound infection prevention,Over-the-Counter
Alprazolam,Opioid Analgesic,Sublingual Tablet,100mg,Merck,GERD and peptic ulcer disease,Prescription
Doxycycline,Corticosteroid,Extended Release Tablet,2mg,Sanofi,Inflammation and autoimmune disorders,Prescription
Omeprazole,Antidiarrheal,Spray,200mg,3M Healthcare,Motion sickness and nausea,Over-the-Counter
Furosemide,Diuretic,Suppository,100mcg,Pfizer,Moderate to severe pain management,Prescription
Amlodipine,Diuretic,Topical Solution,50mcg,Bristol-Myers Squibb,Edema and hypertension,Prescription
Guaifenesin,Analgesic,Lozenge,100mg,Bayer,Acne treatment,Over-the-Counter
Loperamide,Antihistamine,Spray,100mg,Pfizer,Motion sickness and nausea,Over-the-Counter
Loratadine,Antiplatelet,Liquid,100mg,Bayer,Pain relief and fever reduction,Over-the-Counter
Amlodipine,Bronchodilator,Suppository,50mg,Abbott,Heart attack and stroke prevention,Prescription
Clotrimazole,Topical Corticosteroid,Chewable Tablet,20mg,P&G,Constipation relief,Over-the-Counter
Ranitidine,Antacid/PPI,Patch,20mg,Johnson & Johnson,Motion sickness and nausea,Over-the-Counter
Furosemide,Statin,Inhaler,0.5mg,Roche,Hypertension management,Prescription
Sertraline,Opioid Analgesic,Sublingual Tablet,250mg,Novartis,Asthma and allergic rhinitis,Prescription
Simethicone,Topical Anesthetic,Patch,25mg,Unilever,Fungal skin infections,Over-the-Counter
Atorvastatin,ACE Inhibitor,Capsule,200mg,Amgen,Heart attack and stroke prevention,Prescription
Docusate Sodium,Antacid/H2 Blocker,Lozenge,150mg,Sanofi,Heartburn and acid reflux,Over-the-Counter
Dextromethorphan,Antiplatelet,Spray,150mg,Sanofi,GERD and peptic ulcer,Over-the-Counter
Alprazolam,Thyroid Hormone,Sublingual Tablet,400mcg,Abbott,Asthma and allergic rhinitis,Prescription
Loratadine,Antacid/H2 Blocker,Drops,400mg,Pfizer,Diarrhea treatment,Over-the-Counter
Gabapentin,Thyroid Hormone,Patch,10mg,Eli Lilly,Fungal infections treatment,Prescription
Hydrocortisone Cream,Skin Protectant,Spray,100mg,Prestige Brands,GERD and peptic ulcer,Over-the-Counter
Loperamide,Expectorant,Chewable Tablet,125mg,P&G,Fungal skin infections,Over-the-Counter
Calcium Carbonate,Antiemetic,Gel,250mg,Unilever,Fungal skin infections,Over-the-Counter
Calcium Carbonate,Sleep Aid,Ointment,1%,Novartis,Acne treatment,Over-the-Counter
Ibuprofen,Topical Corticosteroid,Spray,5mg,Novartis,Pain relief and fever reduction,Over-the-Counter
Metformin,Anticoagulant,Sublingual Tablet,20mg,Merck,Inflammation and autoimmune disorders,Prescription
Acetaminophen,Antacid/PPI,Ointment,5mg,3M Healthcare,Allergic rhinitis and hives,Over-the-Counter
Amlodipine,Anxiolytic/Benzodiazepine,Capsule,1000mg,Johnson & Johnson,Asthma and allergic rhinitis,Prescription
Hydrocortisone Cream,Antihistamine,Tablet,150mg,Novartis,Minor cuts and skin protection,Over-the-Counter
Furosemide,Bronchodilator,Patch,1000mg,Merck,Epilepsy and neuropathic pain,Prescription
Clopidogrel,Opioid Analgesic,Extended Release Tablet,1000mg,AstraZeneca,Depression and anxiety disorders,Prescription
Guaifenesin,Sleep Aid,Powder,5mg,GSK,Heartburn and indigestion,Over-the-Counter
Acetaminophen,Antidiarrheal,Liquid,500mg,Unilever,Fungal skin infections,Over-the-Counter
Metoprolol,Opioid Analgesic,IV Infusion,250mg,GlaxoSmithKline,High cholesterol management,Prescription
Metoprolol,Antiplatelet,Inhaler,500mg,Johnson & Johnson,Blood clot prevention,Prescription
Azithromycin,Diuretic,Capsule,2mg,Gilead Sciences,Depression and anxiety disorders,Prescription
Warfarin,Thyroid Hormone,Extended Release Tablet,75mg,Bristol-Myers Squibb,Anxiety and panic disorders,Prescription
Dextromethorphan,Antiemetic,Liquid,200mg,Johnson & Johnson,Insomnia and sleep aid,Over-the-Counter
Dexamethasone,Corticosteroid,Inhaler,200mg,Novartis,Hypertension and heart failure,Prescription
Montelukast,Corticosteroid,Patch,25mg,Amgen,Depression and anxiety disorders,Prescription
Escitalopram,Anticoagulant,Nasal Spray,100mg,Roche,Asthma and allergic rhinitis,Prescription
Simethicone,Topical Anesthetic,Ointment,400mg,Bayer,GERD and peptic ulcer,Over-the-Counter
Trimethoprim,Calcium Channel Blocker,Sublingual Tablet,25mg,AstraZeneca,GERD and peptic ulcer disease,Prescription
Azithromycin,Antifungal,Liquid,5mg,Eli Lilly,Anxiety and panic disorders,Prescription
Ibuprofen,Antiflatulent,Drops,325mg,Chattem,Constipation relief,Over-the-Counter
Ranitidine,Topical Corticosteroid,Powder,100mg,Novartis,Pain relief and fever reduction,Over-the-Counter
Aluminum Hydroxide,Antacid/PPI,Liquid,20mg,GSK,Blood clot prevention,Over-the-Counter
Pseudoephedrine,Antihistamine,Lozenge,25mg,Chattem,Heartburn and acid reflux,Over-the-Counter
Aluminum Hydroxide,Topical Anesthetic,Cream,5mg,3M Healthcare,Fungal skin infections,Over-the-Counter
Naproxen,Topical Anesthetic,Chewable Tablet,250mg,GSK,GERD and peptic ulcer,Over-the-Counter
Gabapentin,PPI,Extended Release Tablet,100mg,Sanofi,Inflammation and autoimmune disorders,Prescription
Bacitracin,Topical Anesthetic,Drops,250mg,Unilever,Diarrhea treatment,Over-the-Counter
Pantoprazole,Opioid Analgesic,Inhaler,20mg,Johnson & Johnson,Asthma and bronchospasm,Prescription
Doxycycline,Antiplatelet,Capsule,1000mg,Abbott,Hypertension management,Prescription
Aspirin,Antiflatulent,Patch,2%,Reckitt,Fungal skin infections,Over-the-Counter
Clindamycin,Leukotriene Inhibitor,Tablet,250mg,Gilead Sciences,GERD and peptic ulcer disease,Prescription
Clopidogrel,Statin,Tablet,25mg,Eli Lilly,GERD and peptic ulcer disease,Prescription
Metoprolol,ACE Inhibitor,Nasal Spray,2mg,Johnson & Johnson,Hypertension management,Prescription
Aspirin,Sleep Aid,Cream,5mg,Novartis,Heartburn and indigestion,Over-the-Counter
Pseudoephedrine,Laxative,Capsule,200mg,Johnson & Johnson,Gas and bloating relief,Over-the-Counter
Loratadine,Antidiarrheal,Tablet,10mg,3M Healthcare,Minor pain and itching relief,Over-the-Counter
Loperamide,Laxative,Cream,250mg,Bayer,Cough suppression,Over-the-Counter
Warfarin,Anticoagulant,Nasal Spray,1mg,Abbott,Hypertension and angina,Prescription
Trimethoprim,Beta Blocker,Inhaler,100mg,GlaxoSmithKline,Asthma and allergic rhinitis,Prescription
Fluoxetine,Anxiolytic/Benzodiazepine,Tablet,50mcg,AstraZeneca,Bacterial infections treatment,Prescription
Simethicone,Sleep Aid,Powder,20mg,Pfizer,Blood clot prevention,Over-the-Counter
Escitalopram,Calcium Channel Blocker,Tablet,200mcg,Merck,Hypertension management,Prescription
Famotidine,Antihistamine,Patch,5mg,P&G,Minor cuts and skin protection,Over-the-Counter
Clotrimazole,Antacid/PPI,Capsule,200mg,Prestige Brands,Blood clot prevention,Over-the-Counter
Calcium Carbonate,Antihistamine,Drops,5%,GSK,Skin inflammation and itching,Over-the-Counter
Sertraline,Statin,Nasal Spray,1000mg,Eli Lilly,Inflammation and autoimmune disorders,Prescription
Escitalopram,Antidiabetic,Extended Release Tablet,5mg,GlaxoSmithKline,Heart attack and stroke prevention,Prescription
Aspirin,Sleep Aid,Lozenge,200mg,Chattem,Minor wound infection prevention,Over-the-Counter
Benzoyl Peroxide,Topical Antibiotic,Chewable Tablet,150mg,Johnson & Johnson,Minor pain and itching relief,Over-the-Counter
Azithromycin,Antidiabetic,Inhaler,100mg,Roche,Inflammation and autoimmune disorders,Prescription
Gabapentin,Anticoagulant,Tablet,10mg,Amgen,GERD and peptic ulcer disease,Prescription
Metformin,Antidiabetic,Injection,20mg,Abbott,Type 2 diabetes management,Prescription
Neosporin,Cough Suppressant,Chewable Tablet,10mg,Johnson & Johnson,Acne treatment,Over-the-Counter
Alprazolam,Antidepressant/SSRI,Tablet,250mg,Pfizer,Edema and hypertension,Prescription
Doxycycline,Bronchodilator,Liquid,0.5mg,Pfizer,Epilepsy and neuropathic pain,Prescription
Trimethoprim,ACE Inhibitor,Capsule,20mg,Novartis,Edema and hypertension,Prescription
Bismuth Subsalicylate,Antifungal,Chewable Tablet,325mg,Johnson & Johnson,Heartburn and acid reflux,Over-the-Counter
Metformin,Anticonvulsant,Sublingual Tablet,1000mg,Pfizer,Depression and anxiety disorders,Prescription
Levothyroxine,Statin,IV Infusion,200mg,Boehringer Ingelheim,Epilepsy and neuropathic pain,Prescription
Pregabalin,Corticosteroid,Nasal Spray,100mcg,Pfizer,Bacterial infections treatment,Prescription
Neosporin,Antacid/H2 Blocker,Spray,400mg,Bayer,Minor pain and itching relief,Over-the-Counter
Lisinopril,Thyroid Hormone,Topical Solution,25mg,Bristol-Myers Squibb,Hypothyroidism treatment,Prescription
Guaifenesin,Skin Protectant,Spray,325mg,Reckitt,Cough suppression,Over-the-Counter
Diphenhydramine,Topical Antibiotic,Ointment,5mg,Sanofi,Heartburn and acid reflux,Over-the-Counter
Metoprolol,Anxiolytic/Benzodiazepine,IV Infusion,200mg,Pfizer,Moderate to severe pain management,Prescription
Trimethoprim,Antiplatelet,Sublingual Tablet,250mg,Gilead Sciences,Depression and anxiety disorders,Prescription
Sertraline,Antibiotic,Injection,100mcg,Abbott,Hypertension and heart failure,Prescription
Gabapentin,Statin,Sublingual Tablet,100mcg,Bristol-Myers Squibb,Blood clot prevention,Prescription
Metoprolol,Antibiotic,Sublingual Tablet,150mg,GlaxoSmithKline,High cholesterol management,Prescription
Ibuprofen,Decongestant,Drops,200mg,Reckitt,Skin inflammation and itching,Over-the-Counter
Ciprofloxacin,ARB,Tablet,10mg,Merck,Asthma and bronchospasm,Prescription
Benzoyl Peroxide,Cough Suppressant,Chewable Tablet,150mg,3M Healthcare,Heartburn and indigestion,Over-the-Counter
Lisinopril,Calcium Channel Blocker,Capsule,5mg,Abbott,Asthma and bronchospasm,Prescription
Omeprazole,Expectorant,Drops,100mg,Novartis,Chest congestion and mucus relief,Over-the-Counter
Clotrimazole,Decongestant,Tablet,5mg,GSK,Constipation relief,Over-the-Counter
Azithromycin,Beta Blocker,Injection,400mcg,Pfizer,Asthma and allergic rhinitis,Prescription
Montelukast,Antidepressant/SSRI,Topical Solution,100mcg,AstraZeneca,High cholesterol management,Prescription
Alprazolam,Antifungal,Nasal Spray,1000mg,Abbott,Moderate to severe pain management,Prescription
Dexamethasone,Statin,Liquid,10mg,Boehringer Ingelheim,Heart attack and stroke prevention,Prescription
Benzoyl Peroxide,Antacid/PPI,Tablet,150mg,GSK,Diarrhea treatment,Over-the-Counter
Magnesium Hydroxide,Topical Antibiotic,Gel,20mg,Reckitt,Insomnia and sleep aid,Over-the-Counter
Alprazolam,Anticonvulsant,Patch,75mg,Novartis,Hypertension and angina,Prescription
Loperamide,Topical Anesthetic,Gel,50mg,P&G,Minor pain and itching relief,Over-the-Counter
Hydrocortisone Cream,Laxative,Ointment,100mg,Reckitt,Allergic rhinitis and hives,Over-the-Counter
Warfarin,Opioid Analgesic,Nasal Spray,100mcg,Novartis,Edema and hypertension,Prescription
Pantoprazole,Opioid Analgesic,Injection,75mg,Amgen,Bacterial infections treatment,Prescription
Hydrocodone,Antibiotic,Capsule,400mcg,Pfizer,Blood clot prevention,Prescription
Hydrocortisone Cream,Antacid/PPI,Capsule,100mg,Chattem,Heartburn and acid reflux,Over-the-Counter
Clindamycin,Beta Blocker,Inhaler,250mg,Merck,Asthma and allergic rhinitis,Prescription
Acetaminophen,Skin Protectant,Ointment,10mg,Pfizer,Chest congestion and mucus relief,Over-the-Counter
Dexamethasone,Antifungal,Injection,25mg,Roche,Hypertension and angina,Prescription
Omeprazole,Analgesic,Ointment,10mg,Johnson & Johnson,Acne treatment,Over-the-Counter
Hydrocortisone Cream,Antiemetic,Capsule,200mg,Chattem,Fungal skin infections,Over-the-Counter
Lidocaine Cream,Sleep Aid,Liquid,50mg,Johnson & Johnson,Constipation relief,Over-the-Counter
Escitalopram,Antidiabetic,Capsule,75mg,Roche,Asthma and allergic rhinitis,Prescription
Benzoyl Peroxide,Antiplatelet,Gel,100mg,Unilever,Nasal congestion relief,Over-the-Counter
Lisinopril,Antidepressant/SSRI,Tablet,20mg,Sanofi,Moderate to severe pain management,Prescription
Acetaminophen,Topical Anesthetic,Liquid,2%,Reckitt,Heartburn and acid reflux,Over-the-Counter
Ibuprofen,Expectorant,Tablet,400mg,Unilever,Fungal skin infections,Over-the-Counter
Aspirin,Topical Anesthetic,Chewable Tablet,1%,Chattem,Cough suppression,Over-the-Counter
Bacitracin,Antidiarrheal,Tablet,1%,Prestige Brands,Minor pain and itching relief,Over-the-Counter
Aluminum Hydroxide,Laxative,Ointment,150mg,GSK,Minor pain and itching relief,Over-the-Counter
Pseudoephedrine,Topical Antibiotic,Gel,1%,Sanofi,Allergic rhinitis and hives,Over-the-Counter
Cetirizine,Acne Treatment,Spray,400mg,Novartis,Blood clot prevention,Over-the-Counter
Metoprolol,Anxiolytic/Benzodiazepine,Sublingual Tablet,1000mg,GlaxoSmithKline,Hypertension management,Prescription
Benzoyl Peroxide,Cough Suppressant,Ointment,250mg,GSK,Fungal skin infections,Over-the-Counter
Atorvastatin,Leukotriene Inhibitor,Tablet,75mg,Bristol-Myers Squibb,Edema and hypertension,Prescription
Guaifenesin,Antacid,Cream,10mg,Bayer,Minor cuts and skin protection,Over-the-Counter
Metronidazole,Antibiotic,Tablet,10mg,Johnson & Johnson,Blood clot prevention,Prescription
Ciprofloxacin,ACE Inhibitor,Capsule,25mg,AstraZeneca,Asthma and allergic rhinitis,Prescription
Levothyroxine,Antiplatelet,Tablet,5mg,AstraZeneca,High cholesterol management,Prescription
Guaifenesin,Decongestant,Capsule,150mg,Chattem,Heartburn and indigestion,Over-the-Counter
Lisinopril,Anticonvulsant,IV Infusion,75mg,Novartis,Hypertension and angina,Prescription
Guaifenesin,Analgesic,Gel,325mg,Bayer,Constipation relief,Over-the-Counter
Famotidine,Topical Antibiotic,Tablet,50mg,Pfizer,Fungal skin infections,Over-the-Counter
Bismuth Subsalicylate,Antacid,Spray,125mg,Reckitt,Motion sickness and nausea,Over-the-Counter
Diphenhydramine,Topical Corticosteroid,Patch,1%,Novartis,Heartburn and acid reflux,Over-the-Counter
Naproxen,Topical Anesthetic,Spray,20mg,Pfizer,Minor cuts and skin protection,Over-the-Counter
Ibuprofen,Antidiarrheal,Gel,325mg,Pfizer,Minor wound infection prevention,Over-the-Counter
Pseudoephedrine,Cough Suppressant,Drops,150mg,Sanofi,Insomnia and sleep aid,Over-the-Counter
Amlodipine,Statin,Inhaler,500mg,Amgen,Fungal infections treatment,Prescription
Oxycodone,Antidepressant/SSRI,Tablet,500mg,AstraZeneca,Type 2 diabetes management,Prescription
Lisinopril,PPI,Sublingual Tablet,400mcg,Novartis,Fungal infections treatment,Prescription
Salicylic Acid,Decongestant,Ointment,250mg,GSK,Allergic rhinitis and hives,Over-the-Counter
Amlodipine,Anxiolytic/Benzodiazepine,IV Infusion,75mg,Sanofi,Bacterial infections treatment,Prescription
Warfarin,ACE Inhibitor,Injection,1mg,Boehringer Ingelheim,Type 2 diabetes management,Prescription
Calcium Carbonate,Antifungal,Drops,2%,GSK,Allergic rhinitis and hives,Over-the-Counter
Benzoyl Peroxide,Antacid,Capsule,200mg,Bayer,Heartburn and acid reflux,Over-the-Counter
Acetaminophen,Expectorant,Tablet,150mg,Reckitt,Heartburn and indigestion,Over-the-Counter
Prednisone,Anticonvulsant,Extended Release Tablet,200mg,Roche,Blood clot prevention,Prescription
Prednisone,Diuretic,Capsule,20mg,Sanofi,Inflammation and autoimmune disorders,Prescription
Losartan,PPI,Liquid,500mg,Roche,Epilepsy and neuropathic pain,Prescription
Furosemide,Diuretic,Sublingual Tablet,200mcg,Merck,Hypertension and heart failure,Prescription
Levothyroxine,Beta Blocker,IV Infusion,50mcg,Bristol-Myers Squibb,GERD and peptic ulcer disease,Prescription
Levothyroxine,Diuretic,Topical Solution,20mg,Merck,Heart attack and stroke prevention,Prescription
Dexamethasone,Statin,Sublingual Tablet,20mg,Sanofi,Hypertension management,Prescription
Escitalopram,PPI,Patch,200mcg,Sanofi,Fungal infections treatment,Prescription
Clotrimazole,Cough Suppressant,Patch,5%,Bayer,Minor pain and itching relief,Over-the-Counter
Clindamycin,Antifungal,Liquid,5mg,Abbott,Depression and anxiety disorders,Prescription
Azithromycin,Anticonvulsant,Topical Solution,250mg,Boehringer Ingelheim,Fungal infections treatment,Prescription
Loratadine,Antacid/H2 Blocker,Tablet,20mg,Johnson & Johnson,Diarrhea treatment,Over-the-Counter
Prednisone,ACE Inhibitor,Inhaler,250mg,Novartis,Epilepsy and neuropathic pain,Prescription
Clotrimazole,Cough Suppressant,Drops,20mg,3M Healthcare,Cough suppression,Over-the-Counter
Clopidogrel,Antidepressant/SSRI,Tablet,0.25mg,Novartis,Hypertension and angina,Prescription
Loratadine,Antiflatulent,Tablet,125mg,Reckitt,Fungal skin infections,Over-the-Counter
Zinc Oxide,Antiplatelet,Liquid,25mg,Chattem,Heartburn and acid reflux,Over-the-Counter
Ibuprofen,Topical Anesthetic,Chewable Tablet,10mg,Unilever,Chest congestion and mucus relief,Over-the-Counter
Aluminum Hydroxide,Antiplatelet,Patch,250mg,GSK,Heartburn and acid reflux,Over-the-Counter
Sertraline,Antidiabetic,Topical Solution,10mg,GlaxoSmithKline,Inflammation and autoimmune disorders,Prescription
Albuterol,Diuretic,Inhaler,0.25mg,Abbott,Type 2 diabetes management,Prescription
Clotrimazole,Antifungal,Lozenge,5%,Sanofi,Allergic rhinitis and hives,Over-the-Counter
Amlodipine,Bronchodilator,Inhaler,150mg,Novartis,Depression and anxiety disorders,Prescription
Meclizine,Sleep Aid,Cream,325mg,Reckitt,Allergic rhinitis and hives,Over-the-Counter
Aspirin,Antacid,Capsule,25mg,Sanofi,Minor cuts and skin protection,Over-the-Counter
Azithromycin,Calcium Channel Blocker,Capsule,50mcg,Roche,Hypertension and heart failure,Prescription
Ciprofloxacin,Leukotriene Inhibitor,Liquid,25mg,Bristol-Myers Squibb,Heart attack and stroke prevention,Prescription
Fluoxetine,PPI,Suppository,250mg,Boehringer Ingelheim,Inflammation and autoimmune disorders,Prescription
Ibuprofen,Topical Anesthetic,Tablet,50mg,Novartis,Minor pain and itching relief,Over-the-Counter
Aspirin,Antiflatulent,Powder,50mg,Bayer,Heartburn and indigestion,Over-the-Counter
Hydrocodone,PPI,Capsule,1000mg,Bristol-Myers Squibb,Type 2 diabetes management,Prescription
Bismuth Subsalicylate,Cough Suppressant,Liquid,1%,Pfizer,Heartburn and acid reflux,Over-the-Counter
Amlodipine,Anticoagulant,Patch,250mg,Merck,GERD and peptic ulcer disease,Prescription
Neosporin,Expectorant,Cream,20mg,Novartis,Minor pain and itching relief,Over-the-Counter
Alprazolam,Antidepressant/SSRI,Patch,20mg,Eli Lilly,Moderate to severe pain management,Prescription
Famotidine,Analgesic,Patch,250mg,GSK,Pain relief and fever reduction,Over-the-Counter
Miconazole,Antiemetic,Liquid,325mg,Reckitt,Acne treatment,Over-the-Counter
Ciprofloxacin,Thyroid Hormone,Nasal Spray,0.25mg,Amgen,Hypertension and heart failure,Prescription
Montelukast,Beta Blocker,Patch,150mg,AstraZeneca,Type 2 diabetes management,Prescription
Bismuth Subsalicylate,Cough Suppressant,Spray,5mg,GSK,Insomnia and sleep aid,Over-the-Counter
Metformin,Corticosteroid,Topical Solution,25mg,Roche,Hypertension and heart failure,Prescription
Alprazolam,Opioid Analgesic,Liquid,200mcg,Sanofi,Epilepsy and neuropathic pain,Prescription
Alprazolam,Antiplatelet,Injection,25mg,Bristol-Myers Squibb,Hypothyroidism treatment,Prescription
Levothyroxine,ACE Inhibitor,Tablet,150mg,Johnson & Johnson,Depression and anxiety disorders,Prescription
Alprazolam,Antifungal,Injection,50mg,Abbott,Bacterial infections treatment,Prescription
Ciprofloxacin,ACE Inhibitor,Extended Release Tablet,1000mg,Boehringer Ingelheim,High cholesterol management,Prescription
Sertraline,Antiplatelet,Suppository,50mcg,Roche,GERD and peptic ulcer disease,Prescription
Dextromethorphan,Analgesic,Spray,325mg,Chattem,Pain relief and fever reduction,Over-the-Counter
Docusate Sodium,Skin Protectant,Tablet,2%,Sanofi,Heartburn and indigestion,Over-the-Counter
Acetaminophen,Antifungal,Patch,150mg,GSK,Insomnia and sleep aid,Over-the-Counter
Meclizine,Topical Antibiotic,Spray,400mg,P&G,Diarrhea treatment,Over-the-Counter
Ciprofloxacin,Opioid Analgesic,Patch,1mg,Merck,Asthma and allergic rhinitis,Prescription
Levothyroxine,Antifungal,Extended Release Tablet,200mg,Novartis,Inflammation and autoimmune disorders,Prescription
Pantoprazole,ACE Inhibitor,Extended Release Tablet,50mg,Novartis,Heart attack and stroke prevention,Prescription
Losartan,Anticonvulsant,Inhaler,500mg,Boehringer Ingelheim,Fungal infections treatment,Prescription
Metoprolol,Antifungal,Suppository,500mg,Amgen,High cholesterol management,Prescription
Clindamycin,Beta Blocker,Capsule,20mg,AstraZeneca,High cholesterol management,Prescription
Albuterol,Bronchodilator,Extended Release Tablet,50mcg,Amgen,Hypertension and heart failure,Prescription
Meclizine,Skin Protectant,Lozenge,200mg,Bayer,Acne treatment,Over-the-Counter
Escitalopram,PPI,Patch,2mg,Roche,Fungal infections treatment,Prescription
Pregabalin,Bronchodilator,Nasal Spray,250mg,Abbott,Epilepsy and neuropathic pain,Prescription
Ciprofloxacin,Antiplatelet,Sublingual Tablet,500mg,Merck,Edema and hypertension,Prescription
Loratadine,Antihistamine,Capsule,1%,Prestige Brands,Pain relief and fever reduction,Over-the-Counter
Lidocaine Cream,Antiflatulent,Chewable Tablet,1%,Sanofi,GERD and peptic ulcer,Over-the-Counter
Pseudoephedrine,Sleep Aid,Powder,50mg,GSK,Skin inflammation and itching,Over-the-Counter
Hydrocodone,Statin,IV Infusion,1mg,Merck,Hypertension and heart failure,Prescription
Albuterol,Corticosteroid,Sublingual Tablet,1mg,AstraZeneca,Inflammation and autoimmune disorders,Prescription
Levothyroxine,Thyroid Hormone,Extended Release Tablet,20mg,Merck,Asthma and bronchospasm,Prescription
Trimethoprim,PPI,Nasal Spray,50mg,GlaxoSmithKline,GERD and peptic ulcer disease,Prescription
Albuterol,Anxiolytic/Benzodiazepine,Suppository,1mg,Merck,Asthma and allergic rhinitis,Prescription
Acetaminophen,Laxative,Patch,400mg,Chattem,Fungal skin infections,Over-the-Counter
Clindamycin,ARB,Tablet,1000mg,GlaxoSmithKline,Depression and anxiety disorders,Prescription
Cetirizine,Antacid/PPI,Cream,250mg,P&G,Heartburn and indigestion,Over-the-Counter
Docusate Sodium,Antihistamine,Lozenge,1%,Sanofi,Constipation relief,Over-the-Counter
Levothyroxine,Calcium Channel Blocker,Topical Solution,2mg,GlaxoSmithKline,Fungal infections treatment,Prescription
Docusate Sodium,Antihistamine,Ointment,125mg,Prestige Brands,Cough suppression,Over-the-Counter
Trimethoprim,Corticosteroid,Injection,200mg,Johnson & Johnson,Hypothyroidism treatment,Prescription
Bismuth Subsalicylate,Laxative,Liquid,250mg,Prestige Brands,Motion sickness and nausea,Over-the-Counter
Amoxicillin,ACE Inhibitor,Injection,100mcg,Amgen,Type 2 diabetes management,Prescription
Loratadine,Antihistamine,Powder,10mg,Prestige Brands,Acne treatment,Over-the-Counter
Cetirizine,Expectorant,Cream,20mg,P&G,Motion sickness and nausea,Over-the-Counter
Neosporin,Antacid,Tablet,10mg,3M Healthcare,Heartburn and acid reflux,Over-the-Counter
Alprazolam,Corticosteroid,Topical Solution,5mg,Merck,Hypertension and heart failure,Prescription
Fluoxetine,Calcium Channel Blocker,Sublingual Tablet,200mcg,Roche,Inflammation and autoimmune disorders,Prescription
Calcium Carbonate,Cough Suppressant,Ointment,200mg,Unilever,Diarrhea treatment,Over-the-Counter
Naproxen,Antiemetic,Cream,5mg,P&G,Minor cuts and skin protection,Over-the-Counter
Ibuprofen,Antiplatelet,Ointment,200mg,Johnson & Johnson,Motion sickness and nausea,Over-the-Counter
Azithromycin,Leukotriene Inhibitor,Nasal Spray,400mcg,Bristol-Myers Squibb,Anxiety and panic disorders,Prescription
Simethicone,Topical Antibiotic,Patch,10mg,GSK,Minor pain and itching relief,Over-the-Counter
Famotidine,Antifungal,Drops,250mg,Sanofi,Fungal skin infections,Over-the-Counter
Alprazolam,Anxiolytic/Benzodiazepine,Suppository,400mcg,Bristol-Myers Squibb,Type 2 diabetes management,Prescription
Calcium Carbonate,Antiemetic,Lozenge,200mg,Chattem,Minor cuts and skin protection,Over-the-Counter
Magnesium Hydroxide,Skin Protectant,Tablet,125mg,Prestige Brands,Heartburn and indigestion,Over-the-Counter
Amlodipine,Anticoagulant,IV Infusion,200mcg,Johnson & Johnson,Type 2 diabetes management,Prescription
Dextromethorphan,Sleep Aid,Patch,100mg,Prestige Brands,Heartburn and acid reflux,Over-the-Counter
Gabapentin,Opioid Analgesic,Topical Solution,100mg,Johnson & Johnson,Hypertension and heart failure,Prescription
Benzoyl Peroxide,Antiplatelet,Spray,20mg,Pfizer,Blood clot prevention,Over-the-Counter
Dexamethasone,Opioid Analgesic,Extended Release Tablet,10mg,GlaxoSmithKline,Asthma and allergic rhinitis,Prescription
Lisinopril,Opioid Analgesic,Tablet,25mg,Abbott,High cholesterol management,Prescription
Clindamycin,ARB,IV Infusion,400mcg,Abbott,Bacterial infections treatment,Prescription
Aspirin,Expectorant,Patch,1%,Chattem,Minor wound infection prevention,Over-the-Counter
Hydrocodone,Bronchodilator,Patch,0.5mg,AstraZeneca,Anxiety and panic disorders,Prescription
Aspirin,Expectorant,Capsule,1%,Chattem,Gas and bloating relief,Over-the-Counter
Loperamide,Sleep Aid,Liquid,20mg,P&G,Acne treatment,Over-the-Counter
Benzoyl Peroxide,Antiflatulent,Ointment,2%,Johnson & Johnson,Fungal skin infections,Over-the-Counter
Aluminum Hydroxide,Antiflatulent,Lozenge,100mg,P&G,Insomnia and sleep aid,Over-the-Counter
Aspirin,Topical Anesthetic,Ointment,200mg,GSK,Heartburn and acid reflux,Over-the-Counter
Furosemide,ARB,Inhaler,50mg,Abbott,Inflammation and autoimmune disorders,Prescription
Aspirin,Cough Suppressant,Cream,100mg,Prestige Brands,Cough suppression,Over-the-Counter
Levothyroxine,Corticosteroid,Suppository,100mg,Pfizer,Edema and hypertension,Prescription
Meclizine,Decongestant,Drops,5%,Sanofi,Allergic rhinitis and hives,Over-the-Counter
Cetirizine,Antacid/H2 Blocker,Tablet,100mg,Reckitt,Allergic rhinitis and hives,Over-the-Counter
Cetirizine,Antacid/H2 Blocker,Drops,2%,P&G,Allergic rhinitis and hives,Over-the-Counter
Lisinopril,PPI,Patch,75mg,Roche,Hypertension management,Prescription
Hydrocortisone Cream,Antacid/PPI,Drops,100mg,Reckitt,Gas and bloating relief,Over-the-Counter
Aluminum Hydroxide,Decongestant,Powder,5%,GSK,Gas and bloating relief,Over-the-Counter
Azithromycin,Calcium Channel Blocker,Capsule,1mg,Boehringer Ingelheim,Bacterial infections treatment,Prescription
Hydrocortisone Cream,Expectorant,Lozenge,10mg,Chattem,Constipation relief,Over-the-Counter
Metformin,Leukotriene Inhibitor,Sublingual Tablet,100mg,Amgen,Depression and anxiety disorders,Prescription
Oxycodone,Statin,Sublingual Tablet,500mg,Roche,Type 2 diabetes management,Prescription
Alprazolam,Bronchodilator,Nasal Spray,75mg,Novartis,GERD and peptic ulcer disease,Prescription
Clotrimazole,Topical Anesthetic,Ointment,325mg,Johnson & Johnson,Allergic rhinitis and hives,Over-the-Counter
Clotrimazole,Cough Suppressant,Drops,150mg,GSK,Motion sickness and nausea,Over-the-Counter
Albuterol,ARB,Inhaler,250mg,Sanofi,Asthma and bronchospasm,Prescription
Aspirin,Antidiarrheal,Spray,20mg,Johnson & Johnson,Blood clot prevention,Over-the-Counter
Calcium Carbonate,Antacid/H2 Blocker,Tablet,100mg,Novartis,Minor wound infection prevention,Over-the-Counter
Metformin,ACE Inhibitor,Sublingual Tablet,10mg,Amgen,GERD and peptic ulcer disease,Prescription
Magnesium Hydroxide,Skin Protectant,Liquid,25mg,Sanofi,Motion sickness and nausea,Over-the-Counter
Benzoyl Peroxide,Antihistamine,Capsule,200mg,Prestige Brands,Motion sickness and nausea,Over-the-Counter
Aluminum Hydroxide,Antifungal,Drops,1%,P&G,Diarrhea treatment,Over-the-Counter
Docusate Sodium,Laxative,Lozenge,20mg,Sanofi,Nasal congestion relief,Over-the-Counter
Hydrocodone,Antifungal,Sublingual Tablet,1000mg,Eli Lilly,Fungal infections treatment,Prescription
Diphenhydramine,Acne Treatment,Spray,25mg,Johnson & Johnson,Minor wound infection prevention,Over-the-Counter
Hydrocodone,Calcium Channel Blocker,Sublingual Tablet,5mg,Amgen,Inflammation and autoimmune disorders,Prescription
Azithromycin,Leukotriene Inhibitor,Nasal Spray,500mg,Amgen,Depression and anxiety disorders,Prescription
Loperamide,Antihistamine,Lozenge,5%,Unilever,Diarrhea treatment,Over-the-Counter
Furosemide,Thyroid Hormone,Liquid,75mg,Roche,Bacterial infections treatment,Prescription
Warfarin,Antidepressant/SSRI,Sublingual Tablet,150mg,Abbott,Inflammation and autoimmune disorders,Prescription
Loratadine,Antifungal,Spray,10mg,Prestige Brands,Gas and bloating relief,Over-the-Counter
Prednisone,Opioid Analgesic,Nasal Spray,150mg,Sanofi,Edema and hypertension,Prescription
Warfarin,Anxiolytic/Benzodiazepine,Liquid,250mg,Eli Lilly,Hypertension and heart failure,Prescription
Magnesium Hydroxide,Topical Antibiotic,Ointment,400mg,3M Healthcare,Fungal skin infections,Over-the-Counter
Lisinopril,Diuretic,Sublingual Tablet,200mg,Gilead Sciences,Hypertension management,Prescription
Levothyroxine,ARB,Capsule,100mcg,GlaxoSmithKline,Hypertension management,Prescription
Hydrocodone,Statin,Inhaler,0.25mg,AstraZeneca,Hypertension management,Prescription
Diphenhydramine,Antiflatulent,Ointment,100mg,Bayer,Insomnia and sleep aid,Over-the-Counter
Escitalopram,Leukotriene Inhibitor,Injection,100mg,GlaxoSmithKline,Asthma and bronchospasm,Prescription
Prednisone,Anticoagulant,IV Infusion,100mg,Abbott,Hypertension and heart failure,Prescription
Warfarin,Antibiotic,Capsule,5mg,Boehringer Ingelheim,Hypertension management,Prescription
Meclizine,Antacid/PPI,Tablet,500mg,Novartis,Diarrhea treatment,Over-the-Counter
Atorvastatin,Antibiotic,Sublingual Tablet,10mg,AstraZeneca,Type 2 diabetes management,Prescription
Bacitracin,Antacid/H2 Blocker,Powder,5%,Unilever,Skin inflammation and itching,Over-the-Counter
Levothyroxine,Antiplatelet,Capsule,2mg,Amgen,Hypertension and heart failure,Prescription
Albuterol,Statin,Liquid,200mg,Sanofi,Epilepsy and neuropathic pain,Prescription
Losartan,Diuretic,Topical Solution,200mg,Amgen,Hypertension and heart failure,Prescription
Pseudoephedrine,Antacid,Gel,250mg,GSK,Nasal congestion relief,Over-the-Counter
Meclizine,Topical Corticosteroid,Capsule,5mg,Bayer,Cough suppression,Over-the-Counter
Loperamide,Antiemetic,Lozenge,2%,Prestige Brands,Heartburn and indigestion,Over-the-Counter
Dexamethasone,Statin,Extended Release Tablet,50mg,Merck,Blood clot prevention,Prescription
Prednisone,PPI,Sublingual Tablet,10mg,Merck,Bacterial infections treatment,Prescription
Hydrocortisone Cream,Antacid/PPI,Patch,2%,Prestige Brands,Chest congestion and mucus relief,Over-the-Counter
Famotidine,Antacid/PPI,Patch,5%,Johnson & Johnson,Constipation relief,Over-the-Counter
Trimethoprim,Bronchodilator,Patch,1000mg,Novartis,Hypertension and heart failure,Prescription
Bismuth Subsalicylate,Analgesic,Liquid,150mg,Novartis,Acne treatment,Over-the-Counter
Neosporin,Antacid/H2 Blocker,Liquid,50mg,Sanofi,GERD and peptic ulcer,Over-the-Counter
Doxycycline,Antidiabetic,Liquid,25mg,Abbott,Edema and hypertension,Prescription
Acetaminophen,Laxative,Gel,500mg,Reckitt,Minor cuts and skin protection,Over-the-Counter
Trimethoprim,Calcium Channel Blocker,Capsule,500mg,Sanofi,Inflammation and autoimmune disorders,Prescription
Metoprolol,ACE Inhibitor,Nasal Spray,1000mg,Pfizer,Edema and hypertension,Prescription
Prednisone,Corticosteroid,Nasal Spray,100mg,GlaxoSmithKline,Anxiety and panic disorders,Prescription
Dexamethasone,Anticoagulant,IV Infusion,100mcg,Pfizer,Epilepsy and neuropathic pain,Prescription
Pseudoephedrine,Antacid,Powder,250mg,GSK,Minor wound infection prevention,Over-the-Counter
Amoxicillin,Anxiolytic/Benzodiazepine,Patch,250mg,Merck,Hypertension and heart failure,Prescription
Naproxen,Antidiarrheal,Capsule,25mg,Sanofi,Acne treatment,Over-the-Counter
Bismuth Subsalicylate,Decongestant,Tablet,500mg,Johnson & Johnson,GERD and peptic ulcer,Over-the-Counter
Prednisone,ACE Inhibitor,Topical Solution,20mg,Sanofi,Inflammation and autoimmune disorders,Prescription
Salicylic Acid,Antacid,Powder,100mg,Bayer,Chest congestion and mucus relief,Over-the-Counter
Lidocaine Cream,Antihistamine,Patch,10mg,Pfizer,Insomnia and sleep aid,Over-the-Counter
Clindamycin,ACE Inhibitor,Extended Release Tablet,2mg,Novartis,Depression and anxiety disorders,Prescription
Famotidine,Antifungal,Gel,5mg,Novartis,Insomnia and sleep aid,Over-the-Counter
Sertraline,Antiplatelet,Nasal Spray,25mg,Merck,Asthma and bronchospasm,Prescription
Simethicone,Decongestant,Capsule,125mg,3M Healthcare,GERD and peptic ulcer,Over-the-Counter
Acetaminophen,Expectorant,Liquid,400mg,Prestige Brands,Nasal congestion relief,Over-the-Counter
Famotidine,Sleep Aid,Tablet,100mg,GSK,Fungal skin infections,Over-the-Counter
Albuterol,Beta Blocker,IV Infusion,10mg,Amgen,Hypertension and heart failure,Prescription
Furosemide,Diuretic,Topical Solution,5mg,Pfizer,Edema and hypertension,Prescription
Aspirin,Antiemetic,Chewable Tablet,250mg,Bayer,Heartburn and acid reflux,Over-the-Counter
Hydrocortisone Cream,Antacid/H2 Blocker,Ointment,1%,Pfizer,Fungal skin infections,Over-the-Counter
Clotrimazole,Antihistamine,Liquid,1%,P&G,Chest congestion and mucus relief,Over-the-Counter
Losartan,Antidepressant/SSRI,Suppository,100mcg,Amgen,Type 2 diabetes management,Prescription
Famotidine,Acne Treatment,Patch,200mg,Unilever,Diarrhea treatment,Over-the-Counter
Aspirin,Antacid/PPI,Patch,10mg,Johnson & Johnson,Chest congestion and mucus relief,Over-the-Counter
Bacitracin,Antifungal,Lozenge,25mg,GSK,Acne treatment,Over-the-Counter
Ibuprofen,Antacid,Cream,50mg,3M Healthcare,Constipation relief,Over-the-Counter
Alprazolam,Anticonvulsant,Extended Release Tablet,400mcg,Merck,Inflammation and autoimmune disorders,Prescription
Albuterol,ARB,Tablet,25mg,AstraZeneca,Fungal infections treatment,Prescription
Metoprolol,Thyroid Hormone,Extended Release Tablet,200mg,Eli Lilly,GERD and peptic ulcer disease,Prescription
Pregabalin,Opioid Analgesic,Liquid,75mg,Sanofi,Type 2 diabetes management,Prescription
Docusate Sodium,Decongestant,Capsule,2%,Unilever,Cough suppression,Over-the-Counter
Losartan,Corticosteroid,Tablet,5mg,Abbott,Blood clot prevention,Prescription
Cetirizine,Cough Suppressant,Patch,5mg,Johnson & Johnson,Insomnia and sleep aid,Over-the-Counter
Docusate Sodium,Laxative,Capsule,150mg,Pfizer,Chest congestion and mucus relief,Over-the-Counter
Diphenhydramine,Antidiarrheal,Spray,100mg,3M Healthcare,Minor pain and itching relief,Over-the-Counter
Oxycodone,Bronchodilator,Extended Release Tablet,20mg,Eli Lilly,Fungal infections treatment,Prescription
Bismuth Subsalicylate,Antiflatulent,Chewable Tablet,200mg,P&G,Blood clot prevention,Over-the-Counter
Sertraline,Antifungal,Inhaler,200mcg,Merck,Asthma and allergic rhinitis,Prescription
Metformin,Anticonvulsant,Suppository,5mg,Novartis,Moderate to severe pain management,Prescription
Bismuth Subsalicylate,Antiflatulent,Patch,250mg,Chattem,Minor pain and itching relief,Over-the-Counter
Pregabalin,Corticosteroid,Injection,1mg,Bristol-Myers Squibb,Hypertension and angina,Prescription
Dexamethasone,ACE Inhibitor,Sublingual Tablet,20mg,GlaxoSmithKline,High cholesterol management,Prescription
Calcium Carbonate,Antiflatulent,Cream,100mg,Bayer,Insomnia and sleep aid,Over-the-Counter
Benzoyl Peroxide,Antacid/H2 Blocker,Spray,250mg,P&G,Minor cuts and skin protection,Over-the-Counter
Pantoprazole,Thyroid Hormone,Topical Solution,500mg,Pfizer,Heart attack and stroke prevention,Prescription
Atorvastatin,PPI,Extended Release Tablet,10mg,Roche,High cholesterol management,Prescription
Omeprazole,Antiplatelet,Capsule,5mg,Reckitt,Allergic rhinitis and hives,Over-the-Counter
Miconazole,Cough Suppressant,Drops,20mg,Johnson & Johnson,Cough suppression,Over-the-Counter
Metformin,Thyroid Hormone,Extended Release Tablet,20mg,Gilead Sciences,Type 2 diabetes management,Prescription
Ciprofloxacin,Antiplatelet,Tablet,10mg,Roche,Type 2 diabetes management,Prescription
Benzoyl Peroxide,Topical Antibiotic,Gel,5%,Prestige Brands,Skin inflammation and itching,Over-the-Counter
Clopidogrel,Diuretic,Nasal Spray,250mg,Johnson & Johnson,Moderate to severe pain management,Prescription
Metformin,Anticoagulant,Extended Release Tablet,0.25mg,Abbott,Hypertension and heart failure,Prescription
Aluminum Hydroxide,Antidiarrheal,Spray,200mg,Johnson & Johnson,Fungal skin infections,Over-the-Counter
Warfarin,Beta Blocker,Topical Solution,1000mg,Abbott,Bacterial infections treatment,Prescription
Cetirizine,Antifungal,Ointment,5%,Unilever,Heartburn and acid reflux,Over-the-Counter
Pseudoephedrine,Sleep Aid,Gel,50mg,Pfizer,Constipation relief,Over-the-Counter
Bacitracin,Sleep Aid,Drops,10mg,Bayer,Nasal congestion relief,Over-the-Counter
Bismuth Subsalicylate,Cough Suppressant,Patch,400mg,Bayer,Nasal congestion relief,Over-the-Counter
Naproxen,Decongestant,Powder,200mg,GSK,Diarrhea treatment,Over-the-Counter
Hydrocortisone Cream,Cough Suppressant,Capsule,325mg,Bayer,Blood clot prevention,Over-the-Counter
Levothyroxine,ACE Inhibitor,Sublingual Tablet,250mg,Merck,Bacterial infections treatment,Prescription
Warfarin,Antifungal,Extended Release Tablet,250mg,Boehringer Ingelheim,Hypothyroidism treatment,Prescription
Ranitidine,Analgesic,Patch,10mg,Sanofi,Heartburn and indigestion,Over-the-Counter
Loratadine,Antihistamine,Patch,500mg,Chattem,Acne treatment,Over-the-Counter
Albuterol,Anticonvulsant,Tablet,200mg,Eli Lilly,Epilepsy and neuropathic pain,Prescription
Aluminum Hydroxide,Topical Antibiotic,Lozenge,5mg,Johnson & Johnson,Constipation relief,Over-the-Counter
Montelukast,Anticonvulsant,Patch,50mcg,Abbott,Anxiety and panic disorders,Prescription
Metronidazole,Antiplatelet,Patch,250mg,Gilead Sciences,Hypertension management,Prescription
Naproxen,Cough Suppressant,Ointment,150mg,Chattem,Minor pain and itching relief,Over-the-Counter
Miconazole,Topical Antibiotic,Liquid,250mg,Pfizer,Insomnia and sleep aid,Over-the-Counter
Pantoprazole,Antibiotic,Injection,10mg,Bristol-Myers Squibb,Edema and hypertension,Prescription
Metoprolol,Anxiolytic/Benzodiazepine,Topical Solution,50mcg,Bristol-Myers Squibb,Moderate to severe pain management,Prescription
Salicylic Acid,Antiemetic,Ointment,2%,Chattem,Blood clot prevention,Over-the-Counter
Metronidazole,Antidiabetic,Injection,50mg,Novartis,Bacterial infections treatment,Prescription
Acetaminophen,Analgesic,Cream,250mg,Bayer,Allergic rhinitis and hives,Over-the-Counter
Hydrocodone,Beta Blocker,Extended Release Tablet,50mcg,Boehringer Ingelheim,Heart attack and stroke prevention,Prescription
Diphenhydramine,Topical Corticosteroid,Patch,10mg,Johnson & Johnson,Minor pain and itching relief,Over-the-Counter
Ibuprofen,Antidiarrheal,Patch,400mg,Novartis,GERD and peptic ulcer,Over-the-Counter
Sertraline,Antibiotic,Extended Release Tablet,1000mg,Novartis,Hypertension and angina,Prescription
Hydrocodone,Opioid Analgesic,Liquid,50mcg,Bristol-Myers Squibb,Depression and anxiety disorders,Prescription
Dextromethorphan,Antacid/PPI,Patch,5%,Novartis,Gas and bloating relief,Over-the-Counter
Albuterol,Antiplatelet,Nasal Spray,400mcg,Eli Lilly,Hypertension and heart failure,Prescription
Magnesium Hydroxide,Antihistamine,Gel,2%,Bayer,Blood clot prevention,Over-the-Counter
Omeprazole,Antifungal,Patch,125mg,Johnson & Johnson,Minor wound infection prevention,Over-the-Counter
Lidocaine Cream,Acne Treatment,Liquid,400mg,P&G,Minor pain and itching relief,Over-the-Counter
Pantoprazole,Opioid Analgesic,Tablet,200mcg,Merck,GERD and peptic ulcer disease,Prescription
Ibuprofen,Analgesic,Powder,150mg,Novartis,Acne treatment,Over-the-Counter
Metronidazole,ARB,Nasal Spray,10mg,Merck,Hypertension and heart failure,Prescription
Pregabalin,Beta Blocker,Injection,10mg,Johnson & Johnson,Asthma and allergic rhinitis,Prescription
Zinc Oxide,Antiflatulent,Drops,150mg,Bayer,Chest congestion and mucus relief,Over-the-Counter
Simethicone,Cough Suppressant,Powder,1%,Prestige Brands,Minor cuts and skin protection,Over-the-Counter
Clopidogrel,Opioid Analgesic,Nasal Spray,1mg,Eli Lilly,Anxiety and panic disorders,Prescription
Naproxen,Cough Suppressant,Spray,1%,Bayer,Cough suppression,Over-the-Counter
Sertraline,Anticonvulsant,Nasal Spray,250mg,Johnson & Johnson,Anxiety and panic disorders,Prescription
Clopidogrel,ACE Inhibitor,Patch,400mcg,Merck,Hypertension and heart failure,Prescription
Calcium Carbonate,Antifungal,Cream,400mg,Pfizer,Skin inflammation and itching,Over-the-Counter
Warfarin,Diuretic,Inhaler,250mg,Roche,Asthma and allergic rhinitis,Prescription
Furosemide,Anticonvulsant,Liquid,10mg,Amgen,Hypothyroidism treatment,Prescription
Gabapentin,Beta Blocker,Liquid,50mcg,Amgen,Epilepsy and neuropathic pain,Prescription
Losartan,Bronchodilator,IV Infusion,250mg,Merck,Depression and anxiety disorders,Prescription
Magnesium Hydroxide,Antacid/PPI,Tablet,25mg,Sanofi,Pain relief and fever reduction,Over-the-Counter
Metronidazole,Beta Blocker,IV Infusion,75mg,Roche,High cholesterol management,Prescription
Ranitidine,Antihistamine,Cream,400mg,Johnson & Johnson,Motion sickness and nausea,Over-the-Counter
Loperamide,Antacid/PPI,Lozenge,100mg,GSK,Constipation relief,Over-the-Counter
Ranitidine,Antidiarrheal,Chewable Tablet,100mg,3M Healthcare,Constipation relief,Over-the-Counter
Atorvastatin,Bronchodilator,Patch,100mg,Pfizer,GERD and peptic ulcer disease,Prescription
Escitalopram,Antiplatelet,Topical Solution,250mg,Eli Lilly,Moderate to severe pain management,Prescription
Hydrocortisone Cream,Analgesic,Tablet,1%,Bayer,Cough suppression,Over-the-Counter
Clindamycin,PPI,IV Infusion,250mg,Bristol-Myers Squibb,Depression and anxiety disorders,Prescription
Levothyroxine,Beta Blocker,Patch,400mcg,Gilead Sciences,Fungal infections treatment,Prescription
Atorvastatin,Anticonvulsant,Topical Solution,2mg,Johnson & Johnson,Hypertension and heart failure,Prescription
Metronidazole,Leukotriene Inhibitor,Nasal Spray,25mg,Abbott,Hypertension and angina,Prescription
Oxycodone,Anticoagulant,Extended Release Tablet,400mcg,AstraZeneca,Epilepsy and neuropathic pain,Prescription
Ciprofloxacin,Bronchodilator,Suppository,50mcg,Gilead Sciences,High cholesterol management,Prescription
Pantoprazole,Calcium Channel Blocker,Injection,5mg,Merck,Anxiety and panic disorders,Prescription
Meclizine,Sleep Aid,Cream,2%,Prestige Brands,Pain relief and fever reduction,Over-the-Counter
Aluminum Hydroxide,Antidiarrheal,Gel,325mg,Unilever,Minor pain and itching relief,Over-the-Counter
Gabapentin,ACE Inhibitor,Capsule,200mcg,Johnson & Johnson,Moderate to severe pain management,Prescription
Clindamycin,Statin,Suppository,2mg,Novartis,Hypertension management,Prescription
Amoxicillin,Bronchodilator,Capsule,0.5mg,Roche,Fungal infections treatment,Prescription
Gabapentin,Leukotriene Inhibitor,Inhaler,0.5mg,GlaxoSmithKline,Moderate to severe pain management,Prescription
Cetirizine,Analgesic,Tablet,500mg,Johnson & Johnson,Heartburn and acid reflux,Over-the-Counter
Furosemide,Calcium Channel Blocker,Topical Solution,150mg,GlaxoSmithKline,Hypothyroidism treatment,Prescription
Losartan,Antibiotic,IV Infusion,5mg,Merck,Hypertension management,Prescription
Trimethoprim,Antidiabetic,Sublingual Tablet,50mcg,Bristol-Myers Squibb,Epilepsy and neuropathic pain,Prescription
Losartan,Thyroid Hormone,Liquid,0.5mg,Abbott,Anxiety and panic disorders,Prescription
Neosporin,Antacid/H2 Blocker,Gel,5%,Bayer,Minor cuts and skin protection,Over-the-Counter
Clotrimazole,Antiemetic,Chewable Tablet,500mg,P&G,Pain relief and fever reduction,Over-the-Counter
Furosemide,Thyroid Hormone,Capsule,50mg,Johnson & Johnson,Anxiety and panic disorders,Prescription
Clindamycin,Corticosteroid,Nasal Spray,10mg,Roche,Type 2 diabetes management,Prescription
Meclizine,Sleep Aid,Ointment,125mg,Pfizer,GERD and peptic ulcer,Over-the-Counter
Warfarin,Antiplatelet,Capsule,100mcg,Novartis,Epilepsy and neuropathic pain,Prescription
Hydrocodone,ACE Inhibitor,Topical Solution,75mg,Abbott,Moderate to severe pain management,Prescription
Albuterol,Corticosteroid,Topical Solution,250mg,Bristol-Myers Squibb,Moderate to severe pain management,Prescription
Amlodipine,Thyroid Hormone,IV Infusion,0.5mg,Merck,GERD and peptic ulcer disease,Prescription
Omeprazole,Antacid/H2 Blocker,Capsule,5%,3M Healthcare,Insomnia and sleep aid,Over-the-Counter
Fluoxetine,Diuretic,Liquid,100mcg,GlaxoSmithKline,Moderate to severe pain management,Prescription
Pregabalin,Opioid Analgesic,Inhaler,1000mg,Novartis,GERD and peptic ulcer disease,Prescription
Levothyroxine,Antibiotic,Inhaler,75mg,Johnson & Johnson,Depression and anxiety disorders,Prescription
Albuterol,Antifungal,Patch,200mcg,Amgen,Heart attack and stroke prevention,Prescription
Meclizine,Sleep Aid,Liquid,5mg,Johnson & Johnson,Insomnia and sleep aid,Over-the-Counter
Clopidogrel,Thyroid Hormone,Sublingual Tablet,150mg,Johnson & Johnson,Hypertension and heart failure,Prescription
Oxycodone,Anticoagulant,Injection,100mg,Sanofi,Bacterial infections treatment,Prescription
Loratadine,Antifungal,Liquid,10mg,Chattem,Nasal congestion relief,Over-the-Counter
Lisinopril,Statin,Injection,5mg,AstraZeneca,Hypertension and heart failure,Prescription
Aluminum Hydroxide,Laxative,Spray,325mg,Johnson & Johnson,Chest congestion and mucus relief,Over-the-Counter
Ibuprofen,Skin Protectant,Liquid,5%,Novartis,Heartburn and indigestion,Over-the-Counter
Azithromycin,ARB,Liquid,100mg,Pfizer,Asthma and allergic rhinitis,Prescription
Clindamycin,Bronchodilator,Inhaler,10mg,Novartis,Hypertension and angina,Prescription
Levothyroxine,ACE Inhibitor,Liquid,25mg,Roche,Hypertension and heart failure,Prescription
Ranitidine,Sleep Aid,Gel,5%,Novartis,Diarrhea treatment,Over-the-Counter
Cetirizine,Sleep Aid,Cream,500mg,3M Healthcare,Diarrhea treatment,Over-the-Counter
Losartan,Leukotriene Inhibitor,Injection,2mg,AstraZeneca,Hypertension and heart failure,Prescription
Metformin,Diuretic,Sublingual Tablet,0.25mg,Gilead Sciences,Inflammation and autoimmune disorders,Prescription
Warfarin,Opioid Analgesic,Injection,20mg,Boehringer Ingelheim,Hypertension management,Prescription
Pregabalin,Corticosteroid,Sublingual Tablet,10mg,Merck,Hypothyroidism treatment,Prescription
Loratadine,Cough Suppressant,Spray,1%,Novartis,Insomnia and sleep aid,Over-the-Counter
Prednisone,Beta Blocker,IV Infusion,200mg,Eli Lilly,Fungal infections treatment,Prescription
Hydrocodone,Corticosteroid,Topical Solution,50mcg,Amgen,Type 2 diabetes management,Prescription
Diphenhydramine,Topical Anesthetic,Gel,5mg,P&G,Minor cuts and skin protection,Over-the-Counter
Meclizine,Antihistamine,Liquid,25mg,P&G,Diarrhea treatment,Over-the-Counter
Simethicone,Antiplatelet,Drops,125mg,Sanofi,Blood clot prevention,Over-the-Counter
Meclizine,Expectorant,Liquid,25mg,Prestige Brands,Cough suppression,Over-the-Counter
Lisinopril,PPI,Suppository,75mg,Merck,Hypothyroidism treatment,Prescription
Oxycodone,Beta Blocker,Nasal Spray,500mg,Pfizer,Hypertension and heart failure,Prescription
Pseudoephedrine,Skin Protectant,Chewable Tablet,500mg,Johnson & Johnson,Minor wound infection prevention,Over-the-Counter
Metformin,Beta Blocker,IV Infusion,100mg,Sanofi,Hypertension management,Prescription
Meclizine,Antihistamine,Gel,10mg,GSK,Constipation relief,Over-the-Counter
Oxycodone,Anticonvulsant,Inhaler,25mg,Eli Lilly,GERD and peptic ulcer disease,Prescription
Docusate Sodium,Analgesic,Drops,325mg,Chattem,Minor cuts and skin protection,Over-the-Counter
Lidocaine Cream,Sleep Aid,Tablet,1%,3M Healthcare,Minor cuts and skin protection,Over-the-Counter
Clindamycin,Corticosteroid,Suppository,20mg,Merck,Edema and hypertension,Prescription
Dextromethorphan,Topical Antibiotic,Spray,100mg,Reckitt,Allergic rhinitis and hives,Over-the-Counter
Escitalopram,Anxiolytic/Benzodiazepine,Sublingual Tablet,100mg,AstraZeneca,Moderate to severe pain management,Prescription
Montelukast,Leukotriene Inhibitor,Suppository,150mg,AstraZeneca,High cholesterol management,Prescription
Alprazolam,Beta Blocker,Topical Solution,75mg,Johnson & Johnson,Edema and hypertension,Prescription
Zinc Oxide,Acne Treatment,Drops,2%,Novartis,Pain relief and fever reduction,Over-the-Counter
Oxycodone,Anxiolytic/Benzodiazepine,Capsule,20mg,Roche,Moderate to severe pain management,Prescription
Pregabalin,ARB,Capsule,200mcg,Roche,Heart attack and stroke prevention,Prescription
Pregabalin,Opioid Analgesic,Inhaler,20mg,Merck,Hypothyroidism treatment,Prescription
Alprazolam,Anticoagulant,Topical Solution,5mg,Amgen,Hypothyroidism treatment,Prescription
Alprazolam,ACE Inhibitor,Sublingual Tablet,200mcg,AstraZeneca,GERD and peptic ulcer disease,Prescription
Loratadine,Decongestant,Liquid,5%,Pfizer,Skin inflammation and itching,Over-the-Counter
Warfarin,Antidepressant/SSRI,Topical Solution,400mcg,Sanofi,Hypothyroidism treatment,Prescription
Acetaminophen,Antidiarrheal,Lozenge,250mg,Johnson & Johnson,Insomnia and sleep aid,Over-the-Counter
Lisinopril,Anxiolytic/Benzodiazepine,Injection,10mg,Gilead Sciences,Blood clot prevention,Prescription
Aluminum Hydroxide,Topical Anesthetic,Capsule,400mg,Prestige Brands,Minor pain and itching relief,Over-the-Counter
Loratadine,Analgesic,Powder,5%,Reckitt,GERD and peptic ulcer,Over-the-Counter
Montelukast,Statin,Sublingual Tablet,0.5mg,Pfizer,High cholesterol management,Prescription
Dextromethorphan,Topical Corticosteroid,Powder,250mg,Novartis,Nasal congestion relief,Over-the-Counter
Magnesium Hydroxide,Laxative,Tablet,50mg,Reckitt,Pain relief and fever reduction,Over-the-Counter
Amlodipine,Diuretic,Injection,500mg,Johnson & Johnson,Asthma and allergic rhinitis,Prescription
Simethicone,Antacid/PPI,Lozenge,20mg,P&G,Nasal congestion relief,Over-the-Counter
Zinc Oxide,Antacid,Drops,1%,Prestige Brands,Nasal congestion relief,Over-the-Counter
Benzoyl Peroxide,Laxative,Capsule,20mg,Unilever,Fungal skin infections,Over-the-Counter
Lisinopril,Antiplatelet,Patch,400mcg,Johnson & Johnson,Hypothyroidism treatment,Prescription
Guaifenesin,Topical Corticosteroid,Liquid,50mg,Johnson & Johnson,Heartburn and indigestion,Over-the-Counter
Gabapentin,Thyroid Hormone,Suppository,2mg,Roche,Epilepsy and neuropathic pain,Prescription
Oxycodone,Beta Blocker,Suppository,0.5mg,Amgen,High cholesterol management,Prescription
Hydrocortisone Cream,Analgesic,Powder,20mg,Bayer,Diarrhea treatment,Over-the-Counter
Montelukast,Anticonvulsant,Tablet,200mg,Sanofi,Moderate to severe pain management,Prescription
Hydrocodone,Calcium Channel Blocker,Suppository,1mg,Boehringer Ingelheim,Asthma and allergic rhinitis,Prescription
Furosemide,Diuretic,Extended Release Tablet,200mcg,Bristol-Myers Squibb,GERD and peptic ulcer disease,Prescription
Ranitidine,Antiplatelet,Lozenge,5%,3M Healthcare,Insomnia and sleep aid,Over-the-Counter
Albuterol,Leukotriene Inhibitor,Liquid,20mg,Johnson & Johnson,Fungal infections treatment,Prescription
Naproxen,Antacid,Powder,200mg,Chattem,Minor cuts and skin protection,Over-the-Counter
Clopidogrel,Anxiolytic/Benzodiazepine,Extended Release Tablet,400mcg,Bristol-Myers Squibb,Depression and anxiety disorders,Prescription
Hydrocodone,Antidepressant/SSRI,Liquid,0.5mg,Novartis,Hypertension and heart failure,Prescription
Clopidogrel,Antifungal,Capsule,10mg,Boehringer Ingelheim,Hypertension and angina,Prescription
Famotidine,Antiflatulent,Ointment,100mg,3M Healthcare,Minor pain and itching relief,Over-the-Counter
Pantoprazole,Corticosteroid,IV Infusion,200mcg,Bristol-Myers Squibb,Hypertension and angina,Prescription
Hydrocodone,Antibiotic,Inhaler,50mg,GlaxoSmithKline,Depression and anxiety disorders,Prescription
Fluoxetine,Antidiabetic,Extended Release Tablet,500mg,Pfizer,Fungal infections treatment,Prescription
Docusate Sodium,Acne Treatment,Spray,5mg,Novartis,Minor wound infection prevention,Over-the-Counter
Azithromycin,Thyroid Hormone,Nasal Spray,1000mg,Johnson & Johnson,Hypertension and heart failure,Prescription
Albuterol,Opioid Analgesic,IV Infusion,25mg,Roche,Asthma and allergic rhinitis,Prescription
Sertraline,Antibiotic,IV Infusion,200mcg,Roche,Blood clot prevention,Prescription
Metronidazole,Anticonvulsant,Sublingual Tablet,20mg,GlaxoSmithKline,Fungal infections treatment,Prescription
Aspirin,Antacid/H2 Blocker,Spray,2%,Chattem,Diarrhea treatment,Over-the-Counter
Azithromycin,Leukotriene Inhibitor,Suppository,5mg,Abbott,Fungal infections treatment,Prescription
Amlodipine,Opioid Analgesic,Liquid,400mcg,Roche,Hypertension and angina,Prescription
Miconazole,Antacid/H2 Blocker,Cream,200mg,Novartis,Minor cuts and skin protection,Over-the-Counter
Sertraline,Calcium Channel Blocker,Tablet,400mcg,Pfizer,Edema and hypertension,Prescription
Naproxen,Antihistamine,Powder,25mg,3M Healthcare,GERD and peptic ulcer,Over-the-Counter
Clindamycin,Bronchodilator,Topical Solution,5mg,Novartis,Anxiety and panic disorders,Prescription
Metformin,PPI,Capsule,75mg,Amgen,Inflammation and autoimmune disorders,Prescription
Doxycycline,Antidepressant/SSRI,Patch,50mcg,Bristol-Myers Squibb,Anxiety and panic disorders,Prescription
Metronidazole,Antidepressant/SSRI,Nasal Spray,200mg,Abbott,Inflammation and autoimmune disorders,Prescription
Miconazole,Expectorant,Tablet,2%,Sanofi,Minor pain and itching relief,Over-the-Counter
Losartan,Beta Blocker,Tablet,200mg,GlaxoSmithKline,Fungal infections treatment,Prescription
Famotidine,Antihistamine,Ointment,5%,Reckitt,Insomnia and sleep aid,Over-the-Counter
Magnesium Hydroxide,Antiplatelet,Powder,25mg,Pfizer,Heartburn and indigestion,Over-the-Counter
Simethicone,Topical Corticosteroid,Spray,100mg,Johnson & Johnson,GERD and peptic ulcer,Over-the-Counter
Pregabalin,ACE Inhibitor,IV Infusion,200mcg,Sanofi,Type 2 diabetes management,Prescription
Sertraline,Statin,IV Infusion,1mg,Bristol-Myers Squibb,Hypothyroidism treatment,Prescription
Docusate Sodium,Antiemetic,Ointment,200mg,P&G,Cough suppression,Over-the-Counter
Metformin,Thyroid Hormone,Tablet,75mg,AstraZeneca,Inflammation and autoimmune disorders,Prescription
Bismuth Subsalicylate,Topical Antibiotic,Spray,325mg,Johnson & Johnson,Minor cuts and skin protection,Over-the-Counter
Bismuth Subsalicylate,Decongestant,Powder,400mg,Novartis,GERD and peptic ulcer,Over-the-Counter
Montelukast,Corticosteroid,Nasal Spray,2mg,Sanofi,Asthma and bronchospasm,Prescription
Levothyroxine,ACE Inhibitor,Topical Solution,2mg,Gilead Sciences,Hypothyroidism treatment,Prescription
Pseudoephedrine,Cough Suppressant,Gel,25mg,Unilever,Heartburn and indigestion,Over-the-Counter
Ibuprofen,Antidiarrheal,Liquid,150mg,Chattem,Minor cuts and skin protection,Over-the-Counter
Salicylic Acid,Antiplatelet,Drops,1%,Chattem,Insomnia and sleep aid,Over-the-Counter
Famotidine,Expectorant,Spray,325mg,GSK,Minor pain and itching relief,Over-the-Counter
Lisinopril,Antifungal,Sublingual Tablet,10mg,Bristol-Myers Squibb,Epilepsy and neuropathic pain,Prescription
Albuterol,ACE Inhibitor,IV Infusion,150mg,Gilead Sciences,Asthma and allergic rhinitis,Prescription
Guaifenesin,Topical Antibiotic,Spray,10mg,Prestige Brands,Insomnia and sleep aid,Over-the-Counter
Montelukast,Anxiolytic/Benzodiazepine,Liquid,1000mg,Sanofi,Hypothyroidism treatment,Prescription
Levothyroxine,Beta Blocker,Injection,75mg,Sanofi,High cholesterol management,Prescription
Miconazole,Topical Corticosteroid,Chewable Tablet,100mg,P&G,Blood clot prevention,Over-the-Counter
Atorvastatin,Antidiabetic,Topical Solution,250mg,GlaxoSmithKline,Hypertension and heart failure,Prescription
Prednisone,ACE Inhibitor,Sublingual Tablet,75mg,Sanofi,Hypertension and angina,Prescription
Lisinopril,Anticoagulant,Nasal Spray,10mg,Eli Lilly,Bacterial infections treatment,Prescription
Atorvastatin,Corticosteroid,Suppository,0.25mg,Amgen,Hypertension management,Prescription
Dexamethasone,Diuretic,Injection,25mg,Amgen,Moderate to severe pain management,Prescription
Levothyroxine,ACE Inhibitor,Inhaler,50mg,Pfizer,Asthma and allergic rhinitis,Prescription
Clopidogrel,Corticosteroid,Extended Release Tablet,400mcg,Eli Lilly,Edema and hypertension,Prescription
Clotrimazole,Antiemetic,Chewable Tablet,150mg,Reckitt,Nasal congestion relief,Over-the-Counter
Neosporin,Laxative,Chewable Tablet,20mg,Prestige Brands,Fungal skin infections,Over-the-Counter
Benzoyl Peroxide,Sleep Aid,Spray,25mg,Pfizer,Constipation relief,Over-the-Counter
Zinc Oxide,Cough Suppressant,Gel,5mg,3M Healthcare,Constipation relief,Over-the-Counter
Metformin,Bronchodilator,Tablet,500mg,Bristol-Myers Squibb,Hypertension and angina,Prescription
Losartan,Beta Blocker,Capsule,50mg,AstraZeneca,Hypertension and heart failure,Prescription
Albuterol,Antidiabetic,Capsule,2mg,Pfizer,Epilepsy and neuropathic pain,Prescription
Naproxen,Antiplatelet,Tablet,150mg,Sanofi,Chest congestion and mucus relief,Over-the-Counter
Oxycodone,Diuretic,Topical Solution,50mcg,Eli Lilly,Heart attack and stroke prevention,Prescription
Levothyroxine,Anticoagulant,Suppository,0.25mg,Roche,Asthma and allergic rhinitis,Prescription
Salicylic Acid,Antiemetic,Gel,5mg,Novartis,Blood clot prevention,Over-the-Counter
Furosemide,Beta Blocker,Sublingual Tablet,500mg,AstraZeneca,Hypothyroidism treatment,Prescription
Ciprofloxacin,Antibiotic,Injection,2mg,AstraZeneca,Depression and anxiety disorders,Prescription
Loratadine,Antacid/H2 Blocker,Chewable Tablet,400mg,Novartis,Constipation relief,Over-the-Counter
Trimethoprim,Leukotriene Inhibitor,Extended Release Tablet,75mg,Gilead Sciences,Epilepsy and neuropathic pain,Prescription
Metformin,Calcium Channel Blocker,Patch,400mcg,Bristol-Myers Squibb,Type 2 diabetes management,Prescription
Metformin,Anticonvulsant,Sublingual Tablet,75mg,Sanofi,Bacterial infections treatment,Prescription
Meclizine,Skin Protectant,Chewable Tablet,20mg,Johnson & Johnson,Motion sickness and nausea,Over-the-Counter
Calcium Carbonate,Topical Corticosteroid,Capsule,50mg,Johnson & Johnson,Heartburn and indigestion,Over-the-Counter
Lidocaine Cream,Antiplatelet,Gel,50mg,Bayer,Motion sickness and nausea,Over-the-Counter
Lisinopril,Diuretic,Injection,400mcg,GlaxoSmithKline,Fungal infections treatment,Prescription
Hydrocortisone Cream,Topical Corticosteroid,Cream,5%,Reckitt,Minor wound infection prevention,Over-the-Counter
Doxycycline,Anxiolytic/Benzodiazepine,IV Infusion,200mcg,Amgen,Type 2 diabetes management,Prescription
Ranitidine,Antihistamine,Chewable Tablet,250mg,Sanofi,Allergic rhinitis and hives,Over-the-Counter
Aluminum Hydroxide,Antacid/PPI,Liquid,5mg,3M Healthcare,Chest congestion and mucus relief,Over-the-Counter
Amlodipine,Leukotriene Inhibitor,Topical Solution,200mg,Eli Lilly,Type 2 diabetes management,Prescription
Bacitracin,Topical Anesthetic,Capsule,400mg,GSK,Chest congestion and mucus relief,Over-the-Counter
Fluoxetine,ARB,Capsule,50mg,Amgen,Anxiety and panic disorders,Prescription
Simethicone,Topical Antibiotic,Capsule,200mg,Reckitt,Chest congestion and mucus relief,Over-the-Counter
Metformin,Corticosteroid,Inhaler,25mg,Johnson & Johnson,Bacterial infections treatment,Prescription
Metoprolol,Statin,Liquid,100mg,Boehringer Ingelheim,Type 2 diabetes management,Prescription
Dexamethasone,Diuretic,Tablet,20mg,Boehringer Ingelheim,Heart attack and stroke prevention,Prescription
Oxycodone,Anticoagulant,Nasal Spray,20mg,Merck,Asthma and allergic rhinitis,Prescription
Pseudoephedrine,Antidiarrheal,Gel,25mg,3M Healthcare,Blood clot prevention,Over-the-Counter
Loratadine,Analgesic,Liquid,150mg,3M Healthcare,Heartburn and acid reflux,Over-the-Counter
Loperamide,Decongestant,Drops,5%,Reckitt,Blood clot prevention,Over-the-Counter
Sertraline,Anticoagulant,Tablet,2mg,AstraZeneca,GERD and peptic ulcer disease,Prescription
Calcium Carbonate,Topical Antibiotic,Lozenge,325mg,Unilever,Constipation relief,Over-the-Counter
Ibuprofen,Topical Antibiotic,Patch,20mg,3M Healthcare,Motion sickness and nausea,Over-the-Counter
Furosemide,Leukotriene Inhibitor,Patch,5mg,Boehringer Ingelheim,Edema and hypertension,Prescription
Docusate Sodium,Decongestant,Drops,20mg,GSK,Cough suppression,Over-the-Counter
Lisinopril,Calcium Channel Blocker,Injection,50mg,Bristol-Myers Squibb,Anxiety and panic disorders,Prescription
Clindamycin,Anxiolytic/Benzodiazepine,Sublingual Tablet,150mg,Roche,Blood clot prevention,Prescription
Aluminum Hydroxide,Topical Corticosteroid,Spray,20mg,Pfizer,Skin inflammation and itching,Over-the-Counter
Loratadine,Decongestant,Spray,150mg,3M Healthcare,Heartburn and indigestion,Over-the-Counter
Amlodipine,Calcium Channel Blocker,Sublingual Tablet,100mg,Boehringer Ingelheim,Edema and hypertension,Prescription
Ranitidine,Antiemetic,Patch,150mg,Johnson & Johnson,Heartburn and indigestion,Over-the-Counter
Benzoyl Peroxide,Laxative,Ointment,100mg,Unilever,Insomnia and sleep aid,Over-the-Counter
Docusate Sodium,Topical Antibiotic,Lozenge,2%,Sanofi,Chest congestion and mucus relief,Over-the-Counter
Metoprolol,Corticosteroid,Sublingual Tablet,0.5mg,AstraZeneca,Hypertension management,Prescription
Aluminum Hydroxide,Analgesic,Tablet,100mg,3M Healthcare,Heartburn and indigestion,Over-the-Counter
Calcium Carbonate,Sleep Aid,Drops,10mg,Chattem,Motion sickness and nausea,Over-the-Counter
Simethicone,Sleep Aid,Chewable Tablet,5%,Pfizer,Skin inflammation and itching,Over-the-Counter
Magnesium Hydroxide,Antifungal,Ointment,1%,GSK,Heartburn and acid reflux,Over-the-Counter
Bacitracin,Decongestant,Chewable Tablet,25mg,Unilever,GERD and peptic ulcer,Over-the-Counter
Pregabalin,Antidiabetic,Suppository,10mg,Amgen,Hypertension management,Prescription
Furosemide,PPI,Patch,100mg,Bristol-Myers Squibb,Epilepsy and neuropathic pain,Prescription
Furosemide,Opioid Analgesic,IV Infusion,5mg,Eli Lilly,Anxiety and panic disorders,Prescription
Atorvastatin,Diuretic,IV Infusion,75mg,Sanofi,Hypertension and angina,Prescription
Acetaminophen,Antiflatulent,Drops,10mg,Sanofi,Insomnia and sleep aid,Over-the-Counter
Ibuprofen,Antiplatelet,Cream,200mg,Prestige Brands,Blood clot prevention,Over-the-Counter
Bacitracin,Decongestant,Lozenge,200mg,P&G,Minor cuts and skin protection,Over-the-Counter
Bacitracin,Sleep Aid,Liquid,1%,Pfizer,Constipation relief,Over-the-Counter
Zinc Oxide,Antidiarrheal,Ointment,500mg,Pfizer,Motion sickness and nausea,Over-the-Counter
Ranitidine,Antiplatelet,Patch,50mg,3M Healthcare,Motion sickness and nausea,Over-the-Counter
Acetaminophen,Antiflatulent,Ointment,1%,GSK,Allergic rhinitis and hives,Over-the-Counter
Clindamycin,Antibiotic,Injection,25mg,Eli Lilly,Inflammation and autoimmune disorders,Prescription
Docusate Sodium,Antacid/PPI,Cream,400mg,Johnson & Johnson,GERD and peptic ulcer,Over-the-Counter
Ciprofloxacin,Opioid Analgesic,Suppository,1000mg,GlaxoSmithKline,Depression and anxiety disorders,Prescription
Bismuth Subsalicylate,Analgesic,Drops,25mg,Johnson & Johnson,Minor cuts and skin protection,Over-the-Counter
Salicylic Acid,Topical Anesthetic,Spray,25mg,GSK,Constipation relief,Over-the-Counter
Gabapentin,Antiplatelet,Inhaler,500mg,Merck,Hypertension and heart failure,Prescription
Benzoyl Peroxide,Antiemetic,Ointment,200mg,Prestige Brands,Fungal skin infections,Over-the-Counter
Albuterol,Antiplatelet,Tablet,200mcg,Bristol-Myers Squibb,Hypertension management,Prescription
Levothyroxine,Calcium Channel Blocker,Tablet,25mg,Boehringer Ingelheim,High cholesterol management,Prescription
Dextromethorphan,Decongestant,Spray,100mg,P&G,Constipation relief,Over-the-Counter
Atorvastatin,Leukotriene Inhibitor,Capsule,0.5mg,Johnson & Johnson,Edema and hypertension,Prescription
Salicylic Acid,Topical Anesthetic,Patch,2%,P&G,Nasal congestion relief,Over-the-Counter
Diphenhydramine,Sleep Aid,Drops,50mg,Prestige Brands,Gas and bloating relief,Over-the-Counter
Warfarin,PPI,Topical Solution,500mg,Novartis,Inflammation and autoimmune disorders,Prescription
Losartan,Thyroid Hormone,Injection,5mg,Bristol-Myers Squibb,Hypertension management,Prescription
Magnesium Hydroxide,Antiemetic,Capsule,250mg,Prestige Brands,Heartburn and indigestion,Over-the-Counter
Ciprofloxacin,Thyroid Hormone,Tablet,100mcg,Amgen,Inflammation and autoimmune disorders,Prescription
Metronidazole,Antidepressant/SSRI,Patch,200mcg,Boehringer Ingelheim,Hypertension and angina,Prescription
Clotrimazole,Decongestant,Lozenge,20mg,Prestige Brands,Skin inflammation and itching,Over-the-Counter
Dextromethorphan,Expectorant,Lozenge,500mg,GSK,Acne treatment,Over-the-Counter
Cetirizine,Antacid/PPI,Chewable Tablet,325mg,Sanofi,Allergic rhinitis and hives,Over-the-Counter
Hydrocodone,Diuretic,Topical Solution,5mg,Bristol-Myers Squibb,Hypothyroidism treatment,Prescription
Gabapentin,Anticonvulsant,Capsule,500mg,GlaxoSmithKline,Hypertension and heart failure,Prescription
Magnesium Hydroxide,Antihistamine,Patch,400mg,Prestige Brands,Fungal skin infections,Over-the-Counter
Metoprolol,Antidiabetic,Tablet,0.25mg,Novartis,GERD and peptic ulcer disease,Prescription
Losartan,Diuretic,Liquid,100mcg,Pfizer,Hypertension and heart failure,Prescription
Calcium Carbonate,Decongestant,Liquid,100mg,Bayer,Diarrhea treatment,Over-the-Counter
Sertraline,Leukotriene Inhibitor,Liquid,250mg,Gilead Sciences,Hypertension and heart failure,Prescription
Azithromycin,Antiplatelet,Capsule,0.25mg,Eli Lilly,Heart attack and stroke prevention,Prescription
Salicylic Acid,Antifungal,Lozenge,325mg,Sanofi,Nasal congestion relief,Over-the-Counter
Warfarin,Antidiabetic,Capsule,200mg,Gilead Sciences,Fungal infections treatment,Prescription
Sertraline,Thyroid Hormone,IV Infusion,200mg,Novartis,Asthma and bronchospasm,Prescription
Sertraline,Corticosteroid,Nasal Spray,20mg,Merck,Inflammation and autoimmune disorders,Prescription
Doxycycline,Anticoagulant,Nasal Spray,1mg,Johnson & Johnson,Heart attack and stroke prevention,Prescription
Losartan,Antidepressant/SSRI,Sublingual Tablet,2mg,Amgen,Hypertension and heart failure,Prescription
Calcium Carbonate,Cough Suppressant,Chewable Tablet,100mg,Sanofi,GERD and peptic ulcer,Over-the-Counter
Omeprazole,Antiflatulent,Patch,250mg,Sanofi,Minor cuts and skin protection,Over-the-Counter
Fluoxetine,Beta Blocker,Patch,20mg,Roche,Edema and hypertension,Prescription
Aspirin,Laxative,Spray,1%,Unilever,Nasal congestion relief,Over-the-Counter
Simethicone,Analgesic,Chewable Tablet,400mg,P&G,Gas and bloating relief,Over-the-Counter
Atorvastatin,Antiplatelet,Tablet,50mcg,Bristol-Myers Squibb,Hypertension management,Prescription
Omeprazole,Skin Protectant,Capsule,2%,Johnson & Johnson,GERD and peptic ulcer,Over-the-Counter
Cetirizine,Antacid,Gel,250mg,P&G,Chest congestion and mucus relief,Over-the-Counter
Pregabalin,Thyroid Hormone,Injection,200mcg,Eli Lilly,Inflammation and autoimmune disorders,Prescription
Azithromycin,Antibiotic,Topical Solution,1000mg,Boehringer Ingelheim,GERD and peptic ulcer disease,Prescription
Acetaminophen,Skin Protectant,Spray,5mg,Bayer,Fungal skin infections,Over-the-Counter
Fluoxetine,Opioid Analgesic,Injection,50mg,Bristol-Myers Squibb,Fungal infections treatment,Prescription
Acetaminophen,Analgesic,Cream,1%,Sanofi,Insomnia and sleep aid,Over-the-Counter
Diphenhydramine,Topical Antibiotic,Powder,125mg,P&G,Pain relief and fever reduction,Over-the-Counter
Alprazolam,Diuretic,Tablet,10mg,Sanofi,Hypertension and heart failure,Prescription
Amoxicillin,ARB,IV Infusion,200mg,Eli Lilly,Depression and anxiety disorders,Prescription
Montelukast,PPI,Tablet,50mg,Amgen,Asthma and bronchospasm,Prescription
Metformin,Opioid Analgesic,Extended Release Tablet,20mg,Amgen,Hypertension management,Prescription
Amoxicillin,Antidiabetic,Tablet,200mg,Amgen,Anxiety and panic disorders,Prescription
Salicylic Acid,Antiemetic,Liquid,50mg,Prestige Brands,Chest congestion and mucus relief,Over-the-Counter
Albuterol,Antidiabetic,Nasal Spray,10mg,Roche,Depression and anxiety disorders,Prescription
Meclizine,Decongestant,Chewable Tablet,500mg,Pfizer,Cough suppression,Over-the-Counter
Trimethoprim,Anxiolytic/Benzodiazepine,Suppository,250mg,Roche,GERD and peptic ulcer disease,Prescription
Aspirin,Antihistamine,Tablet,2%,Prestige Brands,Nasal congestion relief,Over-the-Counter
Guaifenesin,Antifungal,Tablet,100mg,Pfizer,Acne treatment,Over-the-Counter
Metoprolol,Antidepressant/SSRI,IV Infusion,100mcg,GlaxoSmithKline,Hypertension and angina,Prescription
Acetaminophen,Antiflatulent,Chewable Tablet,100mg,Reckitt,Diarrhea treatment,Over-the-Counter
Atorvastatin,ARB,Topical Solution,2mg,Amgen,GERD and peptic ulcer disease,Prescription
Salicylic Acid,Antacid/H2 Blocker,Drops,10mg,Novartis,Chest congestion and mucus relief,Over-the-Counter
Hydrocodone,Corticosteroid,Inhaler,50mg,Gilead Sciences,Depression and anxiety disorders,Prescription
Cetirizine,Antacid/PPI,Tablet,500mg,P&G,Diarrhea treatment,Over-the-Counter
Famotidine,Topical Antibiotic,Patch,1%,Sanofi,Skin inflammation and itching,Over-the-Counter
Levothyroxine,PPI,Injection,50mcg,Roche,Inflammation and autoimmune disorders,Prescription
Dextromethorphan,Antacid/H2 Blocker,Liquid,5mg,Bayer,Nasal congestion relief,Over-the-Counter
Albuterol,Anticoagulant,Capsule,150mg,Johnson & Johnson,Hypertension and heart failure,Prescription
Docusate Sodium,Skin Protectant,Drops,100mg,Reckitt,Minor cuts and skin protection,Over-the-Counter
Pregabalin,Antidiabetic,Patch,0.5mg,Roche,Heart attack and stroke prevention,Prescription
Lidocaine Cream,Skin Protectant,Lozenge,1%,Sanofi,Heartburn and indigestion,Over-the-Counter
Miconazole,Cough Suppressant,Ointment,5%,Chattem,Gas and bloating relief,Over-the-Counter
Dextromethorphan,Laxative,Chewable Tablet,400mg,P&G,Acne treatment,Over-the-Counter
Calcium Carbonate,Topical Anesthetic,Ointment,325mg,Sanofi,Heartburn and acid reflux,Over-the-Counter
Amlodipine,Bronchodilator,Capsule,25mg,Pfizer,Moderate to severe pain management,Prescription
Pregabalin,Anxiolytic/Benzodiazepine,Nasal Spray,200mg,Boehringer Ingelheim,Anxiety and panic disorders,Prescription
Acetaminophen,Antidiarrheal,Patch,400mg,Novartis,Fungal skin infections,Over-the-Counter
Azithromycin,Anticonvulsant,Inhaler,400mcg,Gilead Sciences,Hypothyroidism treatment,Prescription
Lisinopril,Antidepressant/SSRI,Patch,500mg,Boehringer Ingelheim,High cholesterol management,Prescription
Cetirizine,Topical Antibiotic,Cream,500mg,Johnson & Johnson,Fungal skin infections,Over-the-Counter
Bacitracin,Antacid,Spray,500mg,Pfizer,Blood clot prevention,Over-the-Counter
Metformin,Anticonvulsant,Topical Solution,400mcg,Pfizer,Epilepsy and neuropathic pain,Prescription
Bismuth Subsalicylate,Antiflatulent,Tablet,500mg,GSK,Motion sickness and nausea,Over-the-Counter
Pseudoephedrine,Expectorant,Spray,10mg,Pfizer,Insomnia and sleep aid,Over-the-Counter
Salicylic Acid,Topical Antibiotic,Ointment,1%,Johnson & Johnson,Allergic rhinitis and hives,Over-the-Counter
Omeprazole,Topical Corticosteroid,Ointment,400mg,GSK,Cough suppression,Over-the-Counter
Dexamethasone,Leukotriene Inhibitor,Extended Release Tablet,500mg,GlaxoSmithKline,Hypertension and heart failure,Prescription
Oxycodone,Antifungal,Inhaler,1mg,Roche,Bacterial infections treatment,Prescription
Clotrimazole,Antifungal,Drops,50mg,Bayer,Constipation relief,Over-the-Counter
Prednisone,Leukotriene Inhibitor,Suppository,0.5mg,Merck,Inflammation and autoimmune disorders,Prescription
Pregabalin,Anticonvulsant,Capsule,25mg,Eli Lilly,Type 2 diabetes management,Prescription
Furosemide,Antidepressant/SSRI,Inhaler,1000mg,Gilead Sciences,Hypertension and angina,Prescription
Bismuth Subsalicylate,Antacid/PPI,Liquid,325mg,Sanofi,Acne treatment,Over-the-Counter
Clindamycin,Calcium Channel Blocker,Injection,0.5mg,Eli Lilly,Hypothyroidism treatment,Prescription
Cetirizine,Topical Antibiotic,Chewable Tablet,2%,Sanofi,Minor pain and itching relief,Over-the-Counter
Docusate Sodium,Topical Anesthetic,Spray,500mg,Pfizer,Allergic rhinitis and hives,Over-the-Counter
Hydrocodone,Calcium Channel Blocker,Capsule,50mg,Johnson & Johnson,Epilepsy and neuropathic pain,Prescription
Metformin,Statin,Inhaler,2mg,Roche,Hypothyroidism treatment,Prescription
Dextromethorphan,Antiplatelet,Powder,500mg,GSK,Gas and bloating relief,Over-the-Counter
Albuterol,Calcium Channel Blocker,Sublingual Tablet,500mg,Eli Lilly,Hypertension management,Prescription
Benzoyl Peroxide,Topical Anesthetic,Spray,400mg,Reckitt,Diarrhea treatment,Over-the-Counter
Benzoyl Peroxide,Antiemetic,Drops,250mg,Bayer,Fungal skin infections,Over-the-Counter
Dexamethasone,Statin,Capsule,400mcg,Amgen,Edema and hypertension,Prescription
Aluminum Hydroxide,Antacid/PPI,Drops,500mg,3M Healthcare,Motion sickness and nausea,Over-the-Counter
Salicylic Acid,Antacid/PPI,Gel,325mg,Reckitt,Skin inflammation and itching,Over-the-Counter
Ciprofloxacin,Antidiabetic,Extended Release Tablet,10mg,AstraZeneca,Bacterial infections treatment,Prescription
Trimethoprim,Corticosteroid,Tablet,2mg,Sanofi,Moderate to severe pain management,Prescription
Doxycycline,Opioid Analgesic,Suppository,20mg,Pfizer,Type 2 diabetes management,Prescription
Dexamethasone,Anticonvulsant,Patch,250mg,Amgen,Depression and anxiety disorders,Prescription
Fluoxetine,Anticoagulant,Capsule,200mcg,Novartis,Hypertension management,Prescription
Ibuprofen,Antiplatelet,Lozenge,1%,GSK,Cough suppression,Over-the-Counter
Aspirin,Topical Antibiotic,Lozenge,125mg,Unilever,Minor pain and itching relief,Over-the-Counter
Ibuprofen,Antiplatelet,Powder,150mg,Johnson & Johnson,Acne treatment,Over-the-Counter
Aluminum Hydroxide,Acne Treatment,Ointment,200mg,Johnson & Johnson,Blood clot prevention,Over-the-Counter
Zinc Oxide,Skin Protectant,Capsule,400mg,GSK,Blood clot prevention,Over-the-Counter
Fluoxetine,Antidepressant/SSRI,Liquid,5mg,Abbott,Inflammation and autoimmune disorders,Prescription
Cetirizine,Expectorant,Cream,250mg,Reckitt,Heartburn and acid reflux,Over-the-Counter
Benzoyl Peroxide,Sleep Aid,Liquid,20mg,Sanofi,Constipation relief,Over-the-Counter
Famotidine,Topical Antibiotic,Drops,1%,Unilever,GERD and peptic ulcer,Over-the-Counter
Neosporin,Topical Corticosteroid,Liquid,20mg,Bayer,Chest congestion and mucus relief,Over-the-Counter
Pseudoephedrine,Topical Anesthetic,Gel,100mg,Novartis,Minor wound infection prevention,Over-the-Counter
Metoprolol,Antibiotic,Sublingual Tablet,50mg,Roche,Asthma and bronchospasm,Prescription
Dexamethasone,Antidiabetic,Patch,20mg,Abbott,Asthma and bronchospasm,Prescription
Loperamide,Skin Protectant,Cream,5%,P&G,Cough suppression,Over-the-Counter
Ciprofloxacin,Antibiotic,Capsule,75mg,GlaxoSmithKline,Anxiety and panic disorders,Prescription
Losartan,Anxiolytic/Benzodiazepine,Sublingual Tablet,0.5mg,Boehringer Ingelheim,Edema and hypertension,Prescription
Alprazolam,Corticosteroid,Nasal Spray,5mg,Roche,Asthma and bronchospasm,Prescription
Lisinopril,Statin,Inhaler,2mg,Novartis,Asthma and bronchospasm,Prescription
Meclizine,Antiemetic,Ointment,325mg,Chattem,Acne treatment,Over-the-Counter
Oxycodone,Antiplatelet,Suppository,200mcg,Johnson & Johnson,Epilepsy and neuropathic pain,Prescription
Azithromycin,Antifungal,Capsule,25mg,Abbott,Anxiety and panic disorders,Prescription
Gabapentin,Anxiolytic/Benzodiazepine,Capsule,5mg,Sanofi,Edema and hypertension,Prescription
Aspirin,Skin Protectant,Drops,100mg,Bayer,Minor wound infection prevention,Over-the-Counter
Ciprofloxacin,Antiplatelet,IV Infusion,2mg,Boehringer Ingelheim,GERD and peptic ulcer disease,Prescription
Hydrocortisone Cream,Skin Protectant,Gel,5%,Unilever,Minor wound infection prevention,Over-the-Counter
Metformin,Antidiabetic,Sublingual Tablet,100mg,GlaxoSmithKline,Edema and hypertension,Prescription
Losartan,Beta Blocker,Patch,150mg,Novartis,Inflammation and autoimmune disorders,Prescription
Pregabalin,Antibiotic,Nasal Spray,100mcg,Roche,Hypothyroidism treatment,Prescription
Sertraline,Diuretic,Tablet,200mcg,Boehringer Ingelheim,Asthma and bronchospasm,Prescription
Albuterol,ACE Inhibitor,Injection,2mg,AstraZeneca,Hypertension and angina,Prescription
Dextromethorphan,Antiemetic,Patch,10mg,Novartis,Pain relief and fever reduction,Over-the-Counter
Clindamycin,Antibiotic,Extended Release Tablet,0.5mg,Johnson & Johnson,Hypertension and angina,Prescription
Metformin,Antiplatelet,Patch,50mg,Pfizer,High cholesterol management,Prescription
Metoprolol,Antibiotic,Patch,75mg,Roche,Moderate to severe pain management,Prescription
Ibuprofen,Expectorant,Liquid,10mg,Prestige Brands,Diarrhea treatment,Over-the-Counter
Salicylic Acid,Antiplatelet,Powder,250mg,Reckitt,Nasal congestion relief,Over-the-Counter
Calcium Carbonate,Antihistamine,Liquid,20mg,P&G,Skin inflammation and itching,Over-the-Counter
Guaifenesin,Topical Antibiotic,Chewable Tablet,50mg,Sanofi,GERD and peptic ulcer,Over-the-Counter
Clotrimazole,Analgesic,Spray,250mg,Chattem,Insomnia and sleep aid,Over-the-Counter
Zinc Oxide,Antiplatelet,Cream,200mg,P&G,Minor wound infection prevention,Over-the-Counter
Bacitracin,Antiemetic,Liquid,5mg,Prestige Brands,Diarrhea treatment,Over-the-Counter
Clindamycin,Anticoagulant,Sublingual Tablet,400mcg,Johnson & Johnson,Blood clot prevention,Prescription
Dextromethorphan,Decongestant,Liquid,100mg,Prestige Brands,Blood clot prevention,Over-the-Counter
Loperamide,Decongestant,Gel,200mg,P&G,Blood clot prevention,Over-the-Counter
Aluminum Hydroxide,Antifungal,Powder,50mg,Reckitt,Acne treatment,Over-the-Counter
Hydrocodone,Antidepressant/SSRI,Sublingual Tablet,25mg,Johnson & Johnson,Moderate to severe pain management,Prescription
Albuterol,Leukotriene Inhibitor,Inhaler,2mg,Boehringer Ingelheim,Asthma and allergic rhinitis,Prescription
Clopidogrel,ARB,Nasal Spray,100mcg,Gilead Sciences,Fungal infections treatment,Prescription
Dexamethasone,Diuretic,Nasal Spray,1000mg,Pfizer,High cholesterol management,Prescription
Metoprolol,Antibiotic,Suppository,200mg,Bristol-Myers Squibb,Blood clot prevention,Prescription
Omeprazole,Antiflatulent,Ointment,20mg,Sanofi,Blood clot prevention,Over-the-Counter
Acetaminophen,Acne Treatment,Capsule,5%,Sanofi,Fungal skin infections,Over-the-Counter
Furosemide,Antidepressant/SSRI,Capsule,75mg,Merck,Inflammation and autoimmune disorders,Prescription
Benzoyl Peroxide,Antifungal,Spray,125mg,Pfizer,Nasal congestion relief,Over-the-Counter
Famotidine,Cough Suppressant,Drops,25mg,Reckitt,Constipation relief,Over-the-Counter
Bacitracin,Antiplatelet,Cream,250mg,3M Healthcare,Insomnia and sleep aid,Over-the-Counter
Gabapentin,Statin,Tablet,10mg,Abbott,Moderate to severe pain management,Prescription
Losartan,Antiplatelet,Liquid,50mcg,Sanofi,Heart attack and stroke prevention,Prescription
Cetirizine,Acne Treatment,Tablet,150mg,Reckitt,GERD and peptic ulcer,Over-the-Counter
Zinc Oxide,Analgesic,Gel,50mg,Unilever,Motion sickness and nausea,Over-the-Counter
Famotidine,Antacid/H2 Blocker,Chewable Tablet,150mg,Novartis,Allergic rhinitis and hives,Over-the-Counter
Acetaminophen,Antifungal,Gel,325mg,Reckitt,Gas and bloating relief,Over-the-Counter
Docusate Sodium,Antacid/H2 Blocker,Chewable Tablet,325mg,3M Healthcare,Allergic rhinitis and hives,Over-the-Counter
Ibuprofen,Antacid/PPI,Cream,100mg,Pfizer,Nasal congestion relief,Over-the-Counter
Loperamide,Antacid/PPI,Tablet,5mg,P&G,Pain relief and fever reduction,Over-the-Counter
Miconazole,Acne Treatment,Ointment,10mg,Chattem,Acne treatment,Over-the-Counter
Lidocaine Cream,Antacid/H2 Blocker,Spray,50mg,Unilever,Nasal congestion relief,Over-the-Counter
Acetaminophen,Antacid/H2 Blocker,Capsule,400mg,Unilever,Insomnia and sleep aid,Over-the-Counter
Furosemide,Antidiabetic,Extended Release Tablet,1mg,AstraZeneca,Inflammation and autoimmune disorders,Prescription
Famotidine,Antiflatulent,Patch,5%,P&G,Minor pain and itching relief,Over-the-Counter
Miconazole,Antidiarrheal,Drops,325mg,Reckitt,Heartburn and indigestion,Over-the-Counter
Diphenhydramine,Antacid,Powder,200mg,Chattem,Diarrhea treatment,Over-the-Counter
Dexamethasone,Opioid Analgesic,IV Infusion,150mg,Merck,Asthma and bronchospasm,Prescription
Aluminum Hydroxide,Antacid/PPI,Powder,2%,Bayer,Pain relief and fever reduction,Over-the-Counter
Loperamide,Antacid,Chewable Tablet,20mg,3M Healthcare,Allergic rhinitis and hives,Over-the-Counter
Pregabalin,Leukotriene Inhibitor,Topical Solution,75mg,Amgen,Inflammation and autoimmune disorders,Prescription
Levothyroxine,Antiplatelet,Topical Solution,250mg,Novartis,Heart attack and stroke prevention,Prescription
Magnesium Hydroxide,Skin Protectant,Liquid,250mg,Sanofi,Constipation relief,Over-the-Counter
Lisinopril,Diuretic,Liquid,200mcg,Amgen,Heart attack and stroke prevention,Prescription
Dextromethorphan,Sleep Aid,Spray,50mg,Unilever,Pain relief and fever reduction,Over-the-Counter
Metformin,Leukotriene Inhibitor,Extended Release Tablet,1000mg,Sanofi,Inflammation and autoimmune disorders,Prescription
Trimethoprim,Statin,Tablet,50mg,Abbott,Hypothyroidism treatment,Prescription
Cetirizine,Cough Suppressant,Powder,25mg,Unilever,GERD and peptic ulcer,Over-the-Counter
Clotrimazole,Antacid,Chewable Tablet,10mg,Prestige Brands,Acne treatment,Over-the-Counter
Amlodipine,Opioid Analgesic,Sublingual Tablet,500mg,Amgen,GERD and peptic ulcer disease,Prescription
Pantoprazole,Anxiolytic/Benzodiazepine,IV Infusion,0.25mg,AstraZeneca,Inflammation and autoimmune disorders,Prescription
Clopidogrel,Diuretic,Inhaler,20mg,Novartis,Hypertension and angina,Prescription
Bacitracin,Topical Corticosteroid,Patch,10mg,Sanofi,Constipation relief,Over-the-Counter
Metformin,Calcium Channel Blocker,Capsule,50mcg,Eli Lilly,Epilepsy and neuropathic pain,Prescription
Zinc Oxide,Antihistamine,Drops,125mg,Prestige Brands,Minor pain and itching relief,Over-the-Counter
Calcium Carbonate,Antiemetic,Liquid,5%,Novartis,Acne treatment,Over-the-Counter
Atorvastatin,Opioid Analgesic,Tablet,1000mg,Boehringer Ingelheim,Inflammation and autoimmune disorders,Prescription
Aspirin,Antiemetic,Liquid,125mg,Unilever,GERD and peptic ulcer,Over-the-Counter
Meclizine,Laxative,Drops,200mg,Novartis,Minor cuts and skin protection,Over-the-Counter
Loperamide,Antacid/H2 Blocker,Capsule,400mg,Sanofi,Constipation relief,Over-the-Counter
Hydrocortisone Cream,Antiemetic,Capsule,125mg,Bayer,Insomnia and sleep aid,Over-the-Counter
Oxycodone,Beta Blocker,Inhaler,100mg,Merck,Asthma and bronchospasm,Prescription
Metformin,Calcium Channel Blocker,Injection,5mg,GlaxoSmithKline,Hypertension and angina,Prescription
Bacitracin,Antiplatelet,Powder,50mg,GSK,Heartburn and indigestion,Over-the-Counter
Bacitracin,Antihistamine,Gel,200mg,GSK,Motion sickness and nausea,Over-the-Counter
Aspirin,Antacid,Cream,500mg,Bayer,Skin inflammation and itching,Over-the-Counter
Calcium Carbonate,Antacid,Ointment,325mg,Unilever,Gas and bloating relief,Over-the-Counter
Pseudoephedrine,Skin Protectant,Drops,200mg,Johnson & Johnson,Heartburn and acid reflux,Over-the-Counter
Calcium Carbonate,Antihistamine,Powder,1%,P&G,Minor wound infection prevention,Over-the-Counter
Ibuprofen,Topical Anesthetic,Drops,2%,Chattem,Insomnia and sleep aid,Over-the-Counter
Hydrocodone,Leukotriene Inhibitor,Patch,20mg,Novartis,Bacterial infections treatment,Prescription
Benzoyl Peroxide,Antacid,Capsule,325mg,Sanofi,Minor cuts and skin protection,Over-the-Counter
Acetaminophen,Sleep Aid,Drops,400mg,Bayer,Fungal skin infections,Over-the-Counter
Ranitidine,Antacid/PPI,Drops,250mg,Sanofi,Pain relief and fever reduction,Over-the-Counter
Aluminum Hydroxide,Antidiarrheal,Gel,500mg,Johnson & Johnson,Diarrhea treatment,Over-the-Counter
Bacitracin,Cough Suppressant,Capsule,500mg,Sanofi,Insomnia and sleep aid,Over-the-Counter
Azithromycin,Thyroid Hormone,Capsule,150mg,Merck,Type 2 diabetes management,Prescription
Warfarin,ARB,Tablet,200mg,AstraZeneca,Hypertension and heart failure,Prescription
Ibuprofen,Antiflatulent,Capsule,2%,Bayer,Nasal congestion relief,Over-the-Counter
Bacitracin,Topical Anesthetic,Tablet,2%,Reckitt,Minor cuts and skin protection,Over-the-Counter
Loratadine,Decongestant,Chewable Tablet,5mg,Novartis,Blood clot prevention,Over-the-Counter
Magnesium Hydroxide,Topical Corticosteroid,Chewable Tablet,20mg,Chattem,Motion sickness and nausea,Over-the-Counter
Pseudoephedrine,Sleep Aid,Liquid,200mg,Sanofi,Fungal skin infections,Over-the-Counter
Diphenhydramine,Antiemetic,Chewable Tablet,20mg,GSK,Nasal congestion relief,Over-the-Counter
Atorvastatin,ACE Inhibitor,Sublingual Tablet,150mg,GlaxoSmithKline,Hypertension and heart failure,Prescription
Calcium Carbonate,Analgesic,Patch,150mg,Sanofi,Motion sickness and nausea,Over-the-Counter
Aluminum Hydroxide,Sleep Aid,Chewable Tablet,1%,Chattem,Nasal congestion relief,Over-the-Counter
Escitalopram,PPI,Sublingual Tablet,150mg,Bristol-Myers Squibb,Asthma and bronchospasm,Prescription
Hydrocortisone Cream,Expectorant,Lozenge,10mg,Sanofi,Minor wound infection prevention,Over-the-Counter
Calcium Carbonate,Cough Suppressant,Patch,125mg,Unilever,Motion sickness and nausea,Over-the-Counter
Furosemide,Antibiotic,Tablet,0.25mg,Amgen,Hypertension management,Prescription
Pantoprazole,Antiplatelet,Liquid,250mg,Roche,Anxiety and panic disorders,Prescription
Pantoprazole,Corticosteroid,Extended Release Tablet,10mg,Boehringer Ingelheim,Bacterial infections treatment,Prescription
Amoxicillin,PPI,Extended Release Tablet,20mg,Abbott,GERD and peptic ulcer disease,Prescription
Metoprolol,Diuretic,Capsule,250mg,Novartis,Hypertension and angina,Prescription
Diphenhydramine,Antacid/PPI,Powder,50mg,Pfizer,Nasal congestion relief,Over-the-Counter
Meclizine,Antacid/PPI,Cream,50mg,Novartis,Chest congestion and mucus relief,Over-the-Counter
Sertraline,Opioid Analgesic,Liquid,0.5mg,Merck,Epilepsy and neuropathic pain,Prescription
Warfarin,Antibiotic,Patch,5mg,Merck,GERD and peptic ulcer disease,Prescription
Pseudoephedrine,Cough Suppressant,Drops,200mg,Prestige Brands,Acne treatment,Over-the-Counter
Hydrocortisone Cream,Antiplatelet,Powder,125mg,GSK,Blood clot prevention,Over-the-Counter
Loperamide,Topical Antibiotic,Lozenge,5mg,Unilever,Heartburn and acid reflux,Over-the-Counter
Clopidogrel,Bronchodilator,Nasal Spray,50mcg,Eli Lilly,Depression and anxiety disorders,Prescription
Cetirizine,Antacid,Tablet,50mg,Unilever,Motion sickness and nausea,Over-the-Counter
Docusate Sodium,Topical Corticosteroid,Drops,500mg,Pfizer,Diarrhea treatment,Over-the-Counter
Lidocaine Cream,Antiemetic,Gel,400mg,Bayer,Cough suppression,Over-the-Counter
Amoxicillin,Calcium Channel Blocker,Nasal Spray,200mcg,Novartis,GERD and peptic ulcer disease,Prescription
Lidocaine Cream,Topical Anesthetic,Cream,50mg,Pfizer,Fungal skin infections,Over-the-Counter
Sertraline,PPI,Topical Solution,5mg,Boehringer Ingelheim,Epilepsy and neuropathic pain,Prescription
Lisinopril,Opioid Analgesic,Liquid,100mg,GlaxoSmithKline,Fungal infections treatment,Prescription
Azithromycin,Antidepressant/SSRI,Capsule,100mg,AstraZeneca,Hypertension and heart failure,Prescription
Trimethoprim,Anticoagulant,Capsule,200mg,Amgen,Bacterial infections treatment,Prescription
Hydrocodone,Anticoagulant,Inhaler,5mg,Novartis,Epilepsy and neuropathic pain,Prescription
Famotidine,Decongestant,Powder,150mg,Reckitt,Heartburn and acid reflux,Over-the-Counter
Montelukast,Beta Blocker,Patch,100mg,Bristol-Myers Squibb,Hypertension management,Prescription
Dexamethasone,Opioid Analgesic,Tablet,0.5mg,Novartis,Hypertension and heart failure,Prescription
Ibuprofen,Decongestant,Patch,50mg,Sanofi,Cough suppression,Over-the-Counter
Pseudoephedrine,Decongestant,Cream,150mg,Unilever,GERD and peptic ulcer,Over-the-Counter
Aluminum Hydroxide,Analgesic,Capsule,1%,3M Healthcare,Chest congestion and mucus relief,Over-the-Counter
Bismuth Subsalicylate,Antiflatulent,Drops,325mg,Unilever,Nasal congestion relief,Over-the-Counter
Fluoxetine,Calcium Channel Blocker,Patch,5mg,Boehringer Ingelheim,Edema and hypertension,Prescription
Furosemide,ARB,Topical Solution,500mg,Gilead Sciences,Anxiety and panic disorders,Prescription
Bacitracin,Antiplatelet,Lozenge,100mg,Prestige Brands,Gas and bloating relief,Over-the-Counter
Losartan,Calcium Channel Blocker,Tablet,20mg,Johnson & Johnson,Fungal infections treatment,Prescription
Benzoyl Peroxide,Antiflatulent,Drops,25mg,Chattem,Skin inflammation and itching,Over-the-Counter
Famotidine,Antihistamine,Patch,20mg,P&G,Insomnia and sleep aid,Over-the-Counter
Clopidogrel,Antibiotic,Inhaler,500mg,Bristol-Myers Squibb,Moderate to severe pain management,Prescription
Trimethoprim,Diuretic,Patch,500mg,AstraZeneca,Hypertension and heart failure,Prescription
Amoxicillin,ACE Inhibitor,Extended Release Tablet,2mg,Sanofi,Asthma and bronchospasm,Prescription
Ranitidine,Topical Antibiotic,Capsule,250mg,Reckitt,GERD and peptic ulcer,Over-the-Counter
Loratadine,Topical Corticosteroid,Powder,100mg,3M Healthcare,Gas and bloating relief,Over-the-Counter
Famotidine,Topical Corticosteroid,Tablet,50mg,P&G,Allergic rhinitis and hives,Over-the-Counter
Simethicone,Antacid,Lozenge,400mg,P&G,Heartburn and acid reflux,Over-the-Counter
Amlodipine,Corticosteroid,Sublingual Tablet,100mcg,Eli Lilly,Asthma and bronchospasm,Prescription
Loperamide,Antacid/H2 Blocker,Ointment,325mg,Unilever,Cough suppression,Over-the-Counter
Metoprolol,Bronchodilator,Liquid,50mg,AstraZeneca,Heart attack and stroke prevention,Prescription
Gabapentin,Antidepressant/SSRI,Nasal Spray,200mg,Novartis,Asthma and allergic rhinitis,Prescription
Magnesium Hydroxide,Laxative,Cream,325mg,Johnson & Johnson,Gas and bloating relief,Over-the-Counter
Albuterol,Calcium Channel Blocker,Tablet,250mg,Gilead Sciences,Hypothyroidism treatment,Prescription
Lisinopril,Antibiotic,Nasal Spray,100mg,Abbott,Anxiety and panic disorders,Prescription
Aluminum Hydroxide,Sleep Aid,Liquid,10mg,Pfizer,Allergic rhinitis and hives,Over-the-Counter
Amlodipine,Anticoagulant,Capsule,0.25mg,Pfizer,Hypertension and angina,Prescription
Montelukast,Antidiabetic,Injection,200mg,Boehringer Ingelheim,Fungal infections treatment,Prescription
Aluminum Hydroxide,Sleep Aid,Chewable Tablet,50mg,Prestige Brands,Heartburn and acid reflux,Over-the-Counter
Gabapentin,Thyroid Hormone,Suppository,250mg,Amgen,High cholesterol management,Prescription
Zinc Oxide,Sleep Aid,Patch,150mg,Unilever,Fungal skin infections,Over-the-Counter
Acetaminophen,Sleep Aid,Drops,25mg,P&G,GERD and peptic ulcer,Over-the-Counter
Clindamycin,Anticoagulant,Topical Solution,100mg,Johnson & Johnson,Blood clot prevention,Prescription
Ibuprofen,Expectorant,Spray,150mg,P&G,Heartburn and indigestion,Over-the-Counter
Zinc Oxide,Decongestant,Chewable Tablet,325mg,Novartis,Nasal congestion relief,Over-the-Counter
Dexamethasone,Bronchodilator,Topical Solution,200mg,Pfizer,Asthma and allergic rhinitis,Prescription
Bismuth Subsalicylate,Topical Anesthetic,Patch,20mg,Reckitt,Minor pain and itching relief,Over-the-Counter
Gabapentin,ACE Inhibitor,Inhaler,75mg,Novartis,Depression and anxiety disorders,Prescription
Loratadine,Antidiarrheal,Capsule,1%,Prestige Brands,Heartburn and acid reflux,Over-the-Counter
Escitalopram,ARB,Patch,20mg,Novartis,GERD and peptic ulcer disease,Prescription
Ibuprofen,Antiplatelet,Tablet,10mg,Reckitt,Insomnia and sleep aid,Over-the-Counter
Ranitidine,Antihistamine,Tablet,150mg,Bayer,Constipation relief,Over-the-Counter
Alprazolam,Antifungal,Patch,5mg,Amgen,Asthma and allergic rhinitis,Prescription
Levothyroxine,Anticonvulsant,Nasal Spray,10mg,Merck,Bacterial infections treatment,Prescription
Levothyroxine,Bronchodilator,Patch,10mg,Abbott,Depression and anxiety disorders,Prescription
Lisinopril,Antidepressant/SSRI,Extended Release Tablet,25mg,Abbott,Hypertension and angina,Prescription
Hydrocortisone Cream,Antacid,Lozenge,5%,Reckitt,Heartburn and indigestion,Over-the-Counter
Amoxicillin,Antidiabetic,Sublingual Tablet,20mg,Sanofi,Fungal infections treatment,Prescription
Prednisone,Antifungal,Nasal Spray,250mg,AstraZeneca,Asthma and bronchospasm,Prescription
Trimethoprim,Statin,Nasal Spray,5mg,GlaxoSmithKline,Bacterial infections treatment,Prescription
Neosporin,Sleep Aid,Patch,325mg,Novartis,GERD and peptic ulcer,Over-the-Counter
Ranitidine,Topical Anesthetic,Chewable Tablet,100mg,P&G,Skin inflammation and itching,Over-the-Counter
Calcium Carbonate,Decongestant,Cream,50mg,3M Healthcare,Allergic rhinitis and hives,Over-the-Counter
Aluminum Hydroxide,Sleep Aid,Chewable Tablet,325mg,3M Healthcare,Chest congestion and mucus relief,Over-the-Counter
Salicylic Acid,Decongestant,Capsule,500mg,Chattem,Allergic rhinitis and hives,Over-the-Counter
Loratadine,Antihistamine,Gel,250mg,Unilever,Motion sickness and nausea,Over-the-Counter
Warfarin,Statin,Tablet,100mg,Johnson & Johnson,Anxiety and panic disorders,Prescription
Calcium Carbonate,Skin Protectant,Capsule,2%,GSK,Minor pain and itching relief,Over-the-Counter
Hydrocodone,Anticoagulant,Nasal Spray,25mg,Eli Lilly,Edema and hypertension,Prescription
Aluminum Hydroxide,Topical Corticosteroid,Capsule,50mg,3M Healthcare,Chest congestion and mucus relief,Over-the-Counter
Omeprazole,Topical Antibiotic,Cream,25mg,Pfizer,Gas and bloating relief,Over-the-Counter
Omeprazole,Antidiarrheal,Drops,50mg,P&G,Nasal congestion relief,Over-the-Counter
Famotidine,Expectorant,Chewable Tablet,150mg,Novartis,Heartburn and acid reflux,Over-the-Counter
Metoprolol,Antibiotic,IV Infusion,1000mg,Sanofi,Hypertension and angina,Prescription
Docusate Sodium,Antifungal,Ointment,10mg,Reckitt,Nasal congestion relief,Over-the-Counter
Aspirin,Antiemetic,Lozenge,400mg,Prestige Brands,GERD and peptic ulcer,Over-the-Counter
Docusate Sodium,Topical Anesthetic,Patch,150mg,P&G,Insomnia and sleep aid,Over-the-Counter
Zinc Oxide,Skin Protectant,Tablet,5%,P&G,Heartburn and acid reflux,Over-the-Counter
Warfarin,Calcium Channel Blocker,IV Infusion,75mg,Amgen,Moderate to severe pain management,Prescription
Warfarin,Leukotriene Inhibitor,Patch,150mg,Johnson & Johnson,Epilepsy and neuropathic pain,Prescription
Zinc Oxide,Antifungal,Cream,50mg,Sanofi,Minor cuts and skin protection,Over-the-Counter
Calcium Carbonate,Topical Corticosteroid,Powder,400mg,Johnson & Johnson,Insomnia and sleep aid,Over-the-Counter
Pseudoephedrine,Topical Anesthetic,Chewable Tablet,150mg,Novartis,Minor cuts and skin protection,Over-the-Counter
Bismuth Subsalicylate,Antacid/H2 Blocker,Drops,250mg,Reckitt,GERD and peptic ulcer,Over-the-Counter
Albuterol,PPI,Capsule,50mcg,Bristol-Myers Squibb,Edema and hypertension,Prescription
Metronidazole,ARB,Injection,500mg,AstraZeneca,Fungal infections treatment,Prescription
Metformin,ACE Inhibitor,Injection,1000mg,Johnson & Johnson,Bacterial infections treatment,Prescription
Neosporin,Antifungal,Patch,50mg,Bayer,Fungal skin infections,Over-the-Counter
Levothyroxine,Beta Blocker,Extended Release Tablet,75mg,Johnson & Johnson,Fungal infections treatment,Prescription
Clotrimazole,Cough Suppressant,Spray,150mg,GSK,Skin inflammation and itching,Over-the-Counter
Aspirin,Antifungal,Tablet,5mg,Sanofi,Constipation relief,Over-the-Counter
Omeprazole,Topical Antibiotic,Cream,500mg,Novartis,Minor cuts and skin protection,Over-the-Counter
Furosemide,Anticonvulsant,Topical Solution,400mcg,GlaxoSmithKline,Hypothyroidism treatment,Prescription
Calcium Carbonate,Decongestant,Drops,2%,Johnson & Johnson,Heartburn and indigestion,Over-the-Counter
Dexamethasone,Antiplatelet,Patch,0.25mg,Gilead Sciences,Heart attack and stroke prevention,Prescription
Levothyroxine,Antifungal,Liquid,150mg,Eli Lilly,Hypertension management,Prescription
Sertraline,Diuretic,Suppository,1000mg,GlaxoSmithKline,Hypothyroidism treatment,Prescription
Warfarin,Beta Blocker,Liquid,1000mg,Johnson & Johnson,Anxiety and panic disorders,Prescription
Montelukast,Opioid Analgesic,Inhaler,0.5mg,Roche,Hypertension and heart failure,Prescription
Loratadine,Topical Antibiotic,Gel,10mg,Bayer,Blood clot prevention,Over-the-Counter
Metoprolol,Opioid Analgesic,Capsule,25mg,Boehringer Ingelheim,Moderate to severe pain management,Prescription
Guaifenesin,Cough Suppressant,Spray,25mg,3M Healthcare,Nasal congestion relief,Over-the-Counter
Aspirin,Antiplatelet,Cream,10mg,Pfizer,GERD and peptic ulcer,Over-the-Counter
Bismuth Subsalicylate,Decongestant,Ointment,325mg,Unilever,GERD and peptic ulcer,Over-the-Counter
Escitalopram,Corticosteroid,Patch,0.5mg,Eli Lilly,Asthma and bronchospasm,Prescription
Clopidogrel,Diuretic,Sublingual Tablet,1000mg,Sanofi,Inflammation and autoimmune disorders,Prescription
Prednisone,Antidepressant/SSRI,Tablet,0.25mg,Boehringer Ingelheim,Inflammation and autoimmune disorders,Prescription
Acetaminophen,Topical Anesthetic,Capsule,5%,Prestige Brands,Minor cuts and skin protection,Over-the-Counter
Loratadine,Expectorant,Capsule,200mg,Reckitt,Minor wound infection prevention,Over-the-Counter
Docusate Sodium,Antihistamine,Chewable Tablet,500mg,Prestige Brands,Minor wound infection prevention,Over-the-Counter
Benzoyl Peroxide,Laxative,Powder,200mg,Novartis,Cough suppression,Over-the-Counter
Warfarin,Anxiolytic/Benzodiazepine,Inhaler,2mg,Eli Lilly,Bacterial infections treatment,Prescription
Bismuth Subsalicylate,Cough Suppressant,Cream,100mg,Chattem,Gas and bloating relief,Over-the-Counter
Trimethoprim,ACE Inhibitor,Patch,1mg,Abbott,High cholesterol management,Prescription
Fluoxetine,Statin,IV Infusion,25mg,Sanofi,High cholesterol management,Prescription
Atorvastatin,Corticosteroid,IV Infusion,100mcg,Amgen,Epilepsy and neuropathic pain,Prescription
Doxycycline,Antibiotic,IV Infusion,25mg,Sanofi,Blood clot prevention,Prescription
Lisinopril,Antidepressant/SSRI,Suppository,100mg,Roche,Fungal infections treatment,Prescription
Losartan,Anticoagulant,Topical Solution,150mg,Sanofi,Hypertension and angina,Prescription
Alprazolam,Statin,Nasal Spray,400mcg,Abbott,Moderate to severe pain management,Prescription
Fluoxetine,Antidepressant/SSRI,Injection,150mg,Bristol-Myers Squibb,Fungal infections treatment,Prescription
Escitalopram,Anxiolytic/Benzodiazepine,Suppository,200mcg,Merck,Bacterial infections treatment,Prescription
Aspirin,Topical Antibiotic,Cream,100mg,Bayer,Skin inflammation and itching,Over-the-Counter
Furosemide,Beta Blocker,Topical Solution,2mg,Amgen,Depression and anxiety disorders,Prescription
Cetirizine,Sleep Aid,Patch,125mg,Chattem,Minor cuts and skin protection,Over-the-Counter
Doxycycline,ARB,Topical Solution,2mg,Sanofi,Fungal infections treatment,Prescription
Oxycodone,Anticoagulant,Topical Solution,50mcg,Boehringer Ingelheim,High cholesterol management,Prescription
Aspirin,Laxative,Powder,400mg,Johnson & Johnson,Motion sickness and nausea,Over-the-Counter
Prednisone,Corticosteroid,Sublingual Tablet,0.25mg,Pfizer,Depression and anxiety disorders,Prescription
Levothyroxine,ARB,Suppository,250mg,Boehringer Ingelheim,Asthma and bronchospasm,Prescription
Salicylic Acid,Laxative,Powder,2%,Bayer,Skin inflammation and itching,Over-the-Counter
Lidocaine Cream,Sleep Aid,Ointment,50mg,Novartis,GERD and peptic ulcer,Over-the-Counter
Docusate Sodium,Antacid,Patch,50mg,Reckitt,GERD and peptic ulcer,Over-the-Counter
Aluminum Hydroxide,Sleep Aid,Lozenge,125mg,Bayer,Cough suppression,Over-the-Counter
Clotrimazole,Antacid,Ointment,325mg,Unilever,Insomnia and sleep aid,Over-the-Counter
Levothyroxine,Antiplatelet,IV Infusion,1mg,Sanofi,Moderate to severe pain management,Prescription
Levothyroxine,Anticonvulsant,Inhaler,50mg,Bristol-Myers Squibb,Asthma and bronchospasm,Prescription
Amoxicillin,ARB,Extended Release Tablet,0.25mg,Gilead Sciences,Hypertension and heart failure,Prescription
Clotrimazole,Antacid,Drops,400mg,P&G,Acne treatment,Over-the-Counter
Benzoyl Peroxide,Antifungal,Tablet,50mg,Prestige Brands,Minor cuts and skin protection,Over-the-Counter
Fluoxetine,ARB,Nasal Spray,0.5mg,Eli Lilly,Edema and hypertension,Prescription
Pantoprazole,Antibiotic,Suppository,100mcg,Amgen,High cholesterol management,Prescription
Naproxen,Cough Suppressant,Gel,325mg,Novartis,Skin inflammation and itching,Over-the-Counter
Simethicone,Laxative,Spray,50mg,Unilever,Allergic rhinitis and hives,Over-the-Counter
Aluminum Hydroxide,Antihistamine,Cream,20mg,Pfizer,Gas and bloating relief,Over-the-Counter
Loperamide,Cough Suppressant,Ointment,1%,Pfizer,Chest congestion and mucus relief,Over-the-Counter
Oxycodone,ACE Inhibitor,Inhaler,20mg,Gilead Sciences,Hypertension management,Prescription
Escitalopram,PPI,Suppository,5mg,Eli Lilly,Hypertension and heart failure,Prescription
Famotidine,Acne Treatment,Capsule,400mg,Unilever,Nasal congestion relief,Over-the-Counter
Aluminum Hydroxide,Antiemetic,Tablet,20mg,Reckitt,Gas and bloating relief,Over-the-Counter
Docusate Sodium,Decongestant,Lozenge,25mg,Chattem,GERD and peptic ulcer,Over-the-Counter
Pregabalin,Corticosteroid,Extended Release Tablet,0.5mg,Amgen,Anxiety and panic disorders,Prescription
Azithromycin,Bronchodilator,Capsule,250mg,Abbott,Inflammation and autoimmune disorders,Prescription
Azithromycin,Antibiotic,Sublingual Tablet,200mg,AstraZeneca,Blood clot prevention,Prescription
Pregabalin,Leukotriene Inhibitor,Injection,50mg,Boehringer Ingelheim,Anxiety and panic disorders,Prescription
Benzoyl Peroxide,Cough Suppressant,Spray,150mg,3M Healthcare,Pain relief and fever reduction,Over-the-Counter
Fluoxetine,Thyroid Hormone,Extended Release Tablet,0.5mg,GlaxoSmithKline,Inflammation and autoimmune disorders,Prescription
Warfarin,Thyroid Hormone,Patch,10mg,Abbott,Hypothyroidism treatment,Prescription
Metformin,Anticoagulant,Suppository,200mg,Novartis,Bacterial infections treatment,Prescription
Metronidazole,PPI,Capsule,250mg,Abbott,Asthma and allergic rhinitis,Prescription
Levothyroxine,Beta Blocker,IV Infusion,1mg,Abbott,Anxiety and panic disorders,Prescription
Hydrocortisone Cream,Acne Treatment,Gel,125mg,Sanofi,Cough suppression,Over-the-Counter
Azithromycin,Calcium Channel Blocker,IV Infusion,75mg,Novartis,Fungal infections treatment,Prescription
Loratadine,Topical Anesthetic,Ointment,20mg,Sanofi,Acne treatment,Over-the-Counter
Levothyroxine,Thyroid Hormone,Suppository,250mg,AstraZeneca,Hypothyroidism treatment,Prescription
Metoprolol,ACE Inhibitor,Sublingual Tablet,400mcg,Roche,Hypertension and heart failure,Prescription
Amlodipine,Corticosteroid,Suppository,100mg,Abbott,Moderate to severe pain management,Prescription
Pseudoephedrine,Antidiarrheal,Powder,325mg,Pfizer,Minor pain and itching relief,Over-the-Counter
Docusate Sodium,Decongestant,Powder,1%,Pfizer,Minor wound infection prevention,Over-the-Counter
Bismuth Subsalicylate,Antidiarrheal,Powder,1%,Pfizer,Fungal skin infections,Over-the-Counter
Dexamethasone,Anticonvulsant,Suppository,150mg,Novartis,High cholesterol management,Prescription
Warfarin,Leukotriene Inhibitor,Liquid,150mg,AstraZeneca,Hypertension and angina,Prescription
Hydrocodone,Anticoagulant,Capsule,200mg,Abbott,Hypertension and heart failure,Prescription
Pregabalin,Anticonvulsant,IV Infusion,25mg,Roche,Hypertension management,Prescription
Trimethoprim,Antifungal,Extended Release Tablet,25mg,Pfizer,Depression and anxiety disorders,Prescription
Atorvastatin,Bronchodilator,Nasal Spray,50mcg,Eli Lilly,Asthma and bronchospasm,Prescription
Ibuprofen,Skin Protectant,Powder,20mg,Unilever,Nasal congestion relief,Over-the-Counter
Loratadine,Antihistamine,Drops,400mg,Pfizer,Chest congestion and mucus relief,Over-the-Counter
Loratadine,Laxative,Cream,10mg,3M Healthcare,Constipation relief,Over-the-Counter
Metoprolol,Anticoagulant,IV Infusion,1000mg,Amgen,Asthma and bronchospasm,Prescription
Aspirin,Cough Suppressant,Powder,500mg,Pfizer,Blood clot prevention,Over-the-Counter
Ciprofloxacin,Thyroid Hormone,Extended Release Tablet,500mg,Pfizer,Heart attack and stroke prevention,Prescription
Cetirizine,Antifungal,Patch,125mg,Novartis,Motion sickness and nausea,Over-the-Counter
Warfarin,Antiplatelet,Sublingual Tablet,400mcg,Merck,Asthma and allergic rhinitis,Prescription
Atorvastatin,ACE Inhibitor,Nasal Spray,500mg,Johnson & Johnson,Depression and anxiety disorders,Prescription
Zinc Oxide,Laxative,Capsule,400mg,Bayer,Acne treatment,Over-the-Counter
Acetaminophen,Acne Treatment,Liquid,500mg,Unilever,Minor wound infection prevention,Over-the-Counter
Bacitracin,Antiplatelet,Liquid,250mg,3M Healthcare,Minor pain and itching relief,Over-the-Counter
Azithromycin,Opioid Analgesic,Nasal Spray,10mg,Bristol-Myers Squibb,Hypertension and heart failure,Prescription
Alprazolam,Diuretic,Capsule,100mg,Boehringer Ingelheim,Anxiety and panic disorders,Prescription
Metronidazole,Calcium Channel Blocker,Inhaler,50mg,AstraZeneca,Heart attack and stroke prevention,Prescription
Losartan,Corticosteroid,IV Infusion,0.5mg,AstraZeneca,Epilepsy and neuropathic pain,Prescription
Hydrocortisone Cream,Acne Treatment,Powder,5%,Bayer,Allergic rhinitis and hives,Over-the-Counter
Famotidine,Topical Anesthetic,Chewable Tablet,150mg,Bayer,Cough suppression,Over-the-Counter
Oxycodone,Antidepressant/SSRI,Tablet,200mg,Abbott,Bacterial infections treatment,Prescription
Ciprofloxacin,Anxiolytic/Benzodiazepine,Extended Release Tablet,150mg,Abbott,Blood clot prevention,Prescription
Benzoyl Peroxide,Antifungal,Tablet,5%,Sanofi,Minor wound infection prevention,Over-the-Counter
Lisinopril,Antifungal,Liquid,75mg,AstraZeneca,Hypertension and angina,Prescription
Miconazole,Antacid/H2 Blocker,Ointment,325mg,Prestige Brands,Pain relief and fever reduction,Over-the-Counter
Albuterol,Calcium Channel Blocker,Injection,10mg,Pfizer,Anxiety and panic disorders,Prescription
Diphenhydramine,Antihistamine,Chewable Tablet,250mg,Bayer,Minor wound infection prevention,Over-the-Counter
Ranitidine,Cough Suppressant,Drops,5%,Bayer,Pain relief and fever reduction,Over-the-Counter
Metronidazole,Anticonvulsant,Topical Solution,200mcg,Novartis,Fungal infections treatment,Prescription
Prednisone,Leukotriene Inhibitor,Capsule,0.25mg,Gilead Sciences,Asthma and bronchospasm,Prescription
Meclizine,Antacid,Powder,100mg,Novartis,Insomnia and sleep aid,Over-the-Counter
Azithromycin,Calcium Channel Blocker,Inhaler,1mg,Sanofi,Hypertension and angina,Prescription
Benzoyl Peroxide,Acne Treatment,Tablet,100mg,Reckitt,Minor cuts and skin protection,Over-the-Counter
Benzoyl Peroxide,Antiplatelet,Spray,25mg,Prestige Brands,Acne treatment,Over-the-Counter
Clindamycin,Calcium Channel Blocker,Inhaler,2mg,Amgen,Hypertension and heart failure,Prescription
Dextromethorphan,Antiplatelet,Patch,150mg,Pfizer,Allergic rhinitis and hives,Over-the-Counter
Pseudoephedrine,Analgesic,Cream,50mg,Chattem,Diarrhea treatment,Over-the-Counter
Famotidine,Antacid/PPI,Patch,200mg,Prestige Brands,Minor pain and itching relief,Over-the-Counter
Hydrocortisone Cream,Antacid/PPI,Chewable Tablet,2%,Prestige Brands,Minor wound infection prevention,Over-the-Counter
Ciprofloxacin,ARB,Tablet,0.25mg,Pfizer,Epilepsy and neuropathic pain,Prescription
Pantoprazole,Opioid Analgesic,Suppository,1mg,GlaxoSmithKline,Hypertension and heart failure,Prescription
Ciprofloxacin,Opioid Analgesic,Capsule,150mg,AstraZeneca,Depression and anxiety disorders,Prescription
Amlodipine,Antidiabetic,Sublingual Tablet,50mcg,Gilead Sciences,Bacterial infections treatment,Prescription
Diphenhydramine,Expectorant,Ointment,50mg,Prestige Brands,GERD and peptic ulcer,Over-the-Counter
Ciprofloxacin,Antidiabetic,Capsule,25mg,Merck,Hypertension and angina,Prescription
Acetaminophen,Topical Antibiotic,Capsule,500mg,Sanofi,Motion sickness and nausea,Over-the-Counter
Benzoyl Peroxide,Topical Anesthetic,Chewable Tablet,1%,Reckitt,Diarrhea treatment,Over-the-Counter
Escitalopram,Opioid Analgesic,Topical Solution,1000mg,Bristol-Myers Squibb,Anxiety and panic disorders,Prescription
Diphenhydramine,Cough Suppressant,Capsule,400mg,Johnson & Johnson,Blood clot prevention,Over-the-Counter
Losartan,Corticosteroid,Extended Release Tablet,250mg,Amgen,High cholesterol management,Prescription
Acetaminophen,Antacid/PPI,Spray,5mg,Reckitt,Blood clot prevention,Over-the-Counter
Aluminum Hydroxide,Skin Protectant,Lozenge,1%,Novartis,Skin inflammation and itching,Over-the-Counter
Clindamycin,Thyroid Hormone,Topical Solution,10mg,GlaxoSmithKline,Hypertension management,Prescription
Benzoyl Peroxide,Antiplatelet,Tablet,2%,P&G,Minor pain and itching relief,Over-the-Counter
Clopidogrel,Anticoagulant,Capsule,1000mg,Amgen,Hypothyroidism treatment,Prescription
Neosporin,Antiplatelet,Gel,10mg,GSK,Diarrhea treatment,Over-the-Counter
Clopidogrel,Antifungal,Liquid,10mg,Roche,Inflammation and autoimmune disorders,Prescription
Clindamycin,PPI,Patch,5mg,Roche,Epilepsy and neuropathic pain,Prescription
Guaifenesin,Antihistamine,Chewable Tablet,5%,Pfizer,Allergic rhinitis and hives,Over-the-Counter
Miconazole,Antihistamine,Drops,150mg,Prestige Brands,Skin inflammation and itching,Over-the-Counter
Metoprolol,Leukotriene Inhibitor,Extended Release Tablet,200mcg,Merck,Moderate to severe pain management,Prescription
Clotrimazole,Antidiarrheal,Ointment,5%,GSK,Minor cuts and skin protection,Over-the-Counter
Pseudoephedrine,Antihistamine,Cream,2%,P&G,Motion sickness and nausea,Over-the-Counter
Clotrimazole,Antiemetic,Drops,500mg,Prestige Brands,Constipation relief,Over-the-Counter
Ciprofloxacin,Antidiabetic,Liquid,75mg,Merck,GERD and peptic ulcer disease,Prescription
Hydrocodone,ARB,Suppository,150mg,GlaxoSmithKline,High cholesterol management,Prescription
Oxycodone,Beta Blocker,Extended Release Tablet,50mcg,Johnson & Johnson,Hypertension and heart failure,Prescription
Hydrocortisone Cream,Antiflatulent,Cream,100mg,Sanofi,Minor wound infection prevention,Over-the-Counter
Diphenhydramine,Laxative,Chewable Tablet,150mg,Chattem,Minor wound infection prevention,Over-the-Counter
Furosemide,Bronchodilator,Tablet,500mg,Abbott,Hypertension and angina,Prescription
Loratadine,Antacid/PPI,Chewable Tablet,25mg,Prestige Brands,Constipation relief,Over-the-Counter
Atorvastatin,Antiplatelet,Tablet,250mg,Abbott,Hypertension and angina,Prescription
Escitalopram,Antibiotic,Suppository,10mg,Bristol-Myers Squibb,Depression and anxiety disorders,Prescription
Miconazole,Antiemetic,Tablet,50mg,GSK,Minor cuts and skin protection,Over-the-Counter
Dextromethorphan,Antacid/H2 Blocker,Liquid,10mg,Reckitt,Allergic rhinitis and hives,Over-the-Counter
Albuterol,Antiplatelet,Extended Release Tablet,200mcg,Roche,High cholesterol management,Prescription
Sertraline,Antidiabetic,Tablet,0.5mg,Gilead Sciences,Epilepsy and neuropathic pain,Prescription
Ranitidine,Sleep Aid,Spray,20mg,Prestige Brands,Fungal skin infections,Over-the-Counter
Omeprazole,Topical Corticosteroid,Spray,10mg,Pfizer,Chest congestion and mucus relief,Over-the-Counter
Oxycodone,Bronchodilator,Tablet,1mg,Roche,Edema and hypertension,Prescription
Aspirin,Antacid/H2 Blocker,Liquid,200mg,P&G,Heartburn and indigestion,Over-the-Counter
Fluoxetine,Anticoagulant,Liquid,2mg,Johnson & Johnson,Bacterial infections treatment,Prescription
Miconazole,Decongestant,Patch,5mg,Pfizer,Minor cuts and skin protection,Over-the-Counter
Metoprolol,Anticonvulsant,Liquid,0.25mg,Boehringer Ingelheim,Heart attack and stroke prevention,Prescription
Metoprolol,Thyroid Hormone,Nasal Spray,0.5mg,GlaxoSmithKline,High cholesterol management,Prescription
Furosemide,Antidepressant/SSRI,Sublingual Tablet,5mg,Boehringer Ingelheim,Hypertension and heart failure,Prescription
Montelukast,Statin,Nasal Spray,10mg,Roche,Moderate to severe pain management,Prescription
Albuterol,Beta Blocker,Inhaler,0.5mg,Johnson & Johnson,Asthma and allergic rhinitis,Prescription
Escitalopram,ACE Inhibitor,Capsule,0.5mg,Sanofi,Asthma and bronchospasm,Prescription
Lidocaine Cream,Topical Anesthetic,Lozenge,125mg,3M Healthcare,Minor wound infection prevention,Over-the-Counter
Loperamide,Topical Antibiotic,Gel,250mg,Bayer,Gas and bloating relief,Over-the-Counter
Docusate Sodium,Antiemetic,Tablet,1%,Reckitt,Nasal congestion relief,Over-the-Counter
Gabapentin,Anticonvulsant,Extended Release Tablet,5mg,AstraZeneca,Inflammation and autoimmune disorders,Prescription
Prednisone,Antifungal,Extended Release Tablet,10mg,Johnson & Johnson,Type 2 diabetes management,Prescription
Hydrocortisone Cream,Topical Antibiotic,Lozenge,2%,Pfizer,Insomnia and sleep aid,Over-the-Counter
Montelukast,Antidiabetic,Injection,50mg,Roche,High cholesterol management,Prescription
Sertraline,Antiplatelet,Suppository,1000mg,Merck,Hypothyroidism treatment,Prescription
Ciprofloxacin,Anxiolytic/Benzodiazepine,Tablet,400mcg,Boehringer Ingelheim,Fungal infections treatment,Prescription
Ciprofloxacin,Antiplatelet,Nasal Spray,0.5mg,AstraZeneca,Fungal infections treatment,Prescription
Oxycodone,Thyroid Hormone,Suppository,1000mg,Amgen,Edema and hypertension,Prescription
Simethicone,Antacid,Cream,20mg,Reckitt,Acne treatment,Over-the-Counter
Famotidine,Antacid/H2 Blocker,Capsule,1%,Chattem,Heartburn and indigestion,Over-the-Counter
Azithromycin,PPI,Sublingual Tablet,200mcg,Amgen,GERD and peptic ulcer disease,Prescription
Dexamethasone,ACE Inhibitor,Liquid,200mg,Gilead Sciences,Moderate to severe pain management,Prescription
Oxycodone,PPI,Suppository,0.25mg,Gilead Sciences,Edema and hypertension,Prescription
Magnesium Hydroxide,Antiflatulent,Tablet,5%,Bayer,Insomnia and sleep aid,Over-the-Counter
Losartan,Opioid Analgesic,Tablet,25mg,GlaxoSmithKline,Hypertension and angina,Prescription
Simethicone,Antiplatelet,Capsule,500mg,Bayer,GERD and peptic ulcer,Over-the-Counter
Loperamide,Skin Protectant,Powder,100mg,Bayer,Minor pain and itching relief,Over-the-Counter
Dextromethorphan,Topical Anesthetic,Lozenge,5mg,GSK,Minor cuts and skin protection,Over-the-Counter
Docusate Sodium,Antifungal,Cream,2%,Pfizer,Chest congestion and mucus relief,Over-the-Counter
Miconazole,Analgesic,Patch,150mg,Bayer,Blood clot prevention,Over-the-Counter
Metformin,Leukotriene Inhibitor,Nasal Spray,500mg,Pfizer,Hypertension and angina,Prescription
Benzoyl Peroxide,Topical Corticosteroid,Chewable Tablet,200mg,Prestige Brands,Blood clot prevention,Over-the-Counter
Famotidine,Expectorant,Liquid,500mg,Unilever,Minor cuts and skin protection,Over-the-Counter
Meclizine,Antacid/PPI,Tablet,200mg,3M Healthcare,Diarrhea treatment,Over-the-Counter
Trimethoprim,Calcium Channel Blocker,Injection,1000mg,Eli Lilly,High cholesterol management,Prescription
Bacitracin,Antacid,Tablet,125mg,Sanofi,Gas and bloating relief,Over-the-Counter
Prednisone,Anticoagulant,Capsule,2mg,Gilead Sciences,Hypothyroidism treatment,Prescription
Fluoxetine,Anticoagulant,IV Infusion,200mg,Merck,GERD and peptic ulcer disease,Prescription
Hydrocodone,Anticoagulant,Nasal Spray,150mg,Amgen,Depression and anxiety disorders,Prescription
Amlodipine,Beta Blocker,Liquid,0.5mg,Abbott,Type 2 diabetes management,Prescription
Sertraline,Opioid Analgesic,Nasal Spray,0.5mg,Amgen,Hypertension and heart failure,Prescription
Warfarin,Anxiolytic/Benzodiazepine,IV Infusion,75mg,Eli Lilly,Hypertension management,Prescription
Metronidazole,Antifungal,Liquid,0.25mg,Eli Lilly,GERD and peptic ulcer disease,Prescription
Losartan,Bronchodilator,Extended Release Tablet,5mg,Amgen,Edema and hypertension,Prescription
Dextromethorphan,Antifungal,Lozenge,250mg,Johnson & Johnson,Cough suppression,Over-the-Counter
Salicylic Acid,Antifungal,Patch,125mg,Prestige Brands,Cough suppression,Over-the-Counter
Pantoprazole,Leukotriene Inhibitor,IV Infusion,50mcg,Johnson & Johnson,Depression and anxiety disorders,Prescription
Clopidogrel,Anxiolytic/Benzodiazepine,Inhaler,200mcg,Gilead Sciences,Asthma and bronchospasm,Prescription
Albuterol,Leukotriene Inhibitor,Patch,2mg,Bristol-Myers Squibb,Edema and hypertension,Prescription
Lidocaine Cream,Antiplatelet,Lozenge,20mg,GSK,Fungal skin infections,Over-the-Counter
Escitalopram,PPI,Topical Solution,0.5mg,Merck,Moderate to severe pain management,Prescription
Docusate Sodium,Cough Suppressant,Patch,10mg,Novartis,Minor wound infection prevention,Over-the-Counter
Amoxicillin,Antidepressant/SSRI,Suppository,0.25mg,Novartis,Blood clot prevention,Prescription
Atorvastatin,Antidepressant/SSRI,Liquid,0.25mg,Merck,Hypothyroidism treatment,Prescription
Alprazolam,Antibiotic,Injection,50mcg,Boehringer Ingelheim,Inflammation and autoimmune disorders,Prescription
Pseudoephedrine,Analgesic,Lozenge,2%,P&G,Allergic rhinitis and hives,Over-the-Counter
Alprazolam,Antifungal,Capsule,1mg,Merck,Hypothyroidism treatment,Prescription
Hydrocodone,Antidepressant/SSRI,Sublingual Tablet,1000mg,Gilead Sciences,Asthma and allergic rhinitis,Prescription
Alprazolam,Statin,Sublingual Tablet,250mg,Bristol-Myers Squibb,GERD and peptic ulcer disease,Prescription
Bacitracin,Antifungal,Powder,100mg,3M Healthcare,Acne treatment,Over-the-Counter
Famotidine,Antifungal,Liquid,1%,GSK,Pain relief and fever reduction,Over-the-Counter
Clindamycin,Antidepressant/SSRI,Topical Solution,5mg,Boehringer Ingelheim,Anxiety and panic disorders,Prescription
Clotrimazole,Antacid/H2 Blocker,Spray,400mg,Prestige Brands,Minor cuts and skin protection,Over-the-Counter
Diphenhydramine,Skin Protectant,Powder,10mg,Chattem,Minor cuts and skin protection,Over-the-Counter
Clindamycin,Thyroid Hormone,Liquid,500mg,Gilead Sciences,Depression and anxiety disorders,Prescription
Alprazolam,ARB,Patch,1mg,GlaxoSmithKline,Moderate to severe pain management,Prescription
Guaifenesin,Topical Antibiotic,Tablet,325mg,Chattem,Minor wound infection prevention,Over-the-Counter
Lidocaine Cream,Antiemetic,Cream,200mg,Reckitt,Chest congestion and mucus relief,Over-the-Counter
Lidocaine Cream,Topical Corticosteroid,Powder,500mg,Johnson & Johnson,Insomnia and sleep aid,Over-the-Counter
Fluoxetine,Antibiotic,Extended Release Tablet,50mcg,Amgen,Epilepsy and neuropathic pain,Prescription
Trimethoprim,Calcium Channel Blocker,Patch,0.5mg,Bristol-Myers Squibb,Epilepsy and neuropathic pain,Prescription
Calcium Carbonate,Antidiarrheal,Capsule,400mg,3M Healthcare,Diarrhea treatment,Over-the-Counter
Gabapentin,Antidepressant/SSRI,Sublingual Tablet,0.25mg,Boehringer Ingelheim,Blood clot prevention,Prescription
Ranitidine,Antidiarrheal,Ointment,125mg,Novartis,Acne treatment,Over-the-Counter
Metformin,Antiplatelet,Capsule,100mcg,AstraZeneca,Heart attack and stroke prevention,Prescription
Doxycycline,Thyroid Hormone,Topical Solution,0.25mg,Novartis,High cholesterol management,Prescription
Dextromethorphan,Antifungal,Powder,125mg,GSK,Heartburn and acid reflux,Over-the-Counter
Ciprofloxacin,Corticosteroid,IV Infusion,20mg,Roche,Hypertension and angina,Prescription
Pregabalin,Calcium Channel Blocker,Patch,100mg,Abbott,Asthma and bronchospasm,Prescription
Hydrocodone,Anticonvulsant,Patch,20mg,Amgen,Moderate to severe pain management,Prescription
Lidocaine Cream,Antiemetic,Liquid,400mg,Bayer,Cough suppression,Over-the-Counter
Zinc Oxide,Antiplatelet,Liquid,10mg,Novartis,Nasal congestion relief,Over-the-Counter
Miconazole,Antacid/H2 Blocker,Tablet,200mg,Bayer,Chest congestion and mucus relief,Over-the-Counter
Lidocaine Cream,Antihistamine,Ointment,125mg,P&G,Blood clot prevention,Over-the-Counter
Dexamethasone,Antiplatelet,Sublingual Tablet,10mg,Novartis,Hypertension and heart failure,Prescription
Montelukast,Antidiabetic,Liquid,5mg,Eli Lilly,Hypertension and heart failure,Prescription
Acetaminophen,Acne Treatment,Cream,5mg,Prestige Brands,GERD and peptic ulcer,Over-the-Counter
Metformin,Statin,Liquid,1000mg,Novartis,Moderate to severe pain management,Prescription
Trimethoprim,Calcium Channel Blocker,Liquid,20mg,Merck,Asthma and bronchospasm,Prescription
Zinc Oxide,Cough Suppressant,Ointment,200mg,Unilever,Acne treatment,Over-the-Counter
Ranitidine,Acne Treatment,Tablet,10mg,3M Healthcare,Constipation relief,Over-the-Counter
Cetirizine,Topical Corticosteroid,Lozenge,500mg,Prestige Brands,Constipation relief,Over-the-Counter
Diphenhydramine,Acne Treatment,Liquid,200mg,Pfizer,Minor cuts and skin protection,Over-the-Counter
Diphenhydramine,Skin Protectant,Gel,20mg,Chattem,Nasal congestion relief,Over-the-Counter
Zinc Oxide,Antihistamine,Spray,2%,Chattem,Heartburn and indigestion,Over-the-Counter
Azithromycin,Statin,Injection,250mg,Pfizer,Bacterial infections treatment,Prescription
Amlodipine,Anxiolytic/Benzodiazepine,Injection,2mg,Abbott,Epilepsy and neuropathic pain,Prescription
Amoxicillin,Anticonvulsant,Injection,20mg,GlaxoSmithKline,Fungal infections treatment,Prescription
Clopidogrel,Thyroid Hormone,Inhaler,5mg,Eli Lilly,Anxiety and panic disorders,Prescription
Montelukast,Bronchodilator,Tablet,0.5mg,Gilead Sciences,Hypertension and angina,Prescription
Ibuprofen,Analgesic,Powder,20mg,Chattem,Gas and bloating relief,Over-the-Counter
Amlodipine,Anxiolytic/Benzodiazepine,Tablet,200mg,Gilead Sciences,Asthma and bronchospasm,Prescription
Dexamethasone,Antiplatelet,Topical Solution,1mg,Novartis,Hypertension and heart failure,Prescription
Famotidine,Skin Protectant,Chewable Tablet,5mg,3M Healthcare,Minor pain and itching relief,Over-the-Counter
Salicylic Acid,Topical Corticosteroid,Drops,125mg,Chattem,GERD and peptic ulcer,Over-the-Counter
Levothyroxine,Beta Blocker,Extended Release Tablet,50mcg,Johnson & Johnson,Moderate to severe pain management,Prescription
Warfarin,PPI,IV Infusion,200mcg,Merck,Anxiety and panic disorders,Prescription
Doxycycline,ARB,IV Infusion,0.25mg,Pfizer,Asthma and allergic rhinitis,Prescription
Gabapentin,Diuretic,Capsule,50mg,Roche,Anxiety and panic disorders,Prescription
Lidocaine Cream,Laxative,Ointment,2%,Johnson & Johnson,Minor cuts and skin protection,Over-the-Counter
Neosporin,Antacid/PPI,Capsule,250mg,3M Healthcare,Minor wound infection prevention,Over-the-Counter
Loratadine,Antacid/H2 Blocker,Ointment,150mg,GSK,Diarrhea treatment,Over-the-Counter
Cetirizine,Antiplatelet,Tablet,25mg,3M Healthcare,Nasal congestion relief,Over-the-Counter
Oxycodone,Antifungal,Topical Solution,100mg,Abbott,Type 2 diabetes management,Prescription
Acetaminophen,Topical Corticosteroid,Ointment,500mg,Bayer,Chest congestion and mucus relief,Over-the-Counter
Acetaminophen,Antifungal,Spray,1%,Chattem,Fungal skin infections,Over-the-Counter
Alprazolam,ARB,IV Infusion,500mg,Gilead Sciences,Depression and anxiety disorders,Prescription
Calcium Carbonate,Antacid/PPI,Tablet,5mg,Prestige Brands,Minor wound infection prevention,Over-the-Counter
Trimethoprim,Bronchodilator,Suppository,0.25mg,Pfizer,Blood clot prevention,Prescription
Clotrimazole,Laxative,Patch,10mg,Prestige Brands,Insomnia and sleep aid,Over-the-Counter
Lisinopril,Beta Blocker,Patch,20mg,Johnson & Johnson,Hypertension and heart failure,Prescription
Aluminum Hydroxide,Antacid/H2 Blocker,Liquid,5mg,Johnson & Johnson,Heartburn and acid reflux,Over-the-Counter
Magnesium Hydroxide,Topical Anesthetic,Gel,5%,Pfizer,Cough suppression,Over-the-Counter
Amoxicillin,Bronchodilator,Nasal Spray,250mg,Sanofi,Fungal infections treatment,Prescription
Dextromethorphan,Topical Antibiotic,Ointment,100mg,P&G,Motion sickness and nausea,Over-the-Counter
Salicylic Acid,Analgesic,Patch,5mg,Johnson & Johnson,Nasal congestion relief,Over-the-Counter
Aluminum Hydroxide,Antiemetic,Ointment,325mg,Bayer,Fungal skin infections,Over-the-Counter
Loratadine,Antacid/H2 Blocker,Patch,1%,Sanofi,Cough suppression,Over-the-Counter
Trimethoprim,Opioid Analgesic,IV Infusion,0.5mg,Pfizer,Asthma and allergic rhinitis,Prescription
Pregabalin,Calcium Channel Blocker,Liquid,1000mg,Merck,Moderate to severe pain management,Prescription
Lisinopril,ACE Inhibitor,Inhaler,100mcg,Roche,Asthma and bronchospasm,Prescription
Benzoyl Peroxide,Antiemetic,Tablet,150mg,P&G,Minor pain and itching relief,Over-the-Counter
Bismuth Subsalicylate,Acne Treatment,Drops,325mg,Unilever,Chest congestion and mucus relief,Over-the-Counter
Lidocaine Cream,Antifungal,Patch,100mg,Pfizer,Pain relief and fever reduction,Over-the-Counter
Miconazole,Antiflatulent,Gel,500mg,Pfizer,Heartburn and indigestion,Over-the-Counter
Alprazolam,Beta Blocker,Inhaler,50mcg,Eli Lilly,GERD and peptic ulcer disease,Prescription
Calcium Carbonate,Expectorant,Liquid,100mg,Unilever,Minor pain and itching relief,Over-the-Counter
Escitalopram,Leukotriene Inhibitor,Nasal Spray,400mcg,Novartis,Inflammation and autoimmune disorders,Prescription
Atorvastatin,Diuretic,Suppository,150mg,Abbott,Fungal infections treatment,Prescription
Losartan,ARB,Tablet,0.25mg,Eli Lilly,Heart attack and stroke prevention,Prescription
Docusate Sodium,Topical Corticosteroid,Gel,200mg,Unilever,Insomnia and sleep aid,Over-the-Counter
Dexamethasone,Anticonvulsant,Inhaler,100mcg,Abbott,Depression and anxiety disorders,Prescription
Metoprolol,Anticoagulant,Patch,50mcg,AstraZeneca,Epilepsy and neuropathic pain,Prescription
Cetirizine,Topical Antibiotic,Lozenge,250mg,Johnson & Johnson,Acne treatment,Over-the-Counter
Ranitidine,Antiemetic,Liquid,50mg,Prestige Brands,Heartburn and indigestion,Over-the-Counter
Lidocaine Cream,Antacid/H2 Blocker,Patch,100mg,P&G,Minor cuts and skin protection,Over-the-Counter
Hydrocodone,Leukotriene Inhibitor,Suppository,50mcg,Sanofi,Inflammation and autoimmune disorders,Prescription
Escitalopram,Antiplatelet,Sublingual Tablet,100mg,Novartis,Heart attack and stroke prevention,Prescription
Meclizine,Antifungal,Liquid,5%,Novartis,Skin inflammation and itching,Over-the-Counter
Naproxen,Topical Corticosteroid,Tablet,5mg,Bayer,Cough suppression,Over-the-Counter
Lisinopril,Leukotriene Inhibitor,Suppository,100mcg,Pfizer,Anxiety and panic disorders,Prescription
Montelukast,Anxiolytic/Benzodiazepine,Topical Solution,150mg,Eli Lilly,Heart attack and stroke prevention,Prescription
Ciprofloxacin,Corticosteroid,Liquid,500mg,Sanofi,Edema and hypertension,Prescription
Albuterol,Bronchodilator,Extended Release Tablet,200mg,Merck,Bacterial infections treatment,Prescription
Amoxicillin,Anticonvulsant,Extended Release Tablet,400mcg,Eli Lilly,Type 2 diabetes management,Prescription
Naproxen,Decongestant,Lozenge,2%,Pfizer,Diarrhea treatment,Over-the-Counter
Clindamycin,Beta Blocker,Tablet,10mg,Sanofi,GERD and peptic ulcer disease,Prescription
Naproxen,Expectorant,Chewable Tablet,250mg,P&G,Diarrhea treatment,Over-the-Counter
Hydrocodone,Thyroid Hormone,Inhaler,75mg,Amgen,Moderate to severe pain management,Prescription
Neosporin,Antiflatulent,Ointment,150mg,Reckitt,Motion sickness and nausea,Over-the-Counter
Diphenhydramine,Antacid,Spray,5mg,3M Healthcare,Heartburn and indigestion,Over-the-Counter
Pseudoephedrine,Analgesic,Chewable Tablet,20mg,Reckitt,Blood clot prevention,Over-the-Counter
Furosemide,ACE Inhibitor,Capsule,250mg,Merck,Heart attack and stroke prevention,Prescription
Bacitracin,Sleep Aid,Chewable Tablet,25mg,P&G,Constipation relief,Over-the-Counter
Guaifenesin,Antidiarrheal,Ointment,2%,Unilever,Minor wound infection prevention,Over-the-Counter
Bacitracin,Antiflatulent,Tablet,200mg,GSK,Constipation relief,Over-the-Counter
Metronidazole,Bronchodilator,Tablet,500mg,Gilead Sciences,Edema and hypertension,Prescription
Amlodipine,Antidiabetic,Sublingual Tablet,400mcg,Eli Lilly,Type 2 diabetes management,Prescription
Metformin,Thyroid Hormone,Inhaler,50mg,Merck,Depression and anxiety disorders,Prescription
Clotrimazole,Topical Anesthetic,Patch,400mg,P&G,Minor cuts and skin protection,Over-the-Counter
Warfarin,Leukotriene Inhibitor,Nasal Spray,1mg,Amgen,GERD and peptic ulcer disease,Prescription
Meclizine,Analgesic,Powder,100mg,P&G,Cough suppression,Over-the-Counter
Ciprofloxacin,Thyroid Hormone,Nasal Spray,25mg,AstraZeneca,Depression and anxiety disorders,Prescription
Sertraline,ACE Inhibitor,Nasal Spray,1000mg,Pfizer,Epilepsy and neuropathic pain,Prescription
Loperamide,Sleep Aid,Liquid,250mg,3M Healthcare,Blood clot prevention,Over-the-Counter
Clindamycin,Antifungal,Nasal Spray,25mg,AstraZeneca,Moderate to severe pain management,Prescription
Metformin,Diuretic,Sublingual Tablet,25mg,Sanofi,Inflammation and autoimmune disorders,Prescription
Zinc Oxide,Acne Treatment,Gel,20mg,P&G,Blood clot prevention,Over-the-Counter
Meclizine,Analgesic,Spray,250mg,Bayer,Minor pain and itching relief,Over-the-Counter
Prednisone,Diuretic,Extended Release Tablet,20mg,Boehringer Ingelheim,Asthma and allergic rhinitis,Prescription
Levothyroxine,Antiplatelet,Liquid,100mcg,AstraZeneca,Inflammation and autoimmune disorders,Prescription
Albuterol,Diuretic,Extended Release Tablet,100mcg,Novartis,Moderate to severe pain management,Prescription
Bacitracin,Antiplatelet,Gel,325mg,Pfizer,Minor cuts and skin protection,Over-the-Counter
Alprazolam,PPI,Sublingual Tablet,200mg,Johnson & Johnson,Bacterial infections treatment,Prescription
Diphenhydramine,Acne Treatment,Drops,150mg,P&G,Diarrhea treatment,Over-the-Counter
Metoprolol,Calcium Channel Blocker,IV Infusion,5mg,Sanofi,Heart attack and stroke prevention,Prescription
Cetirizine,Antacid,Liquid,400mg,Chattem,Minor wound infection prevention,Over-the-Counter
Simethicone,Skin Protectant,Chewable Tablet,1%,Reckitt,Pain relief and fever reduction,Over-the-Counter
Lidocaine Cream,Antifungal,Powder,500mg,Johnson & Johnson,Minor wound infection prevention,Over-the-Counter
Atorvastatin,ARB,Nasal Spray,100mcg,Johnson & Johnson,Heart attack and stroke prevention,Prescription
Acetaminophen,Topical Antibiotic,Drops,5mg,Johnson & Johnson,Allergic rhinitis and hives,Over-the-Counter
Hydrocodone,Opioid Analgesic,Topical Solution,10mg,Sanofi,Edema and hypertension,Prescription
Acetaminophen,Topical Antibiotic,Spray,5%,GSK,Heartburn and acid reflux,Over-the-Counter
Prednisone,Calcium Channel Blocker,Extended Release Tablet,20mg,Eli Lilly,Inflammation and autoimmune disorders,Prescription
Ibuprofen,Laxative,Patch,125mg,P&G,Fungal skin infections,Over-the-Counter
Furosemide,Statin,Capsule,2mg,GlaxoSmithKline,Hypertension and angina,Prescription
Loratadine,Topical Antibiotic,Tablet,500mg,Prestige Brands,Blood clot prevention,Over-the-Counter
Hydrocodone,Diuretic,Suppository,250mg,Sanofi,High cholesterol management,Prescription
Clopidogrel,Bronchodilator,Tablet,100mcg,Boehringer Ingelheim,Asthma and allergic rhinitis,Prescription
Aluminum Hydroxide,Acne Treatment,Drops,20mg,Unilever,Acne treatment,Over-the-Counter
Aluminum Hydroxide,Antiemetic,Gel,2%,Johnson & Johnson,Fungal skin infections,Over-the-Counter
Ciprofloxacin,ARB,Extended Release Tablet,200mg,Roche,Asthma and allergic rhinitis,Prescription
Losartan,Leukotriene Inhibitor,Extended Release Tablet,150mg,GlaxoSmithKline,Epilepsy and neuropathic pain,Prescription
Fluoxetine,Antifungal,Topical Solution,0.5mg,Abbott,Hypothyroidism treatment,Prescription
Cetirizine,Analgesic,Spray,200mg,Reckitt,Motion sickness and nausea,Over-the-Counter
Alprazolam,Antidiabetic,Sublingual Tablet,400mcg,Pfizer,Hypertension and heart failure,Prescription
Doxycycline,Antidiabetic,Suppository,1000mg,Sanofi,GERD and peptic ulcer disease,Prescription
Magnesium Hydroxide,Skin Protectant,Lozenge,20mg,Chattem,Cough suppression,Over-the-Counter
Ranitidine,Topical Anesthetic,Liquid,25mg,Chattem,Gas and bloating relief,Over-the-Counter
Lidocaine Cream,Antiplatelet,Liquid,325mg,GSK,Nasal congestion relief,Over-the-Counter
Ibuprofen,Topical Anesthetic,Liquid,25mg,Reckitt,Chest congestion and mucus relief,Over-the-Counter
Dextromethorphan,Antifungal,Tablet,250mg,Unilever,Blood clot prevention,Over-the-Counter
Benzoyl Peroxide,Expectorant,Ointment,10mg,Johnson & Johnson,Minor wound infection prevention,Over-the-Counter
Dextromethorphan,Topical Corticosteroid,Cream,500mg,Johnson & Johnson,Gas and bloating relief,Over-the-Counter
Metronidazole,Antifungal,Inhaler,400mcg,Novartis,Heart attack and stroke prevention,Prescription
Pseudoephedrine,Decongestant,Lozenge,200mg,Unilever,Acne treatment,Over-the-Counter
Azithromycin,ARB,Tablet,100mg,Eli Lilly,Depression and anxiety disorders,Prescription
Meclizine,Sleep Aid,Chewable Tablet,2%,Unilever,Minor cuts and skin protection,Over-the-Counter
Naproxen,Acne Treatment,Liquid,20mg,3M Healthcare,Minor pain and itching relief,Over-the-Counter
Naproxen,Antiflatulent,Cream,325mg,Sanofi,Minor pain and itching relief,Over-the-Counter
Magnesium Hydroxide,Antacid,Capsule,250mg,Chattem,Pain relief and fever reduction,Over-the-Counter
Trimethoprim,Bronchodilator,Tablet,75mg,Novartis,Inflammation and autoimmune disorders,Prescription
Salicylic Acid,Antacid/H2 Blocker,Cream,400mg,Bayer,Diarrhea treatment,Over-the-Counter
Pseudoephedrine,Antifungal,Drops,2%,Pfizer,Skin inflammation and itching,Over-the-Counter
Lisinopril,Anticoagulant,Nasal Spray,50mcg,Amgen,Hypothyroidism treatment,Prescription
Dexamethasone,PPI,Extended Release Tablet,200mg,Johnson & Johnson,Hypertension and heart failure,Prescription
Pseudoephedrine,Laxative,Tablet,25mg,Sanofi,Minor wound infection prevention,Over-the-Counter
Montelukast,Leukotriene Inhibitor,IV Infusion,5mg,Eli Lilly,Hypertension and heart failure,Prescription
Trimethoprim,Opioid Analgesic,Nasal Spray,250mg,GlaxoSmithKline,Edema and hypertension,Prescription
Metronidazole,Antidepressant/SSRI,Liquid,400mcg,AstraZeneca,Hypertension management,Prescription
Amlodipine,Diuretic,Topical Solution,5mg,Gilead Sciences,Blood clot prevention,Prescription
Amlodipine,PPI,Topical Solution,200mg,Boehringer Ingelheim,Epilepsy and neuropathic pain,Prescription
Ciprofloxacin,Antibiotic,Suppository,500mg,Sanofi,Bacterial infections treatment,Prescription
Atorvastatin,ACE Inhibitor,IV Infusion,500mg,AstraZeneca,Blood clot prevention,Prescription
Calcium Carbonate,Topical Corticosteroid,Chewable Tablet,100mg,Pfizer,Minor cuts and skin protection,Over-the-Counter
Montelukast,Antibiotic,Extended Release Tablet,100mcg,Merck,High cholesterol management,Prescription
Miconazole,Antiplatelet,Drops,500mg,Johnson & Johnson,Gas and bloating relief,Over-the-Counter
Clindamycin,Statin,IV Infusion,25mg,Johnson & Johnson,Inflammation and autoimmune disorders,Prescription
Aspirin,Antiplatelet,Spray,125mg,Bayer,Nasal congestion relief,Over-the-Counter
Docusate Sodium,Antidiarrheal,Spray,250mg,Unilever,GERD and peptic ulcer,Over-the-Counter
Metoprolol,Antidepressant/SSRI,IV Infusion,25mg,Eli Lilly,Bacterial infections treatment,Prescription
Azithromycin,Thyroid Hormone,Injection,100mg,Pfizer,Edema and hypertension,Prescription
Ciprofloxacin,Anticoagulant,Injection,2mg,Boehringer Ingelheim,Hypertension management,Prescription
Escitalopram,Statin,Extended Release Tablet,25mg,Roche,Hypertension management,Prescription
Loperamide,Laxative,Drops,200mg,P&G,Fungal skin infections,Over-the-Counter
Pantoprazole,PPI,Tablet,50mg,Bristol-Myers Squibb,GERD and peptic ulcer disease,Prescription
Gabapentin,Leukotriene Inhibitor,Liquid,250mg,Eli Lilly,Anxiety and panic disorders,Prescription
Gabapentin,Calcium Channel Blocker,Injection,250mg,GlaxoSmithKline,Hypertension and heart failure,Prescription
Levothyroxine,Calcium Channel Blocker,Extended Release Tablet,75mg,AstraZeneca,Type 2 diabetes management,Prescription
Montelukast,Anticoagulant,Extended Release Tablet,150mg,Boehringer Ingelheim,Bacterial infections treatment,Prescription
Aspirin,Antihistamine,Liquid,200mg,Reckitt,Gas and bloating relief,Over-the-Counter
Simethicone,Topical Corticosteroid,Cream,150mg,Johnson & Johnson,Minor cuts and skin protection,Over-the-Counter
Clotrimazole,Antiemetic,Drops,5mg,Prestige Brands,Motion sickness and nausea,Over-the-Counter
Guaifenesin,Antidiarrheal,Drops,400mg,Reckitt,Skin inflammation and itching,Over-the-Counter
Azithromycin,Calcium Channel Blocker,Nasal Spray,150mg,Johnson & Johnson,Moderate to severe pain management,Prescription
Gabapentin,Thyroid Hormone,IV Infusion,500mg,Novartis,Depression and anxiety disorders,Prescription
Benzoyl Peroxide,Acne Treatment,Spray,325mg,Chattem,Gas and bloating relief,Over-the-Counter
Escitalopram,Antidepressant/SSRI,Inhaler,200mg,AstraZeneca,GERD and peptic ulcer disease,Prescription
Amoxicillin,Anticoagulant,Inhaler,0.5mg,Novartis,GERD and peptic ulcer disease,Prescription
Ibuprofen,Antacid/PPI,Spray,250mg,Reckitt,Motion sickness and nausea,Over-the-Counter
Sertraline,Calcium Channel Blocker,Liquid,200mcg,Abbott,High cholesterol management,Prescription
Simethicone,Antacid/H2 Blocker,Patch,5%,3M Healthcare,Fungal skin infections,Over-the-Counter
Pseudoephedrine,Topical Anesthetic,Gel,200mg,P&G,Acne treatment,Over-the-Counter
Montelukast,Statin,Topical Solution,500mg,Abbott,Asthma and bronchospasm,Prescription
Pantoprazole,Statin,Patch,100mg,Roche,Hypothyroidism treatment,Prescription
Pseudoephedrine,Topical Corticosteroid,Cream,5%,Prestige Brands,Skin inflammation and itching,Over-the-Counter
Oxycodone,Antidepressant/SSRI,Inhaler,25mg,Sanofi,Inflammation and autoimmune disorders,Prescription
Neosporin,Decongestant,Ointment,50mg,3M Healthcare,Fungal skin infections,Over-the-Counter
Clopidogrel,Antiplatelet,IV Infusion,0.25mg,Pfizer,Hypothyroidism treatment,Prescription
Bismuth Subsalicylate,Acne Treatment,Powder,2%,Chattem,Allergic rhinitis and hives,Over-the-Counter
Metronidazole,Antiplatelet,Extended Release Tablet,50mg,Novartis,Inflammation and autoimmune disorders,Prescription
Meclizine,Expectorant,Cream,400mg,Chattem,Fungal skin infections,Over-the-Counter
Doxycycline,Corticosteroid,IV Infusion,400mcg,Roche,Edema and hypertension,Prescription
Benzoyl Peroxide,Antidiarrheal,Ointment,2%,Pfizer,Allergic rhinitis and hives,Over-the-Counter
Fluoxetine,Antiplatelet,Suppository,1000mg,Pfizer,Inflammation and autoimmune disorders,Prescription
Dextromethorphan,Acne Treatment,Liquid,50mg,Chattem,Motion sickness and nausea,Over-the-Counter
Dexamethasone,Antidiabetic,Sublingual Tablet,150mg,AstraZeneca,Fungal infections treatment,Prescription
Zinc Oxide,Antidiarrheal,Chewable Tablet,1%,Unilever,Motion sickness and nausea,Over-the-Counter
Simethicone,Antiplatelet,Ointment,10mg,Bayer,Cough suppression,Over-the-Counter
Lidocaine Cream,Decongestant,Tablet,1%,Pfizer,Pain relief and fever reduction,Over-the-Counter
Cetirizine,Antidiarrheal,Lozenge,325mg,Sanofi,Motion sickness and nausea,Over-the-Counter
Doxycycline,Calcium Channel Blocker,Topical Solution,200mg,Gilead Sciences,Epilepsy and neuropathic pain,Prescription
Magnesium Hydroxide,Topical Antibiotic,Drops,200mg,Chattem,GERD and peptic ulcer,Over-the-Counter
Amoxicillin,Anticoagulant,Inhaler,5mg,Novartis,Anxiety and panic disorders,Prescription
Alprazolam,Antiplatelet,Suppository,100mcg,Gilead Sciences,Hypertension and heart failure,Prescription
Alprazolam,ARB,Topical Solution,25mg,Sanofi,Moderate to severe pain management,Prescription
Albuterol,Antidiabetic,Suppository,75mg,Sanofi,Type 2 diabetes management,Prescription
Famotidine,Antiflatulent,Cream,325mg,Novartis,Heartburn and acid reflux,Over-the-Counter
Clindamycin,Leukotriene Inhibitor,Extended Release Tablet,1mg,Abbott,Asthma and bronchospasm,Prescription
Oxycodone,Antibiotic,Extended Release Tablet,250mg,Eli Lilly,Bacterial infections treatment,Prescription
Pregabalin,Antibiotic,Sublingual Tablet,0.5mg,Boehringer Ingelheim,Hypothyroidism treatment,Prescription
Hydrocodone,Anticoagulant,Extended Release Tablet,10mg,Eli Lilly,Asthma and allergic rhinitis,Prescription
Loratadine,Antacid/PPI,Lozenge,50mg,Prestige Brands,Heartburn and indigestion,Over-the-Counter
Famotidine,Antifungal,Drops,325mg,Bayer,Acne treatment,Over-the-Counter
Pantoprazole,Statin,Liquid,50mg,Amgen,Hypothyroidism treatment,Prescription
Gabapentin,Opioid Analgesic,Injection,2mg,Bristol-Myers Squibb,Type 2 diabetes management,Prescription
Acetaminophen,Skin Protectant,Gel,100mg,Prestige Brands,Minor pain and itching relief,Over-the-Counter
Trimethoprim,Beta Blocker,Injection,200mg,GlaxoSmithKline,Fungal infections treatment,Prescription
Omeprazole,Sleep Aid,Liquid,125mg,3M Healthcare,Constipation relief,Over-the-Counter
Escitalopram,Opioid Analgesic,Nasal Spray,100mcg,AstraZeneca,Edema and hypertension,Prescription
Zinc Oxide,Antidiarrheal,Gel,2%,Sanofi,Gas and bloating relief,Over-the-Counter
Trimethoprim,Beta Blocker,Capsule,10mg,AstraZeneca,Moderate to severe pain management,Prescription
Magnesium Hydroxide,Topical Antibiotic,Drops,325mg,Sanofi,Heartburn and indigestion,Over-the-Counter
Magnesium Hydroxide,Skin Protectant,Ointment,20mg,Prestige Brands,Diarrhea treatment,Over-the-Counter
Sertraline,ARB,Sublingual Tablet,200mcg,Novartis,Bacterial infections treatment,Prescription
Omeprazole,Antifungal,Chewable Tablet,150mg,3M Healthcare,GERD and peptic ulcer,Over-the-Counter
Sertraline,Opioid Analgesic,Inhaler,250mg,GlaxoSmithKline,Hypothyroidism treatment,Prescription
Doxycycline,Anticoagulant,Injection,25mg,Pfizer,Heart attack and stroke prevention,Prescription
Atorvastatin,Antibiotic,Tablet,75mg,Bristol-Myers Squibb,Asthma and bronchospasm,Prescription
Ciprofloxacin,Statin,Topical Solution,200mcg,Bristol-Myers Squibb,Epilepsy and neuropathic pain,Prescription
Bismuth Subsalicylate,Expectorant,Ointment,5mg,Novartis,Fungal skin infections,Over-the-Counter
Magnesium Hydroxide,Antidiarrheal,Spray,20mg,Pfizer,Cough suppression,Over-the-Counter
Calcium Carbonate,Antiemetic,Chewable Tablet,200mg,Pfizer,Motion sickness and nausea,Over-the-Counter
Pantoprazole,Calcium Channel Blocker,Capsule,0.25mg,Roche,Type 2 diabetes management,Prescription
Guaifenesin,Skin Protectant,Liquid,150mg,Reckitt,Fungal skin infections,Over-the-Counter
Clotrimazole,Sleep Aid,Cream,20mg,Sanofi,Allergic rhinitis and hives,Over-the-Counter
Ciprofloxacin,Calcium Channel Blocker,Sublingual Tablet,75mg,Abbott,GERD and peptic ulcer disease,Prescription
Ciprofloxacin,Antibiotic,Patch,150mg,Abbott,Hypothyroidism treatment,Prescription
Cetirizine,Laxative,Tablet,50mg,Johnson & Johnson,Insomnia and sleep aid,Over-the-Counter
Lisinopril,Thyroid Hormone,Sublingual Tablet,10mg,Boehringer Ingelheim,Blood clot prevention,Prescription
Levothyroxine,Antidepressant/SSRI,Inhaler,50mg,Roche,Hypertension and angina,Prescription
Alprazolam,Antidepressant/SSRI,Liquid,10mg,Novartis,Fungal infections treatment,Prescription
Neosporin,Sleep Aid,Drops,100mg,Novartis,Diarrhea treatment,Over-the-Counter
Dexamethasone,Antidiabetic,Patch,200mg,Roche,Edema and hypertension,Prescription
Sertraline,Opioid Analgesic,Sublingual Tablet,20mg,GlaxoSmithKline,Anxiety and panic disorders,Prescription
Hydrocortisone Cream,Expectorant,Lozenge,250mg,Prestige Brands,Heartburn and indigestion,Over-the-Counter
Levothyroxine,Corticosteroid,Extended Release Tablet,400mcg,Novartis,Moderate to severe pain management,Prescription
Zinc Oxide,Antidiarrheal,Spray,125mg,Chattem,Pain relief and fever reduction,Over-the-Counter
Clotrimazole,Topical Antibiotic,Liquid,250mg,Reckitt,Pain relief and fever reduction,Over-the-Counter
Losartan,Bronchodilator,Liquid,200mcg,Johnson & Johnson,Hypertension and heart failure,Prescription
Warfarin,Anxiolytic/Benzodiazepine,Sublingual Tablet,25mg,Bristol-Myers Squibb,Asthma and allergic rhinitis,Prescription
Montelukast,Anticoagulant,Sublingual Tablet,1mg,Eli Lilly,High cholesterol management,Prescription
Levothyroxine,ACE Inhibitor,Capsule,400mcg,Bristol-Myers Squibb,Hypertension management,Prescription
Gabapentin,Bronchodilator,Injection,500mg,Bristol-Myers Squibb,Moderate to severe pain management,Prescription
Hydrocodone,Corticosteroid,Extended Release Tablet,20mg,Boehringer Ingelheim,Heart attack and stroke prevention,Prescription
Naproxen,Decongestant,Lozenge,400mg,3M Healthcare,GERD and peptic ulcer,Over-the-Counter
Alprazolam,Antidepressant/SSRI,Suppository,500mg,Abbott,High cholesterol management,Prescription
Doxycycline,Antiplatelet,Patch,400mcg,Merck,Edema and hypertension,Prescription
Cetirizine,Antihistamine,Liquid,100mg,Reckitt,Fungal skin infections,Over-the-Counter
Aluminum Hydroxide,Antiflatulent,Spray,5%,Bayer,Motion sickness and nausea,Over-the-Counter
Ciprofloxacin,Opioid Analgesic,Inhaler,400mcg,Amgen,Hypertension management,Prescription
Azithromycin,Calcium Channel Blocker,Injection,400mcg,AstraZeneca,Type 2 diabetes management,Prescription
Omeprazole,Antacid/H2 Blocker,Gel,400mg,GSK,Heartburn and acid reflux,Over-the-Counter
Famotidine,Antihistamine,Spray,50mg,3M Healthcare,Fungal skin infections,Over-the-Counter
Loperamide,Sleep Aid,Ointment,400mg,Bayer,Acne treatment,Over-the-Counter
Prednisone,Antidepressant/SSRI,Extended Release Tablet,5mg,Novartis,Type 2 diabetes management,Prescription
Dexamethasone,Beta Blocker,Capsule,20mg,AstraZeneca,Asthma and bronchospasm,Prescription
Lisinopril,Calcium Channel Blocker,Sublingual Tablet,1000mg,Pfizer,GERD and peptic ulcer disease,Prescription
Miconazole,Antacid/PPI,Gel,25mg,P&G,Minor wound infection prevention,Over-the-Counter
Aspirin,Sleep Aid,Drops,400mg,Bayer,Acne treatment,Over-the-Counter
Magnesium Hydroxide,Topical Antibiotic,Lozenge,5mg,Unilever,Chest congestion and mucus relief,Over-the-Counter
Cetirizine,Antacid/PPI,Drops,100mg,P&G,Heartburn and acid reflux,Over-the-Counter
Bacitracin,Expectorant,Tablet,5mg,Unilever,Motion sickness and nausea,Over-the-Counter
Bismuth Subsalicylate,Laxative,Gel,2%,P&G,Blood clot prevention,Over-the-Counter
Ciprofloxacin,PPI,Tablet,0.25mg,Boehringer Ingelheim,Inflammation and autoimmune disorders,Prescription
Furosemide,Anxiolytic/Benzodiazepine,Tablet,50mg,GlaxoSmithKline,Bacterial infections treatment,Prescription
Sertraline,Antidepressant/SSRI,Injection,200mcg,Johnson & Johnson,Moderate to severe pain management,Prescription
Hydrocortisone Cream,Antacid/PPI,Cream,50mg,Unilever,GERD and peptic ulcer,Over-the-Counter
Azithromycin,PPI,Extended Release Tablet,200mcg,Merck,Depression and anxiety disorders,Prescription
Atorvastatin,ACE Inhibitor,Capsule,200mcg,Sanofi,Hypertension and heart failure,Prescription
Cetirizine,Acne Treatment,Ointment,400mg,Prestige Brands,Blood clot prevention,Over-the-Counter
Simethicone,Antacid,Patch,200mg,Sanofi,Blood clot prevention,Over-the-Counter
Lisinopril,PPI,Nasal Spray,500mg,Eli Lilly,Hypertension and heart failure,Prescription
Zinc Oxide,Antiflatulent,Cream,20mg,Sanofi,Minor wound infection prevention,Over-the-Counter
Salicylic Acid,Antacid,Chewable Tablet,2%,P&G,Gas and bloating relief,Over-the-Counter
Doxycycline,Anxiolytic/Benzodiazepine,Inhaler,500mg,Gilead Sciences,Edema and hypertension,Prescription
Warfarin,Corticosteroid,Capsule,20mg,Pfizer,Hypertension and heart failure,Prescription
Dexamethasone,Anticonvulsant,Tablet,100mcg,Boehringer Ingelheim,Hypertension and heart failure,Prescription
Lidocaine Cream,Antidiarrheal,Capsule,5mg,Reckitt,Chest congestion and mucus relief,Over-the-Counter
Oxycodone,Opioid Analgesic,Topical Solution,50mg,GlaxoSmithKline,Hypertension and heart failure,Prescription
Prednisone,Antidiabetic,Tablet,5mg,Bristol-Myers Squibb,Blood clot prevention,Prescription
Albuterol,Antidepressant/SSRI,Nasal Spray,0.5mg,AstraZeneca,High cholesterol management,Prescription
Pseudoephedrine,Antacid,Cream,1%,Bayer,Minor pain and itching relief,Over-the-Counter
Doxycycline,Antibiotic,Sublingual Tablet,10mg,Sanofi,Edema and hypertension,Prescription
Ibuprofen,Skin Protectant,Drops,2%,Unilever,Constipation relief,Over-the-Counter
Pantoprazole,Beta Blocker,Nasal Spray,5mg,GlaxoSmithKline,Hypertension management,Prescription
Lidocaine Cream,Topical Antibiotic,Cream,50mg,Unilever,Acne treatment,Over-the-Counter
Calcium Carbonate,Antifungal,Capsule,2%,Bayer,Heartburn and indigestion,Over-the-Counter
Oxycodone,Diuretic,Capsule,5mg,Eli Lilly,Hypothyroidism treatment,Prescription
Loratadine,Expectorant,Tablet,125mg,Unilever,Gas and bloating relief,Over-the-Counter
Aspirin,Antiemetic,Ointment,400mg,Bayer,Minor cuts and skin protection,Over-the-Counter
Trimethoprim,Statin,Liquid,50mcg,Boehringer Ingelheim,Anxiety and panic disorders,Prescription
Ranitidine,Laxative,Gel,250mg,Prestige Brands,Diarrhea treatment,Over-the-Counter
Pregabalin,Calcium Channel Blocker,Nasal Spray,100mg,Abbott,Asthma and allergic rhinitis,Prescription
Clotrimazole,Antiflatulent,Ointment,2%,Bayer,Constipation relief,Over-the-Counter
Levothyroxine,Leukotriene Inhibitor,Injection,20mg,Amgen,Hypertension management,Prescription
Calcium Carbonate,Analgesic,Lozenge,125mg,Novartis,Constipation relief,Over-the-Counter
Benzoyl Peroxide,Antacid/PPI,Spray,125mg,Sanofi,Constipation relief,Over-the-Counter
Omeprazole,Decongestant,Capsule,100mg,Pfizer,Motion sickness and nausea,Over-the-Counter
Docusate Sodium,Antacid/PPI,Drops,125mg,Unilever,Heartburn and indigestion,Over-the-Counter
Simethicone,Antacid/PPI,Liquid,200mg,Pfizer,Pain relief and fever reduction,Over-the-Counter
Pregabalin,Antidiabetic,Capsule,0.25mg,Eli Lilly,Asthma and allergic rhinitis,Prescription
Trimethoprim,Antiplatelet,Topical Solution,500mg,Novartis,Hypothyroidism treatment,Prescription
Magnesium Hydroxide,Antacid,Lozenge,1%,Bayer,Minor wound infection prevention,Over-the-Counter
Escitalopram,Bronchodilator,Liquid,75mg,Merck,Heart attack and stroke prevention,Prescription
Ranitidine,Decongestant,Capsule,2%,Pfizer,Motion sickness and nausea,Over-the-Counter
Clotrimazole,Sleep Aid,Ointment,50mg,3M Healthcare,Chest congestion and mucus relief,Over-the-Counter
Naproxen,Antidiarrheal,Cream,25mg,Novartis,Pain relief and fever reduction,Over-the-Counter
Meclizine,Acne Treatment,Patch,200mg,Johnson & Johnson,Insomnia and sleep aid,Over-the-Counter
Loratadine,Antidiarrheal,Ointment,100mg,P&G,Chest congestion and mucus relief,Over-the-Counter
Prednisone,Anticoagulant,Sublingual Tablet,75mg,Eli Lilly,GERD and peptic ulcer disease,Prescription
Ciprofloxacin,Thyroid Hormone,Extended Release Tablet,5mg,Bristol-Myers Squibb,Edema and hypertension,Prescription
Lisinopril,Thyroid Hormone,Patch,100mcg,Amgen,GERD and peptic ulcer disease,Prescription
Salicylic Acid,Sleep Aid,Spray,5mg,3M Healthcare,Chest congestion and mucus relief,Over-the-Counter
Bismuth Subsalicylate,Sleep Aid,Ointment,100mg,GSK,Allergic rhinitis and hives,Over-the-Counter
Salicylic Acid,Antihistamine,Liquid,10mg,GSK,Nasal congestion relief,Over-the-Counter
Lidocaine Cream,Antihistamine,Cream,1%,Pfizer,Blood clot prevention,Over-the-Counter
Calcium Carbonate,Cough Suppressant,Gel,10mg,3M Healthcare,Gas and bloating relief,Over-the-Counter
Neosporin,Sleep Aid,Gel,50mg,Sanofi,Allergic rhinitis and hives,Over-the-Counter
Azithromycin,ARB,Topical Solution,1000mg,Pfizer,Hypertension management,Prescription
Loperamide,Antacid/H2 Blocker,Patch,325mg,GSK,Heartburn and acid reflux,Over-the-Counter
Naproxen,Antidiarrheal,Patch,5mg,GSK,Insomnia and sleep aid,Over-the-Counter
Fluoxetine,Thyroid Hormone,Liquid,500mg,Amgen,Blood clot prevention,Prescription
Miconazole,Laxative,Ointment,400mg,Unilever,Minor pain and itching relief,Over-the-Counter
Aluminum Hydroxide,Antiplatelet,Powder,5mg,3M Healthcare,Motion sickness and nausea,Over-the-Counter
Warfarin,Antibiotic,Suppository,1000mg,Johnson & Johnson,Hypertension and angina,Prescription
Simethicone,Acne Treatment,Spray,50mg,P&G,Acne treatment,Over-the-Counter
Hydrocortisone Cream,Antacid/PPI,Ointment,200mg,Pfizer,Diarrhea treatment,Over-the-Counter
Loperamide,Sleep Aid,Capsule,325mg,GSK,Allergic rhinitis and hives,Over-the-Counter
Calcium Carbonate,Sleep Aid,Capsule,25mg,Chattem,GERD and peptic ulcer,Over-the-Counter
Doxycycline,Beta Blocker,Inhaler,100mcg,Johnson & Johnson,Moderate to severe pain management,Prescription
Docusate Sodium,Antacid,Gel,200mg,Pfizer,Acne treatment,Over-the-Counter
Lisinopril,Antibiotic,Patch,100mg,GlaxoSmithKline,Bacterial infections treatment,Prescription
Diphenhydramine,Antiflatulent,Drops,5mg,Unilever,Minor pain and itching relief,Over-the-Counter
Cetirizine,Sleep Aid,Drops,5%,Prestige Brands,Allergic rhinitis and hives,Over-the-Counter
Magnesium Hydroxide,Topical Anesthetic,Tablet,250mg,GSK,Pain relief and fever reduction,Over-the-Counter
Lisinopril,Beta Blocker,Patch,0.25mg,Amgen,High cholesterol management,Prescription
Sertraline,Bronchodilator,Nasal Spray,150mg,Merck,Epilepsy and neuropathic pain,Prescription
Montelukast,ACE Inhibitor,Topical Solution,1000mg,Sanofi,GERD and peptic ulcer disease,Prescription
Naproxen,Antiemetic,Drops,500mg,Johnson & Johnson,Blood clot prevention,Over-the-Counter
Acetaminophen,Laxative,Patch,500mg,GSK,Insomnia and sleep aid,Over-the-Counter
Calcium Carbonate,Antiflatulent,Powder,50mg,P&G,Blood clot prevention,Over-the-Counter
Famotidine,Antidiarrheal,Spray,125mg,Unilever,Cough suppression,Over-the-Counter
Clopidogrel,Beta Blocker,IV Infusion,0.5mg,Merck,Asthma and bronchospasm,Prescription
Prednisone,Diuretic,Nasal Spray,0.25mg,Roche,Blood clot prevention,Prescription
Guaifenesin,Cough Suppressant,Lozenge,50mg,GSK,Insomnia and sleep aid,Over-the-Counter
Trimethoprim,Anticonvulsant,Inhaler,50mcg,Sanofi,Inflammation and autoimmune disorders,Prescription
Magnesium Hydroxide,Expectorant,Capsule,20mg,3M Healthcare,Constipation relief,Over-the-Counter
Omeprazole,Antacid/PPI,Cream,125mg,Chattem,Minor wound infection prevention,Over-the-Counter
Pseudoephedrine,Cough Suppressant,Gel,100mg,GSK,Heartburn and acid reflux,Over-the-Counter
Levothyroxine,Antidiabetic,Suppository,200mg,Roche,Type 2 diabetes management,Prescription
Guaifenesin,Topical Anesthetic,Cream,2%,P&G,Nasal congestion relief,Over-the-Counter
Doxycycline,Bronchodilator,IV Infusion,0.5mg,Novartis,Heart attack and stroke prevention,Prescription
Zinc Oxide,Antiplatelet,Liquid,150mg,Unilever,Allergic rhinitis and hives,Over-the-Counter
Sertraline,Anticonvulsant,Extended Release Tablet,400mcg,Roche,Anxiety and panic disorders,Prescription
Sertraline,Beta Blocker,Patch,0.5mg,GlaxoSmithKline,Moderate to severe pain management,Prescription
Bismuth Subsalicylate,Topical Antibiotic,Tablet,50mg,3M Healthcare,GERD and peptic ulcer,Over-the-Counter
Naproxen,Laxative,Spray,5%,Reckitt,Acne treatment,Over-the-Counter
Dexamethasone,Calcium Channel Blocker,Inhaler,100mg,Boehringer Ingelheim,Type 2 diabetes management,Prescription
Guaifenesin,Laxative,Cream,125mg,P&G,Fungal skin infections,Over-the-Counter
Guaifenesin,Sleep Aid,Gel,125mg,Prestige Brands,GERD and peptic ulcer,Over-the-Counter
Bismuth Subsalicylate,Antidiarrheal,Spray,500mg,Unilever,Acne treatment,Over-the-Counter
Clindamycin,Statin,Extended Release Tablet,0.25mg,Amgen,Epilepsy and neuropathic pain,Prescription
Acetaminophen,Topical Corticosteroid,Chewable Tablet,400mg,Sanofi,Pain relief and fever reduction,Over-the-Counter
Salicylic Acid,Antiflatulent,Ointment,250mg,Johnson & Johnson,Diarrhea treatment,Over-the-Counter
Pregabalin,Bronchodilator,Extended Release Tablet,20mg,Eli Lilly,Blood clot prevention,Prescription
Salicylic Acid,Expectorant,Drops,5mg,Chattem,Minor wound infection prevention,Over-the-Counter
Hydrocortisone Cream,Cough Suppressant,Powder,500mg,Novartis,Constipation relief,Over-the-Counter
Bacitracin,Analgesic,Chewable Tablet,5mg,Pfizer,Constipation relief,Over-the-Counter
Pregabalin,Antifungal,Nasal Spray,200mcg,Roche,Inflammation and autoimmune disorders,Prescription
Montelukast,Antifungal,Inhaler,400mcg,Gilead Sciences,Hypothyroidism treatment,Prescription
Escitalopram,Antidepressant/SSRI,Nasal Spray,50mcg,Novartis,Hypertension and heart failure,Prescription
Bacitracin,Expectorant,Spray,500mg,Novartis,Blood clot prevention,Over-the-Counter
Alprazolam,Beta Blocker,Nasal Spray,10mg,Merck,Hypertension and angina,Prescription
Ranitidine,Decongestant,Gel,500mg,Unilever,Diarrhea treatment,Over-the-Counter
Warfarin,Leukotriene Inhibitor,Sublingual Tablet,200mcg,Novartis,Hypertension and heart failure,Prescription
Oxycodone,Corticosteroid,Liquid,250mg,Novartis,Heart attack and stroke prevention,Prescription
Ranitidine,Expectorant,Spray,5mg,Pfizer,Heartburn and acid reflux,Over-the-Counter
Bismuth Subsalicylate,Antacid/PPI,Cream,1%,Reckitt,Minor wound infection prevention,Over-the-Counter
Escitalopram,Beta Blocker,Extended Release Tablet,250mg,Amgen,Hypertension and heart failure,Prescription
Fluoxetine,Antifungal,Patch,50mcg,GlaxoSmithKline,Edema and hypertension,Prescription
Acetaminophen,Analgesic,Powder,10mg,Novartis,Minor cuts and skin protection,Over-the-Counter
Meclizine,Antacid,Capsule,325mg,3M Healthcare,Skin inflammation and itching,Over-the-Counter
Furosemide,ACE Inhibitor,Topical Solution,20mg,Bristol-Myers Squibb,Moderate to severe pain management,Prescription
Pantoprazole,Thyroid Hormone,Sublingual Tablet,100mcg,Amgen,Edema and hypertension,Prescription
Dexamethasone,Diuretic,Suppository,0.25mg,GlaxoSmithKline,High cholesterol management,Prescription
Miconazole,Antacid,Tablet,2%,Prestige Brands,Skin inflammation and itching,Over-the-Counter
Ibuprofen,Antiemetic,Spray,200mg,GSK,Heartburn and acid reflux,Over-the-Counter
Clindamycin,Corticosteroid,Topical Solution,50mcg,Bristol-Myers Squibb,Epilepsy and neuropathic pain,Prescription
Gabapentin,Statin,Injection,1mg,Amgen,High cholesterol management,Prescription
Clotrimazole,Antidiarrheal,Tablet,500mg,3M Healthcare,Gas and bloating relief,Over-the-Counter
Bismuth Subsalicylate,Antacid/PPI,Powder,100mg,Novartis,Pain relief and fever reduction,Over-the-Counter
Metformin,Diuretic,Injection,50mg,Eli Lilly,Heart attack and stroke prevention,Prescription
Clindamycin,Statin,Topical Solution,5mg,Eli Lilly,Inflammation and autoimmune disorders,Prescription
Famotidine,Skin Protectant,Tablet,250mg,Unilever,Minor wound infection prevention,Over-the-Counter
Guaifenesin,Expectorant,Tablet,250mg,Pfizer,Minor cuts and skin protection,Over-the-Counter
Hydrocodone,ARB,Patch,1mg,Pfizer,Edema and hypertension,Prescription
Pantoprazole,Leukotriene Inhibitor,Patch,75mg,Roche,Hypertension management,Prescription
Levothyroxine,Leukotriene Inhibitor,IV Infusion,25mg,Sanofi,Hypertension management,Prescription
Guaifenesin,Antiemetic,Cream,250mg,Reckitt,Blood clot prevention,Over-the-Counter
Atorvastatin,Antidepressant/SSRI,Nasal Spray,200mcg,Gilead Sciences,Hypertension and heart failure,Prescription
Metoprolol,Thyroid Hormone,Topical Solution,250mg,GlaxoSmithKline,Moderate to severe pain management,Prescription
Neosporin,Analgesic,Tablet,5%,Pfizer,GERD and peptic ulcer,Over-the-Counter
Levothyroxine,ACE Inhibitor,Patch,400mcg,Eli Lilly,Moderate to severe pain management,Prescription
Doxycycline,ACE Inhibitor,Capsule,100mg,Johnson & Johnson,Bacterial infections treatment,Prescription
Famotidine,Topical Anesthetic,Drops,500mg,Unilever,Chest congestion and mucus relief,Over-the-Counter
Azithromycin,Beta Blocker,Suppository,25mg,Johnson & Johnson,Hypertension and heart failure,Prescription
Ibuprofen,Topical Antibiotic,Lozenge,200mg,Johnson & Johnson,Gas and bloating relief,Over-the-Counter
Loratadine,Antacid/PPI,Cream,500mg,3M Healthcare,Fungal skin infections,Over-the-Counter
Trimethoprim,Statin,Topical Solution,200mcg,Eli Lilly,Blood clot prevention,Prescription
Neosporin,Decongestant,Drops,150mg,Unilever,Cough suppression,Over-the-Counter
Calcium Carbonate,Laxative,Tablet,50mg,Chattem,Blood clot prevention,Over-the-Counter
Cetirizine,Antiflatulent,Capsule,50mg,Unilever,Motion sickness and nausea,Over-the-Counter
Ibuprofen,Analgesic,Patch,20mg,Johnson & Johnson,GERD and peptic ulcer,Over-the-Counter
Bismuth Subsalicylate,Acne Treatment,Tablet,1%,Johnson & Johnson,Cough suppression,Over-the-Counter
Alprazolam,ACE Inhibitor,Tablet,25mg,GlaxoSmithKline,Moderate to severe pain management,Prescription
Docusate Sodium,Skin Protectant,Liquid,2%,Bayer,Heartburn and acid reflux,Over-the-Counter
Diphenhydramine,Antihistamine,Capsule,125mg,GSK,Nasal congestion relief,Over-the-Counter
Dexamethasone,Calcium Channel Blocker,Topical Solution,2mg,Novartis,GERD and peptic ulcer disease,Prescription
Magnesium Hydroxide,Decongestant,Cream,250mg,GSK,Heartburn and indigestion,Over-the-Counter
Omeprazole,Topical Corticosteroid,Liquid,50mg,Novartis,Pain relief and fever reduction,Over-the-Counter
Salicylic Acid,Laxative,Cream,50mg,Reckitt,Acne treatment,Over-the-Counter
Azithromycin,ARB,Inhaler,25mg,Novartis,Hypothyroidism treatment,Prescription
Ibuprofen,Cough Suppressant,Spray,10mg,Pfizer,Blood clot prevention,Over-the-Counter
Hydrocortisone Cream,Antifungal,Ointment,325mg,Unilever,Fungal skin infections,Over-the-Counter
Oxycodone,Antifungal,Capsule,0.25mg,AstraZeneca,Anxiety and panic disorders,Prescription
Loratadine,Antacid,Capsule,5%,Sanofi,Diarrhea treatment,Over-the-Counter
Prednisone,Statin,Topical Solution,1mg,Bristol-Myers Squibb,GERD and peptic ulcer disease,Prescription
Naproxen,Expectorant,Chewable Tablet,10mg,P&G,Minor pain and itching relief,Over-the-Counter
Prednisone,Antidepressant/SSRI,Liquid,50mg,GlaxoSmithKline,Bacterial infections treatment,Prescription
Loratadine,Topical Anesthetic,Chewable Tablet,100mg,Bayer,Pain relief and fever reduction,Over-the-Counter
Warfarin,Statin,Patch,200mcg,Sanofi,Hypertension management,Prescription
Oxycodone,Diuretic,Sublingual Tablet,150mg,GlaxoSmithKline,Inflammation and autoimmune disorders,Prescription
Omeprazole,Expectorant,Chewable Tablet,250mg,3M Healthcare,Allergic rhinitis and hives,Over-the-Counter
Magnesium Hydroxide,Antidiarrheal,Spray,325mg,3M Healthcare,GERD and peptic ulcer,Over-the-Counter
Hydrocodone,PPI,Nasal Spray,100mg,Eli Lilly,Asthma and bronchospasm,Prescription
Ciprofloxacin,Anticoagulant,Patch,200mcg,Pfizer,Hypertension and heart failure,Prescription
Pantoprazole,Calcium Channel Blocker,Extended Release Tablet,25mg,Amgen,Depression and anxiety disorders,Prescription
Metformin,Antiplatelet,Nasal Spray,1mg,Pfizer,Asthma and allergic rhinitis,Prescription
Oxycodone,Anticoagulant,Extended Release Tablet,50mg,Eli Lilly,Heart attack and stroke prevention,Prescription
Atorvastatin,Antifungal,Inhaler,250mg,Novartis,Fungal infections treatment,Prescription
Loperamide,Antiplatelet,Patch,400mg,GSK,Heartburn and acid reflux,Over-the-Counter
Dextromethorphan,Laxative,Lozenge,200mg,Unilever,Minor cuts and skin protection,Over-the-Counter
Amlodipine,Bronchodilator,Capsule,75mg,Roche,Epilepsy and neuropathic pain,Prescription
Warfarin,Opioid Analgesic,IV Infusion,10mg,Boehringer Ingelheim,Heart attack and stroke prevention,Prescription
Omeprazole,Antiemetic,Drops,10mg,Chattem,Minor pain and itching relief,Over-the-Counter
Gabapentin,ARB,Liquid,10mg,Roche,Moderate to severe pain management,Prescription
Meclizine,Expectorant,Spray,20mg,Sanofi,Minor cuts and skin protection,Over-the-Counter
Warfarin,Anticoagulant,Extended Release Tablet,250mg,GlaxoSmithKline,Edema and hypertension,Prescription
Salicylic Acid,Expectorant,Chewable Tablet,150mg,Novartis,Minor wound infection prevention,Over-the-Counter
Albuterol,Beta Blocker,Extended Release Tablet,2mg,AstraZeneca,Bacterial infections treatment,Prescription
Bismuth Subsalicylate,Expectorant,Tablet,100mg,Bayer,Diarrhea treatment,Over-the-Counter
Simethicone,Expectorant,Cream,1%,Reckitt,Constipation relief,Over-the-Counter
Clotrimazole,Decongestant,Chewable Tablet,400mg,Sanofi,Minor wound infection prevention,Over-the-Counter
Magnesium Hydroxide,Antiplatelet,Chewable Tablet,100mg,Pfizer,Chest congestion and mucus relief,Over-the-Counter
Pantoprazole,ACE Inhibitor,Extended Release Tablet,200mcg,Boehringer Ingelheim,Heart attack and stroke prevention,Prescription
Famotidine,Antifungal,Ointment,25mg,Prestige Brands,Insomnia and sleep aid,Over-the-Counter
Amoxicillin,Calcium Channel Blocker,Injection,1000mg,Sanofi,Anxiety and panic disorders,Prescription
Albuterol,Anxiolytic/Benzodiazepine,Nasal Spray,1mg,Amgen,Hypertension management,Prescription
Meclizine,Skin Protectant,Liquid,500mg,Pfizer,Insomnia and sleep aid,Over-the-Counter
Ibuprofen,Antiplatelet,Gel,100mg,Johnson & Johnson,Skin inflammation and itching,Over-the-Counter
Salicylic Acid,Sleep Aid,Spray,25mg,3M Healthcare,Nasal congestion relief,Over-the-Counter
Lisinopril,Thyroid Hormone,Sublingual Tablet,150mg,Merck,Anxiety and panic disorders,Prescription
Clindamycin,Antiplatelet,Injection,250mg,Sanofi,Hypertension management,Prescription
Omeprazole,Antihistamine,Cream,25mg,Johnson & Johnson,Motion sickness and nausea,Over-the-Counter
Famotidine,Sleep Aid,Gel,250mg,3M Healthcare,Minor pain and itching relief,Over-the-Counter
Clindamycin,Opioid Analgesic,Tablet,10mg,GlaxoSmithKline,Edema and hypertension,Prescription
Metronidazole,Thyroid Hormone,Inhaler,400mcg,Roche,Inflammation and autoimmune disorders,Prescription
Pantoprazole,Diuretic,Topical Solution,100mcg,Abbott,High cholesterol management,Prescription
Loperamide,Topical Corticosteroid,Powder,100mg,Novartis,Pain relief and fever reduction,Over-the-Counter
Ranitidine,Acne Treatment,Liquid,5%,Prestige Brands,Heartburn and acid reflux,Over-the-Counter
Hydrocodone,Leukotriene Inhibitor,Liquid,0.25mg,Eli Lilly,Hypertension and heart failure,Prescription
Diphenhydramine,Antiflatulent,Spray,100mg,Reckitt,Fungal skin infections,Over-the-Counter
Cetirizine,Sleep Aid,Patch,200mg,GSK,Minor wound infection prevention,Over-the-Counter
Guaifenesin,Antidiarrheal,Chewable Tablet,325mg,GSK,Minor pain and itching relief,Over-the-Counter
Amlodipine,Antiplatelet,Liquid,100mcg,Amgen,Inflammation and autoimmune disorders,Prescription
Simethicone,Antidiarrheal,Cream,250mg,Reckitt,Chest congestion and mucus relief,Over-the-Counter
Montelukast,Antidiabetic,Patch,20mg,Boehringer Ingelheim,High cholesterol management,Prescription
Amoxicillin,Diuretic,Suppository,75mg,Amgen,High cholesterol management,Prescription
Metronidazole,Leukotriene Inhibitor,Tablet,25mg,Roche,Blood clot prevention,Prescription
Azithromycin,Antidiabetic,Injection,150mg,Novartis,Moderate to severe pain management,Prescription
Bacitracin,Antifungal,Powder,1%,Prestige Brands,Minor wound infection prevention,Over-the-Counter
Bacitracin,Analgesic,Cream,1%,Chattem,Cough suppression,Over-the-Counter
Loperamide,Antacid,Lozenge,250mg,3M Healthcare,Insomnia and sleep aid,Over-the-Counter
Guaifenesin,Antidiarrheal,Lozenge,500mg,Prestige Brands,GERD and peptic ulcer,Over-the-Counter
Trimethoprim,Calcium Channel Blocker,Inhaler,400mcg,Amgen,Bacterial infections treatment,Prescription
Amoxicillin,Diuretic,Liquid,0.25mg,GlaxoSmithKline,Bacterial infections treatment,Prescription
Guaifenesin,Topical Antibiotic,Lozenge,20mg,Pfizer,Gas and bloating relief,Over-the-Counter
Escitalopram,ACE Inhibitor,Injection,75mg,AstraZeneca,Depression and anxiety disorders,Prescription
Hydrocortisone Cream,Laxative,Cream,25mg,Chattem,Chest congestion and mucus relief,Over-the-Counter
Aluminum Hydroxide,Sleep Aid,Gel,325mg,Sanofi,Acne treatment,Over-the-Counter
Warfarin,Thyroid Hormone,Capsule,0.25mg,Bristol-Myers Squibb,Epilepsy and neuropathic pain,Prescription
Lisinopril,Antidiabetic,IV Infusion,2mg,Eli Lilly,Blood clot prevention,Prescription
Loratadine,Antidiarrheal,Liquid,5mg,Unilever,Diarrhea treatment,Over-the-Counter
Docusate Sodium,Antiflatulent,Tablet,250mg,Unilever,Heartburn and indigestion,Over-the-Counter
Trimethoprim,Antifungal,Sublingual Tablet,50mcg,GlaxoSmithKline,GERD and peptic ulcer disease,Prescription
Ibuprofen,Antacid,Ointment,500mg,Reckitt,Minor pain and itching relief,Over-the-Counter
Metronidazole,Corticosteroid,Suppository,200mcg,Boehringer Ingelheim,Hypertension and heart failure,Prescription
Diphenhydramine,Sleep Aid,Patch,125mg,GSK,Cough suppression,Over-the-Counter
Hydrocortisone Cream,Antacid,Chewable Tablet,10mg,P&G,Constipation relief,Over-the-Counter
Trimethoprim,Calcium Channel Blocker,Patch,10mg,GlaxoSmithKline,Depression and anxiety disorders,Prescription
Fluoxetine,Beta Blocker,Liquid,400mcg,Johnson & Johnson,Epilepsy and neuropathic pain,Prescription
Ibuprofen,Decongestant,Lozenge,1%,GSK,Cough suppression,Over-the-Counter
Fluoxetine,Antidiabetic,Sublingual Tablet,200mg,AstraZeneca,Edema and hypertension,Prescription
Simethicone,Laxative,Tablet,5%,Pfizer,Acne treatment,Over-the-Counter
Meclizine,Antacid/H2 Blocker,Powder,10mg,Johnson & Johnson,Minor pain and itching relief,Over-the-Counter
Pantoprazole,Beta Blocker,Inhaler,100mg,Bristol-Myers Squibb,Fungal infections treatment,Prescription
Benzoyl Peroxide,Antiemetic,Spray,1%,Reckitt,Pain relief and fever reduction,Over-the-Counter
Sertraline,Diuretic,Tablet,20mg,Bristol-Myers Squibb,Hypothyroidism treatment,Prescription
Pseudoephedrine,Laxative,Ointment,125mg,GSK,Diarrhea treatment,Over-the-Counter
Salicylic Acid,Laxative,Tablet,500mg,GSK,Pain relief and fever reduction,Over-the-Counter
Montelukast,Statin,IV Infusion,0.5mg,Boehringer Ingelheim,Fungal infections treatment,Prescription
Bismuth Subsalicylate,Topical Corticosteroid,Gel,500mg,3M Healthcare,Minor pain and itching relief,Over-the-Counter
Hydrocortisone Cream,Decongestant,Powder,200mg,Pfizer,Allergic rhinitis and hives,Over-the-Counter
Pseudoephedrine,Antidiarrheal,Chewable Tablet,100mg,3M Healthcare,Heartburn and acid reflux,Over-the-Counter
Famotidine,Sleep Aid,Tablet,10mg,3M Healthcare,Minor cuts and skin protection,Over-the-Counter
Acetaminophen,Acne Treatment,Lozenge,10mg,Sanofi,Diarrhea treatment,Over-the-Counter
Levothyroxine,ARB,Suppository,200mcg,Sanofi,Hypothyroidism treatment,Prescription
Clindamycin,Diuretic,Injection,500mg,Merck,Epilepsy and neuropathic pain,Prescription
Lidocaine Cream,Decongestant,Chewable Tablet,125mg,Johnson & Johnson,GERD and peptic ulcer,Over-the-Counter
Gabapentin,Opioid Analgesic,Topical Solution,100mcg,Johnson & Johnson,Heart attack and stroke prevention,Prescription
Aluminum Hydroxide,Sleep Aid,Ointment,20mg,Reckitt,Acne treatment,Over-the-Counter
Calcium Carbonate,Laxative,Tablet,2%,GSK,Allergic rhinitis and hives,Over-the-Counter
Naproxen,Antiflatulent,Drops,5%,P&G,Pain relief and fever reduction,Over-the-Counter
Lidocaine Cream,Antacid/H2 Blocker,Patch,100mg,Bayer,Constipation relief,Over-the-Counter
Diphenhydramine,Antacid,Tablet,10mg,Sanofi,Minor pain and itching relief,Over-the-Counter
Hydrocodone,ARB,Liquid,50mg,Novartis,High cholesterol management,Prescription
Metoprolol,Antifungal,IV Infusion,5mg,AstraZeneca,Moderate to severe pain management,Prescription
Pantoprazole,Antiplatelet,Capsule,100mg,Boehringer Ingelheim,Edema and hypertension,Prescription
Neosporin,Decongestant,Capsule,500mg,Johnson & Johnson,Heartburn and indigestion,Over-the-Counter
Naproxen,Laxative,Gel,250mg,Novartis,Gas and bloating relief,Over-the-Counter
Doxycycline,Anticoagulant,Liquid,50mcg,Bristol-Myers Squibb,Asthma and allergic rhinitis,Prescription
Trimethoprim,Bronchodilator,Extended Release Tablet,500mg,Pfizer,Fungal infections treatment,Prescription
Miconazole,Expectorant,Powder,125mg,Pfizer,Minor wound infection prevention,Over-the-Counter
Famotidine,Antiplatelet,Drops,5%,Sanofi,Skin inflammation and itching,Over-the-Counter
Fluoxetine,Anticonvulsant,Patch,10mg,Bristol-Myers Squibb,Type 2 diabetes management,Prescription
Warfarin,ACE Inhibitor,Liquid,0.25mg,Pfizer,Edema and hypertension,Prescription
Ciprofloxacin,PPI,Nasal Spray,10mg,AstraZeneca,Hypothyroidism treatment,Prescription
Metoprolol,Beta Blocker,Extended Release Tablet,100mg,AstraZeneca,Epilepsy and neuropathic pain,Prescription
Lidocaine Cream,Antifungal,Tablet,2%,GSK,Insomnia and sleep aid,Over-the-Counter
Bismuth Subsalicylate,Skin Protectant,Liquid,50mg,Bayer,Fungal skin infections,Over-the-Counter
Alprazolam,ACE Inhibitor,Sublingual Tablet,400mcg,Eli Lilly,Asthma and allergic rhinitis,Prescription
Losartan,Leukotriene Inhibitor,Injection,200mg,Roche,High cholesterol management,Prescription
Acetaminophen,Antidiarrheal,Chewable Tablet,5%,3M Healthcare,Constipation relief,Over-the-Counter
Guaifenesin,Cough Suppressant,Powder,325mg,GSK,Nasal congestion relief,Over-the-Counter
Aluminum Hydroxide,Expectorant,Chewable Tablet,100mg,Chattem,Minor wound infection prevention,Over-the-Counter
Bacitracin,Antiplatelet,Liquid,10mg,Johnson & Johnson,GERD and peptic ulcer,Over-the-Counter
Doxycycline,Bronchodilator,IV Infusion,150mg,Gilead Sciences,Type 2 diabetes management,Prescription
Sertraline,Corticosteroid,Extended Release Tablet,100mcg,Novartis,Asthma and allergic rhinitis,Prescription
Furosemide,Anticoagulant,Capsule,25mg,Eli Lilly,Moderate to severe pain management,Prescription
Zinc Oxide,Skin Protectant,Tablet,150mg,GSK,Chest congestion and mucus relief,Over-the-Counter
Docusate Sodium,Antihistamine,Chewable Tablet,2%,Pfizer,Chest congestion and mucus relief,Over-the-Counter
Hydrocodone,Antifungal,Topical Solution,0.25mg,Boehringer Ingelheim,Inflammation and autoimmune disorders,Prescription
Famotidine,Antiplatelet,Chewable Tablet,5%,Reckitt,Minor wound infection prevention,Over-the-Counter
Pseudoephedrine,Decongestant,Tablet,10mg,Unilever,Blood clot prevention,Over-the-Counter
Loperamide,Acne Treatment,Ointment,20mg,Unilever,Allergic rhinitis and hives,Over-the-Counter
Hydrocodone,Corticosteroid,Nasal Spray,20mg,Amgen,Blood clot prevention,Prescription
Fluoxetine,Diuretic,Topical Solution,50mcg,Abbott,Asthma and allergic rhinitis,Prescription
Aluminum Hydroxide,Antacid/H2 Blocker,Gel,400mg,Bayer,Acne treatment,Over-the-Counter
Pseudoephedrine,Antihistamine,Spray,50mg,Johnson & Johnson,Pain relief and fever reduction,Over-the-Counter
Acetaminophen,Antidiarrheal,Ointment,400mg,Reckitt,Motion sickness and nausea,Over-the-Counter
Hydrocodone,Antiplatelet,Nasal Spray,5mg,Bristol-Myers Squibb,Hypertension and heart failure,Prescription
Metronidazole,Antiplatelet,Tablet,50mg,Eli Lilly,Moderate to severe pain management,Prescription
Meclizine,Antidiarrheal,Powder,5mg,P&G,Heartburn and acid reflux,Over-the-Counter
Aspirin,Antiplatelet,Spray,20mg,Reckitt,GERD and peptic ulcer,Over-the-Counter
Alprazolam,Antiplatelet,IV Infusion,250mg,Abbott,Depression and anxiety disorders,Prescription
Pregabalin,Antifungal,Inhaler,150mg,Novartis,Hypothyroidism treatment,Prescription
Montelukast,Antidepressant/SSRI,Liquid,50mg,Sanofi,Depression and anxiety disorders,Prescription
Magnesium Hydroxide,Topical Corticosteroid,Drops,150mg,Pfizer,Minor cuts and skin protection,Over-the-Counter
Famotidine,Topical Corticosteroid,Cream,200mg,Sanofi,Motion sickness and nausea,Over-the-Counter
Azithromycin,Statin,Extended Release Tablet,200mcg,Abbott,Hypertension and heart failure,Prescription
Omeprazole,Antidiarrheal,Capsule,100mg,Sanofi,Constipation relief,Over-the-Counter
Calcium Carbonate,Decongestant,Drops,50mg,Prestige Brands,Gas and bloating relief,Over-the-Counter
Lisinopril,Anxiolytic/Benzodiazepine,Inhaler,50mg,Roche,Hypertension and heart failure,Prescription
Amlodipine,ACE Inhibitor,Nasal Spray,250mg,Sanofi,Anxiety and panic disorders,Prescription
Lidocaine Cream,Antacid,Patch,500mg,3M Healthcare,Skin inflammation and itching,Over-the-Counter
Clotrimazole,Decongestant,Powder,400mg,Chattem,Nasal congestion relief,Over-the-Counter
Aluminum Hydroxide,Topical Corticosteroid,Gel,2%,Chattem,Fungal skin infections,Over-the-Counter
Gabapentin,Corticosteroid,Tablet,400mcg,GlaxoSmithKline,Asthma and allergic rhinitis,Prescription
Levothyroxine,Antidepressant/SSRI,Liquid,50mg,Bristol-Myers Squibb,Blood clot prevention,Prescription
Bismuth Subsalicylate,Topical Anesthetic,Drops,150mg,Sanofi,Constipation relief,Over-the-Counter
Calcium Carbonate,Antidiarrheal,Lozenge,5%,Unilever,Fungal skin infections,Over-the-Counter
Pregabalin,Antibiotic,Suppository,10mg,Amgen,Hypertension and heart failure,Prescription
Escitalopram,Opioid Analgesic,IV Infusion,400mcg,Gilead Sciences,Anxiety and panic disorders,Prescription
Calcium Carbonate,Skin Protectant,Patch,200mg,Unilever,Motion sickness and nausea,Over-the-Counter
Hydrocodone,Diuretic,Liquid,0.5mg,Roche,Hypertension and heart failure,Prescription
Alprazolam,Opioid Analgesic,IV Infusion,20mg,Johnson & Johnson,Hypertension and heart failure,Prescription
Salicylic Acid,Acne Treatment,Drops,400mg,Prestige Brands,Motion sickness and nausea,Over-the-Counter
Pregabalin,ARB,Injection,500mg,Roche,Hypertension management,Prescription
Montelukast,Antifungal,IV Infusion,50mcg,Johnson & Johnson,Hypertension and angina,Prescription
Zinc Oxide,Antacid/PPI,Lozenge,150mg,Unilever,Pain relief and fever reduction,Over-the-Counter
Pantoprazole,Antibiotic,Nasal Spray,50mcg,Amgen,Epilepsy and neuropathic pain,Prescription
Docusate Sodium,Topical Anesthetic,Capsule,10mg,Unilever,Fungal skin infections,Over-the-Counter
Clotrimazole,Antacid/PPI,Gel,100mg,GSK,Skin inflammation and itching,Over-the-Counter
Guaifenesin,Laxative,Tablet,200mg,Reckitt,Chest congestion and mucus relief,Over-the-Counter
Oxycodone,PPI,Inhaler,250mg,AstraZeneca,Depression and anxiety disorders,Prescription
Prednisone,Anxiolytic/Benzodiazepine,Inhaler,100mg,Pfizer,Epilepsy and neuropathic pain,Prescription
Cetirizine,Decongestant,Lozenge,125mg,Unilever,Motion sickness and nausea,Over-the-Counter
Neosporin,Antacid/PPI,Cream,5%,Pfizer,Chest congestion and mucus relief,Over-the-Counter
Clopidogrel,Beta Blocker,Injection,150mg,Merck,High cholesterol management,Prescription
Sertraline,Bronchodilator,Liquid,150mg,Merck,Type 2 diabetes management,Prescription
Meclizine,Antihistamine,Liquid,150mg,Sanofi,Constipation relief,Over-the-Counter
Clindamycin,Antidepressant/SSRI,Inhaler,250mg,GlaxoSmithKline,Heart attack and stroke prevention,Prescription
Atorvastatin,Leukotriene Inhibitor,Liquid,200mg,Abbott,Moderate to severe pain management,Prescription
Sertraline,Beta Blocker,IV Infusion,100mg,Roche,Depression and anxiety disorders,Prescription
Clopidogrel,Thyroid Hormone,Capsule,75mg,Bristol-Myers Squibb,GERD and peptic ulcer disease,Prescription
Docusate Sodium,Sleep Aid,Lozenge,25mg,Unilever,Heartburn and acid reflux,Over-the-Counter
Losartan,ACE Inhibitor,Tablet,100mg,Abbott,Hypothyroidism treatment,Prescription
Hydrocortisone Cream,Antacid/H2 Blocker,Chewable Tablet,325mg,P&G,Constipation relief,Over-the-Counter
Atorvastatin,ACE Inhibitor,Tablet,10mg,GlaxoSmithKline,Inflammation and autoimmune disorders,Prescription
Ranitidine,Antifungal,Tablet,5mg,Unilever,Fungal skin infections,Over-the-Counter
Neosporin,Antacid/H2 Blocker,Powder,25mg,Sanofi,Pain relief and fever reduction,Over-the-Counter
Doxycycline,Anxiolytic/Benzodiazepine,IV Infusion,50mcg,AstraZeneca,Depression and anxiety disorders,Prescription
Salicylic Acid,Analgesic,Cream,25mg,Sanofi,Minor pain and itching relief,Over-the-Counter
Clindamycin,Beta Blocker,Sublingual Tablet,100mcg,Pfizer,Anxiety and panic disorders,Prescription
Amlodipine,Antiplatelet,Capsule,400mcg,Amgen,Type 2 diabetes management,Prescription
Levothyroxine,Anticonvulsant,Suppository,100mcg,Johnson & Johnson,Hypertension management,Prescription
Montelukast,PPI,Injection,0.25mg,Novartis,Hypothyroidism treatment,Prescription
Neosporin,Antacid/H2 Blocker,Ointment,250mg,Reckitt,Minor pain and itching relief,Over-the-Counter
Levothyroxine,Antibiotic,Liquid,100mcg,GlaxoSmithKline,Hypertension and angina,Prescription
Zinc Oxide,Topical Anesthetic,Drops,325mg,Novartis,Constipation relief,Over-the-Counter
Naproxen,Skin Protectant,Lozenge,200mg,Unilever,Allergic rhinitis and hives,Over-the-Counter
Losartan,Bronchodilator,Patch,100mg,AstraZeneca,GERD and peptic ulcer disease,Prescription
Docusate Sodium,Topical Antibiotic,Gel,125mg,Reckitt,Acne treatment,Over-the-Counter
Bismuth Subsalicylate,Antacid/H2 Blocker,Drops,325mg,Unilever,Motion sickness and nausea,Over-the-Counter
Diphenhydramine,Antacid,Powder,400mg,Prestige Brands,Blood clot prevention,Over-the-Counter
Omeprazole,Sleep Aid,Ointment,5mg,Prestige Brands,Blood clot prevention,Over-the-Counter
Guaifenesin,Antiemetic,Liquid,1%,Prestige Brands,Heartburn and indigestion,Over-the-Counter
Escitalopram,Antidiabetic,Topical Solution,100mcg,Pfizer,Hypertension and heart failure,Prescription
Albuterol,Antibiotic,Tablet,0.5mg,AstraZeneca,Hypothyroidism treatment,Prescription
Albuterol,Antiplatelet,Tablet,200mg,Abbott,Fungal infections treatment,Prescription
Ciprofloxacin,Diuretic,Capsule,100mg,Sanofi,Hypertension and angina,Prescription
Cetirizine,Antihistamine,Liquid,250mg,Unilever,Blood clot prevention,Over-the-Counter
Clindamycin,PPI,Suppository,200mcg,Boehringer Ingelheim,Epilepsy and neuropathic pain,Prescription
Aluminum Hydroxide,Topical Anesthetic,Chewable Tablet,10mg,Bayer,Insomnia and sleep aid,Over-the-Counter
Hydrocortisone Cream,Laxative,Capsule,5%,P&G,Insomnia and sleep aid,Over-the-Counter
Famotidine,Laxative,Chewable Tablet,10mg,Sanofi,Chest congestion and mucus relief,Over-the-Counter
Dexamethasone,Antifungal,Extended Release Tablet,5mg,GlaxoSmithKline,Bacterial infections treatment,Prescription
Furosemide,Opioid Analgesic,Inhaler,1mg,Eli Lilly,Type 2 diabetes management,Prescription
Clindamycin,Antifungal,Injection,50mcg,GlaxoSmithKline,Depression and anxiety disorders,Prescription
Furosemide,Antiplatelet,Capsule,250mg,Roche,Asthma and allergic rhinitis,Prescription
Ranitidine,Topical Antibiotic,Tablet,5%,GSK,Heartburn and acid reflux,Over-the-Counter
Omeprazole,Acne Treatment,Ointment,2%,Johnson & Johnson,Skin inflammation and itching,Over-the-Counter
Montelukast,Bronchodilator,Nasal Spray,20mg,Amgen,Bacterial infections treatment,Prescription
Metronidazole,Thyroid Hormone,Topical Solution,20mg,Roche,Moderate to severe pain management,Prescription
Lisinopril,Bronchodilator,Suppository,20mg,Abbott,High cholesterol management,Prescription
Ranitidine,Acne Treatment,Patch,100mg,Bayer,Minor wound infection prevention,Over-the-Counter
Trimethoprim,Antiplatelet,Extended Release Tablet,5mg,GlaxoSmithKline,Fungal infections treatment,Prescription
Cetirizine,Laxative,Spray,50mg,GSK,GERD and peptic ulcer,Over-the-Counter
Metronidazole,Corticosteroid,Inhaler,50mg,Sanofi,Depression and anxiety disorders,Prescription
Metformin,PPI,IV Infusion,2mg,Merck,Hypertension and heart failure,Prescription
Oxycodone,ARB,Topical Solution,5mg,Merck,Hypothyroidism treatment,Prescription
Warfarin,Corticosteroid,Extended Release Tablet,2mg,Roche,Hypertension and angina,Prescription
Hydrocodone,Leukotriene Inhibitor,Patch,500mg,Johnson & Johnson,Heart attack and stroke prevention,Prescription
Gabapentin,Anticoagulant,Suppository,1mg,Boehringer Ingelheim,GERD and peptic ulcer disease,Prescription
Amlodipine,Antibiotic,Patch,20mg,Pfizer,Hypertension management,Prescription
Clindamycin,ARB,Capsule,100mg,Sanofi,Hypertension and heart failure,Prescription
Lidocaine Cream,Analgesic,Ointment,500mg,Chattem,Insomnia and sleep aid,Over-the-Counter
Ciprofloxacin,Bronchodilator,Nasal Spray,150mg,GlaxoSmithKline,Asthma and allergic rhinitis,Prescription
Lisinopril,Anticonvulsant,Topical Solution,0.5mg,Novartis,Hypertension management,Prescription
Cetirizine,Antifungal,Powder,10mg,3M Healthcare,Motion sickness and nausea,Over-the-Counter
Loperamide,Antihistamine,Gel,200mg,P&G,Nasal congestion relief,Over-the-Counter
Benzoyl Peroxide,Topical Anesthetic,Liquid,250mg,Novartis,Motion sickness and nausea,Over-the-Counter
Lidocaine Cream,Topical Antibiotic,Capsule,325mg,P&G,Minor wound infection prevention,Over-the-Counter
Metformin,Corticosteroid,Tablet,50mg,Bristol-Myers Squibb,Fungal infections treatment,Prescription
Furosemide,ACE Inhibitor,Injection,250mg,Abbott,Epilepsy and neuropathic pain,Prescription
Pregabalin,Antidepressant/SSRI,Suppository,0.25mg,Novartis,Hypertension and heart failure,Prescription
Bacitracin,Antidiarrheal,Spray,100mg,Prestige Brands,Allergic rhinitis and hives,Over-the-Counter
Pantoprazole,Antidiabetic,Patch,50mg,Abbott,Bacterial infections treatment,Prescription
Clotrimazole,Antacid/PPI,Patch,125mg,Prestige Brands,Minor cuts and skin protection,Over-the-Counter
Pregabalin,ACE Inhibitor,IV Infusion,100mg,Roche,Heart attack and stroke prevention,Prescription
Clindamycin,Diuretic,IV Infusion,20mg,Boehringer Ingelheim,Hypertension and angina,Prescription
Metoprolol,Antibiotic,Inhaler,75mg,Pfizer,Depression and anxiety disorders,Prescription
Dexamethasone,Antiplatelet,Capsule,150mg,Novartis,Hypertension and heart failure,Prescription
Warfarin,PPI,Patch,100mcg,Boehringer Ingelheim,Hypertension management,Prescription
Metoprolol,Statin,Liquid,400mcg,Abbott,Hypertension and heart failure,Prescription
Bacitracin,Acne Treatment,Ointment,5%,Unilever,Minor pain and itching relief,Over-the-Counter
Bacitracin,Expectorant,Tablet,500mg,Prestige Brands,Motion sickness and nausea,Over-the-Counter
Simethicone,Laxative,Capsule,50mg,Sanofi,Fungal skin infections,Over-the-Counter
Ranitidine,Sleep Aid,Liquid,2%,3M Healthcare,Gas and bloating relief,Over-the-Counter
Atorvastatin,Calcium Channel Blocker,Capsule,75mg,Bristol-Myers Squibb,Hypothyroidism treatment,Prescription
Loratadine,Antacid,Capsule,325mg,3M Healthcare,Fungal skin infections,Over-the-Counter
Cetirizine,Antiflatulent,Liquid,325mg,Chattem,Constipation relief,Over-the-Counter
Hydrocodone,ACE Inhibitor,Inhaler,100mcg,Roche,Hypothyroidism treatment,Prescription
Omeprazole,Acne Treatment,Gel,400mg,Chattem,Chest congestion and mucus relief,Over-the-Counter
Zinc Oxide,Decongestant,Chewable Tablet,500mg,Johnson & Johnson,Minor cuts and skin protection,Over-the-Counter
Alprazolam,ARB,Injection,50mcg,Sanofi,Asthma and bronchospasm,Prescription
Metoprolol,Antiplatelet,Nasal Spray,25mg,GlaxoSmithKline,Asthma and bronchospasm,Prescription
Furosemide,ACE Inhibitor,Liquid,0.25mg,GlaxoSmithKline,Asthma and allergic rhinitis,Prescription
Trimethoprim,Diuretic,Extended Release Tablet,100mcg,GlaxoSmithKline,Asthma and bronchospasm,Prescription
Losartan,Antidepressant/SSRI,Patch,25mg,Amgen,Anxiety and panic disorders,Prescription
Pantoprazole,Anticoagulant,Patch,400mcg,Abbott,Hypertension management,Prescription
Ibuprofen,Laxative,Drops,100mg,Chattem,Blood clot prevention,Over-the-Counter
Ranitidine,Antihistamine,Lozenge,400mg,3M Healthcare,Chest congestion and mucus relief,Over-the-Counter
Aluminum Hydroxide,Topical Antibiotic,Gel,2%,Unilever,Fungal skin infections,Over-the-Counter
Dexamethasone,Antiplatelet,Tablet,2mg,Novartis,Hypertension and heart failure,Prescription
Aspirin,Acne Treatment,Liquid,500mg,Johnson & Johnson,GERD and peptic ulcer,Over-the-Counter
Oxycodone,ACE Inhibitor,Capsule,1000mg,GlaxoSmithKline,Asthma and bronchospasm,Prescription
Oxycodone,Opioid Analgesic,Capsule,0.25mg,Roche,High cholesterol management,Prescription
Docusate Sodium,Skin Protectant,Patch,325mg,Pfizer,Gas and bloating relief,Over-the-Counter
Prednisone,Antiplatelet,Extended Release Tablet,100mcg,GlaxoSmithKline,Depression and anxiety disorders,Prescription
Pantoprazole,Antibiotic,Liquid,200mcg,Abbott,GERD and peptic ulcer disease,Prescription
Bacitracin,Acne Treatment,Gel,125mg,3M Healthcare,Allergic rhinitis and hives,Over-the-Counter
Prednisone,Diuretic,Sublingual Tablet,400mcg,Gilead Sciences,Hypertension and angina,Prescription
Calcium Carbonate,Expectorant,Cream,2%,Prestige Brands,Minor wound infection prevention,Over-the-Counter
Sertraline,Antidepressant/SSRI,Topical Solution,0.25mg,Novartis,Bacterial infections treatment,Prescription
Doxycycline,Antidepressant/SSRI,IV Infusion,400mcg,Gilead Sciences,Anxiety and panic disorders,Prescription
Albuterol,ARB,Topical Solution,1000mg,Bristol-Myers Squibb,Asthma and allergic rhinitis,Prescription
Doxycycline,Bronchodilator,Inhaler,100mcg,GlaxoSmithKline,Depression and anxiety disorders,Prescription
Naproxen,Topical Anesthetic,Gel,500mg,Johnson & Johnson,Insomnia and sleep aid,Over-the-Counter
Pregabalin,Statin,Liquid,1000mg,Merck,GERD and peptic ulcer disease,Prescription
Warfarin,Antidiabetic,Inhaler,200mg,Pfizer,Hypertension management,Prescription
Metformin,Diuretic,Inhaler,25mg,AstraZeneca,Blood clot prevention,Prescription
Escitalopram,Anxiolytic/Benzodiazepine,Patch,0.25mg,Sanofi,Hypertension management,Prescription
Bismuth Subsalicylate,Antiemetic,Spray,125mg,Pfizer,Heartburn and indigestion,Over-the-Counter
Dexamethasone,Antifungal,Extended Release Tablet,0.5mg,Pfizer,Fungal infections treatment,Prescription
Cetirizine,Antacid/PPI,Chewable Tablet,25mg,Johnson & Johnson,Constipation relief,Over-the-Counter
Pseudoephedrine,Skin Protectant,Tablet,150mg,Chattem,Diarrhea treatment,Over-the-Counter
Guaifenesin,Antacid,Gel,50mg,Pfizer,Cough suppression,Over-the-Counter
Gabapentin,ACE Inhibitor,Suppository,400mcg,Boehringer Ingelheim,Fungal infections treatment,Prescription
Ibuprofen,Antacid,Tablet,1%,Unilever,GERD and peptic ulcer,Over-the-Counter
Clopidogrel,Anxiolytic/Benzodiazepine,Topical Solution,2mg,Novartis,Hypothyroidism treatment,Prescription
Alprazolam,Corticosteroid,Extended Release Tablet,1000mg,Novartis,Inflammation and autoimmune disorders,Prescription
Aspirin,Antifungal,Chewable Tablet,1%,Prestige Brands,Acne treatment,Over-the-Counter
Sertraline,ACE Inhibitor,Inhaler,20mg,Novartis,Hypertension and heart failure,Prescription
Metformin,PPI,Topical Solution,20mg,Johnson & Johnson,Moderate to severe pain management,Prescription
Metronidazole,Antidepressant/SSRI,IV Infusion,400mcg,Johnson & Johnson,Inflammation and autoimmune disorders,Prescription
Amoxicillin,ARB,Suppository,1000mg,Novartis,High cholesterol management,Prescription
Escitalopram,Calcium Channel Blocker,Extended Release Tablet,25mg,Johnson & Johnson,GERD and peptic ulcer disease,Prescription
Bismuth Subsalicylate,Skin Protectant,Tablet,25mg,Unilever,Minor pain and itching relief,Over-the-Counter
Fluoxetine,Thyroid Hormone,Tablet,100mg,Gilead Sciences,Hypothyroidism treatment,Prescription
Ciprofloxacin,Thyroid Hormone,Capsule,200mg,Pfizer,Epilepsy and neuropathic pain,Prescription
Clindamycin,Calcium Channel Blocker,Tablet,50mg,Bristol-Myers Squibb,Asthma and allergic rhinitis,Prescription
Loratadine,Acne Treatment,Liquid,50mg,GSK,Blood clot prevention,Over-the-Counter
Clotrimazole,Topical Anesthetic,Drops,25mg,Novartis,Heartburn and acid reflux,Over-the-Counter
Ibuprofen,Topical Corticosteroid,Tablet,500mg,Bayer,Allergic rhinitis and hives,Over-the-Counter
Famotidine,Antiplatelet,Cream,200mg,Bayer,Gas and bloating relief,Over-the-Counter
Omeprazole,Antiflatulent,Liquid,100mg,Reckitt,Insomnia and sleep aid,Over-the-Counter
Cetirizine,Analgesic,Cream,2%,Pfizer,Chest congestion and mucus relief,Over-the-Counter
Alprazolam,PPI,Extended Release Tablet,50mg,Pfizer,Depression and anxiety disorders,Prescription
Alprazolam,Beta Blocker,Extended Release Tablet,100mg,AstraZeneca,Hypertension management,Prescription
Ranitidine,Antihistamine,Patch,500mg,Chattem,Heartburn and indigestion,Over-the-Counter
Miconazole,Skin Protectant,Spray,150mg,3M Healthcare,Skin inflammation and itching,Over-the-Counter
Bacitracin,Antiflatulent,Patch,400mg,Unilever,Gas and bloating relief,Over-the-Counter
Montelukast,Diuretic,Injection,200mg,Gilead Sciences,Asthma and bronchospasm,Prescription
Oxycodone,Thyroid Hormone,Capsule,200mcg,Sanofi,Moderate to severe pain management,Prescription
Aspirin,Antacid/PPI,Cream,125mg,GSK,Acne treatment,Over-the-Counter
Omeprazole,Antacid,Drops,50mg,Novartis,Allergic rhinitis and hives,Over-the-Counter
Miconazole,Cough Suppressant,Powder,125mg,Prestige Brands,Acne treatment,Over-the-Counter
Pseudoephedrine,Analgesic,Tablet,5mg,Prestige Brands,Nasal congestion relief,Over-the-Counter
Magnesium Hydroxide,Skin Protectant,Spray,50mg,Unilever,Cough suppression,Over-the-Counter
Magnesium Hydroxide,Topical Corticosteroid,Tablet,10mg,Unilever,Motion sickness and nausea,Over-the-Counter
Azithromycin,Statin,IV Infusion,0.5mg,Novartis,Inflammation and autoimmune disorders,Prescription
Albuterol,ARB,Inhaler,25mg,Pfizer,Anxiety and panic disorders,Prescription
Aluminum Hydroxide,Laxative,Patch,2%,Chattem,Cough suppression,Over-the-Counter
Simethicone,Antiemetic,Patch,150mg,Bayer,Insomnia and sleep aid,Over-the-Counter
Miconazole,Topical Anesthetic,Spray,50mg,Chattem,Nasal congestion relief,Over-the-Counter
Lidocaine Cream,Antiflatulent,Spray,250mg,Unilever,GERD and peptic ulcer,Over-the-Counter
Clotrimazole,Antiplatelet,Patch,200mg,Sanofi,Cough suppression,Over-the-Counter
Albuterol,Diuretic,Tablet,100mcg,Gilead Sciences,Asthma and bronchospasm,Prescription
Zinc Oxide,Antifungal,Powder,125mg,Novartis,Diarrhea treatment,Over-the-Counter
Calcium Carbonate,Antiflatulent,Powder,10mg,Unilever,Diarrhea treatment,Over-the-Counter
Fluoxetine,Corticosteroid,Tablet,500mg,Johnson & Johnson,Hypothyroidism treatment,Prescription
Albuterol,Antiplatelet,Tablet,400mcg,Boehringer Ingelheim,Moderate to severe pain management,Prescription
Benzoyl Peroxide,Antacid,Chewable Tablet,250mg,GSK,Gas and bloating relief,Over-the-Counter
Alprazolam,Statin,Capsule,200mcg,Pfizer,Anxiety and panic disorders,Prescription
Diphenhydramine,Antihistamine,Chewable Tablet,200mg,GSK,Pain relief and fever reduction,Over-the-Counter
Dextromethorphan,Laxative,Spray,325mg,GSK,Chest congestion and mucus relief,Over-the-Counter
Docusate Sodium,Sleep Aid,Cream,25mg,Prestige Brands,Allergic rhinitis and hives,Over-the-Counter
Metformin,Anticonvulsant,Inhaler,5mg,Bristol-Myers Squibb,Hypertension and heart failure,Prescription
Bismuth Subsalicylate,Antiplatelet,Chewable Tablet,150mg,Sanofi,Diarrhea treatment,Over-the-Counter
Docusate Sodium,Decongestant,Ointment,250mg,Chattem,Minor wound infection prevention,Over-the-Counter
Salicylic Acid,Antacid,Cream,1%,Unilever,Allergic rhinitis and hives,Over-the-Counter
Gabapentin,Opioid Analgesic,Capsule,150mg,Gilead Sciences,Hypertension and heart failure,Prescription
Sertraline,Bronchodilator,Sublingual Tablet,400mcg,GlaxoSmithKline,Moderate to severe pain management,Prescription
Metformin,Anxiolytic/Benzodiazepine,Extended Release Tablet,250mg,Amgen,High cholesterol management,Prescription
Lisinopril,ACE Inhibitor,Patch,20mg,Gilead Sciences,GERD and peptic ulcer disease,Prescription
Doxycycline,Antiplatelet,Capsule,1000mg,Bristol-Myers Squibb,Edema and hypertension,Prescription
Levothyroxine,Anticonvulsant,Injection,25mg,Amgen,Hypertension and heart failure,Prescription
Loperamide,Topical Corticosteroid,Lozenge,25mg,Pfizer,Heartburn and indigestion,Over-the-Counter
Aspirin,Topical Antibiotic,Powder,5%,Bayer,GERD and peptic ulcer,Over-the-Counter
Lidocaine Cream,Antidiarrheal,Ointment,400mg,P&G,Heartburn and acid reflux,Over-the-Counter
Magnesium Hydroxide,Antiflatulent,Capsule,2%,Bayer,Minor pain and itching relief,Over-the-Counter
Metformin,Antidepressant/SSRI,Suppository,200mg,Johnson & Johnson,GERD and peptic ulcer disease,Prescription
Montelukast,PPI,Nasal Spray,5mg,Pfizer,Edema and hypertension,Prescription
Oxycodone,ACE Inhibitor,Capsule,75mg,GlaxoSmithKline,Hypertension management,Prescription
Loratadine,Skin Protectant,Powder,500mg,Sanofi,Skin inflammation and itching,Over-the-Counter
Lisinopril,Bronchodilator,Injection,100mcg,Merck,High cholesterol management,Prescription
Miconazole,Sleep Aid,Drops,2%,Reckitt,Minor wound infection prevention,Over-the-Counter
Simethicone,Laxative,Tablet,250mg,Johnson & Johnson,GERD and peptic ulcer,Over-the-Counter
Lidocaine Cream,Antifungal,Tablet,50mg,Novartis,Nasal congestion relief,Over-the-Counter
Atorvastatin,ACE Inhibitor,Inhaler,1mg,Merck,Bacterial infections treatment,Prescription
Loperamide,Antihistamine,Ointment,150mg,P&G,Gas and bloating relief,Over-the-Counter
Bismuth Subsalicylate,Analgesic,Cream,50mg,Prestige Brands,Pain relief and fever reduction,Over-the-Counter
Hydrocortisone Cream,Antihistamine,Gel,10mg,GSK,Fungal skin infections,Over-the-Counter
Loratadine,Analgesic,Drops,250mg,GSK,Heartburn and acid reflux,Over-the-Counter
Guaifenesin,Antacid/PPI,Tablet,150mg,Johnson & Johnson,Skin inflammation and itching,Over-the-Counter
Dexamethasone,Anticonvulsant,Tablet,10mg,Bristol-Myers Squibb,Hypertension and angina,Prescription
Warfarin,Antidepressant/SSRI,IV Infusion,200mg,Abbott,High cholesterol management,Prescription
Prednisone,Leukotriene Inhibitor,Topical Solution,100mcg,Eli Lilly,Epilepsy and neuropathic pain,Prescription
Magnesium Hydroxide,Decongestant,Capsule,5mg,Prestige Brands,GERD and peptic ulcer,Over-the-Counter
Furosemide,Antiplatelet,Inhaler,20mg,AstraZeneca,Depression and anxiety disorders,Prescription
Amlodipine,ARB,Inhaler,10mg,GlaxoSmithKline,Hypertension and heart failure,Prescription
Diphenhydramine,Antiemetic,Patch,20mg,Pfizer,GERD and peptic ulcer,Over-the-Counter
Pseudoephedrine,Antiemetic,Tablet,2%,Sanofi,Motion sickness and nausea,Over-the-Counter
Alprazolam,Antibiotic,Injection,50mcg,Eli Lilly,Asthma and bronchospasm,Prescription
Acetaminophen,Antacid,Drops,150mg,Pfizer,Motion sickness and nausea,Over-the-Counter
Acetaminophen,Antiemetic,Spray,325mg,Novartis,Minor wound infection prevention,Over-the-Counter
Ciprofloxacin,Bronchodilator,IV Infusion,1mg,Abbott,GERD and peptic ulcer disease,Prescription
Bismuth Subsalicylate,Antihistamine,Tablet,500mg,Prestige Brands,Diarrhea treatment,Over-the-Counter
Escitalopram,Antidiabetic,Sublingual Tablet,50mcg,Roche,Hypothyroidism treatment,Prescription
Guaifenesin,Topical Anesthetic,Patch,1%,3M Healthcare,Fungal skin infections,Over-the-Counter
Dexamethasone,Antidiabetic,Extended Release Tablet,2mg,Johnson & Johnson,Bacterial infections treatment,Prescription
Losartan,Thyroid Hormone,Capsule,0.25mg,Eli Lilly,Heart attack and stroke prevention,Prescription
Zinc Oxide,Antihistamine,Liquid,150mg,GSK,Chest congestion and mucus relief,Over-the-Counter
Hydrocodone,Anticoagulant,Tablet,100mg,Novartis,Hypothyroidism treatment,Prescription
Prednisone,Anxiolytic/Benzodiazepine,Inhaler,1000mg,Amgen,High cholesterol management,Prescription
Sertraline,ARB,Capsule,50mg,Gilead Sciences,Inflammation and autoimmune disorders,Prescription
Benzoyl Peroxide,Analgesic,Gel,100mg,Reckitt,Constipation relief,Over-the-Counter
Cetirizine,Analgesic,Lozenge,100mg,Unilever,Acne treatment,Over-the-Counter
Clindamycin,Opioid Analgesic,Liquid,10mg,Merck,Hypothyroidism treatment,Prescription
Metformin,Antibiotic,Tablet,150mg,Merck,Epilepsy and neuropathic pain,Prescription
Famotidine,Skin Protectant,Liquid,10mg,Reckitt,Fungal skin infections,Over-the-Counter
Montelukast,Beta Blocker,Liquid,200mcg,Gilead Sciences,Epilepsy and neuropathic pain,Prescription
Aspirin,Antihistamine,Ointment,500mg,Pfizer,Cough suppression,Over-the-Counter
Prednisone,Antifungal,Liquid,400mcg,Bristol-Myers Squibb,High cholesterol management,Prescription
Albuterol,Antibiotic,Liquid,400mcg,Abbott,Bacterial infections treatment,Prescription
Albuterol,Diuretic,Nasal Spray,100mg,Roche,Asthma and bronchospasm,Prescription
Hydrocodone,Antifungal,Topical Solution,2mg,Johnson & Johnson,Hypertension and heart failure,Prescription
Calcium Carbonate,Topical Anesthetic,Powder,5mg,P&G,Heartburn and acid reflux,Over-the-Counter
Doxycycline,Statin,Liquid,0.25mg,Sanofi,Hypertension and heart failure,Prescription
Naproxen,Topical Antibiotic,Capsule,10mg,P&G,Constipation relief,Over-the-Counter
Acetaminophen,Antacid/H2 Blocker,Liquid,200mg,Bayer,Minor wound infection prevention,Over-the-Counter
Pseudoephedrine,Topical Antibiotic,Powder,2%,Sanofi,Insomnia and sleep aid,Over-the-Counter
Escitalopram,Anticonvulsant,Liquid,250mg,Sanofi,Hypertension and heart failure,Prescription
Escitalopram,Corticosteroid,Injection,25mg,Johnson & Johnson,High cholesterol management,Prescription
Docusate Sodium,Topical Corticosteroid,Drops,500mg,Johnson & Johnson,Constipation relief,Over-the-Counter
Pregabalin,Anxiolytic/Benzodiazepine,Liquid,400mcg,Gilead Sciences,Moderate to severe pain management,Prescription
Metronidazole,Anxiolytic/Benzodiazepine,Topical Solution,50mg,Abbott,Asthma and allergic rhinitis,Prescription
Prednisone,Antifungal,Suppository,0.25mg,Amgen,Type 2 diabetes management,Prescription
Clopidogrel,Anticonvulsant,Extended Release Tablet,25mg,AstraZeneca,Inflammation and autoimmune disorders,Prescription
Guaifenesin,Sleep Aid,Ointment,25mg,Reckitt,Cough suppression,Over-the-Counter
Trimethoprim,Anticonvulsant,Liquid,5mg,Gilead Sciences,Hypertension and angina,Prescription
Benzoyl Peroxide,Topical Corticosteroid,Powder,125mg,Reckitt,Minor pain and itching relief,Over-the-Counter
Dexamethasone,ARB,Suppository,200mcg,Roche,Hypertension and heart failure,Prescription
Pantoprazole,Anxiolytic/Benzodiazepine,IV Infusion,5mg,Merck,Blood clot prevention,Prescription
Salicylic Acid,Decongestant,Gel,25mg,3M Healthcare,Heartburn and acid reflux,Over-the-Counter
Warfarin,Opioid Analgesic,Capsule,100mg,Johnson & Johnson,Asthma and bronchospasm,Prescription
Lidocaine Cream,Laxative,Powder,5%,3M Healthcare,Nasal congestion relief,Over-the-Counter
Metoprolol,Statin,Injection,1000mg,Amgen,Asthma and bronchospasm,Prescription
Levothyroxine,Antiplatelet,Suppository,75mg,Pfizer,Asthma and allergic rhinitis,Prescription
Levothyroxine,Antidiabetic,Nasal Spray,75mg,Bristol-Myers Squibb,Anxiety and panic disorders,Prescription
Salicylic Acid,Expectorant,Capsule,400mg,P&G,Minor pain and itching relief,Over-the-Counter
Losartan,Antidepressant/SSRI,Nasal Spray,0.5mg,Merck,Anxiety and panic disorders,Prescription
Amlodipine,Statin,Capsule,200mcg,Abbott,Bacterial infections treatment,Prescription
Metformin,Beta Blocker,Inhaler,250mg,Roche,Asthma and bronchospasm,Prescription
Ciprofloxacin,Calcium Channel Blocker,Nasal Spray,10mg,GlaxoSmithKline,Epilepsy and neuropathic pain,Prescription
Magnesium Hydroxide,Cough Suppressant,Powder,50mg,Sanofi,Allergic rhinitis and hives,Over-the-Counter
Fluoxetine,Beta Blocker,Patch,400mcg,Roche,Blood clot prevention,Prescription
Dexamethasone,Bronchodilator,Topical Solution,50mcg,Roche,Asthma and allergic rhinitis,Prescription
Clindamycin,PPI,Topical Solution,25mg,Merck,Anxiety and panic disorders,Prescription
Miconazole,Topical Anesthetic,Spray,325mg,GSK,GERD and peptic ulcer,Over-the-Counter
Aluminum Hydroxide,Topical Antibiotic,Cream,500mg,Johnson & Johnson,Insomnia and sleep aid,Over-the-Counter
Fluoxetine,Antidepressant/SSRI,Nasal Spray,75mg,Amgen,Fungal infections treatment,Prescription
Zinc Oxide,Skin Protectant,Powder,150mg,3M Healthcare,Minor cuts and skin protection,Over-the-Counter
Clopidogrel,Antidiabetic,Inhaler,400mcg,Gilead Sciences,Blood clot prevention,Prescription
Furosemide,ACE Inhibitor,Inhaler,100mg,Novartis,Blood clot prevention,Prescription
Warfarin,Antifungal,Extended Release Tablet,20mg,Boehringer Ingelheim,Fungal infections treatment,Prescription
Azithromycin,Anxiolytic/Benzodiazepine,Sublingual Tablet,75mg,Boehringer Ingelheim,Hypertension and heart failure,Prescription
Hydrocodone,Antibiotic,Sublingual Tablet,200mg,Merck,Fungal infections treatment,Prescription
Diphenhydramine,Antidiarrheal,Chewable Tablet,500mg,P&G,Gas and bloating relief,Over-the-Counter
Aspirin,Antidiarrheal,Tablet,500mg,Bayer,Minor cuts and skin protection,Over-the-Counter
Levothyroxine,PPI,Injection,100mg,Pfizer,Hypertension and heart failure,Prescription
Metronidazole,Diuretic,Sublingual Tablet,75mg,Amgen,Edema and hypertension,Prescription
Lisinopril,Statin,Nasal Spray,10mg,Roche,Heart attack and stroke prevention,Prescription
Furosemide,Antibiotic,Topical Solution,1mg,Bristol-Myers Squibb,Depression and anxiety disorders,Prescription
Bacitracin,Antiemetic,Chewable Tablet,100mg,P&G,Minor cuts and skin protection,Over-the-Counter
Oxycodone,ACE Inhibitor,Liquid,200mg,Bristol-Myers Squibb,Bacterial infections treatment,Prescription
Lidocaine Cream,Acne Treatment,Tablet,500mg,Novartis,Allergic rhinitis and hives,Over-the-Counter
Aluminum Hydroxide,Acne Treatment,Drops,125mg,Pfizer,Chest congestion and mucus relief,Over-the-Counter
Ranitidine,Expectorant,Patch,50mg,3M Healthcare,Pain relief and fever reduction,Over-the-Counter
Hydrocortisone Cream,Antacid/H2 Blocker,Drops,250mg,Novartis,Nasal congestion relief,Over-the-Counter
Losartan,Antidiabetic,Nasal Spray,1000mg,Boehringer Ingelheim,Fungal infections treatment,Prescription
Ibuprofen,Antifungal,Tablet,2%,Novartis,Fungal skin infections,Over-the-Counter
Clopidogrel,Anticoagulant,Nasal Spray,25mg,Novartis,Hypertension management,Prescription
Prednisone,Corticosteroid,Tablet,50mcg,Novartis,Hypothyroidism treatment,Prescription
Furosemide,Bronchodilator,Patch,10mg,Roche,Hypertension and angina,Prescription
Guaifenesin,Antacid,Powder,5mg,P&G,Nasal congestion relief,Over-the-Counter
Pregabalin,Anxiolytic/Benzodiazepine,Sublingual Tablet,10mg,Amgen,Heart attack and stroke prevention,Prescription
Bismuth Subsalicylate,Topical Anesthetic,Lozenge,10mg,Johnson & Johnson,Heartburn and acid reflux,Over-the-Counter
Clotrimazole,Topical Antibiotic,Liquid,20mg,Unilever,Minor pain and itching relief,Over-the-Counter
Escitalopram,Opioid Analgesic,Sublingual Tablet,50mcg,Novartis,Asthma and bronchospasm,Prescription
Clotrimazole,Antiemetic,Gel,5%,Prestige Brands,Heartburn and indigestion,Over-the-Counter
Acetaminophen,Topical Anesthetic,Chewable Tablet,20mg,3M Healthcare,Gas and bloating relief,Over-the-Counter
Hydrocodone,Antibiotic,Suppository,0.5mg,Bristol-Myers Squibb,Blood clot prevention,Prescription
Furosemide,Statin,Capsule,50mcg,Roche,Hypothyroidism treatment,Prescription
Docusate Sodium,Antihistamine,Drops,500mg,Johnson & Johnson,Chest congestion and mucus relief,Over-the-Counter
Aluminum Hydroxide,Antiemetic,Chewable Tablet,125mg,P&G,Pain relief and fever reduction,Over-the-Counter
Lisinopril,Anticoagulant,Inhaler,100mg,Pfizer,Anxiety and panic disorders,Prescription
Pregabalin,Anxiolytic/Benzodiazepine,Extended Release Tablet,100mcg,Novartis,Hypertension and heart failure,Prescription
Metronidazole,Anticonvulsant,Topical Solution,500mg,Johnson & Johnson,Bacterial infections treatment,Prescription
Aspirin,Antidiarrheal,Drops,200mg,Reckitt,Minor pain and itching relief,Over-the-Counter
Dextromethorphan,Acne Treatment,Chewable Tablet,500mg,Prestige Brands,Constipation relief,Over-the-Counter
Diphenhydramine,Antacid,Tablet,400mg,GSK,Insomnia and sleep aid,Over-the-Counter
Loperamide,Sleep Aid,Cream,200mg,Prestige Brands,Minor pain and itching relief,Over-the-Counter
Warfarin,Antiplatelet,Nasal Spray,10mg,Abbott,High cholesterol management,Prescription
Benzoyl Peroxide,Antifungal,Tablet,25mg,Johnson & Johnson,Minor cuts and skin protection,Over-the-Counter
Aluminum Hydroxide,Antacid/H2 Blocker,Patch,2%,Novartis,GERD and peptic ulcer,Over-the-Counter
Hydrocodone,Antidiabetic,Tablet,20mg,Abbott,Asthma and bronchospasm,Prescription
Famotidine,Antacid,Powder,250mg,GSK,Gas and bloating relief,Over-the-Counter
Simethicone,Topical Antibiotic,Tablet,5mg,Prestige Brands,GERD and peptic ulcer,Over-the-Counter
Alprazolam,Antiplatelet,Topical Solution,250mg,Abbott,Edema and hypertension,Prescription
Trimethoprim,Anticoagulant,Patch,0.5mg,AstraZeneca,Bacterial infections treatment,Prescription
Bacitracin,Decongestant,Powder,200mg,Prestige Brands,Motion sickness and nausea,Over-the-Counter
Miconazole,Cough Suppressant,Tablet,2%,Prestige Brands,Chest congestion and mucus relief,Over-the-Counter
Lidocaine Cream,Acne Treatment,Ointment,5mg,Unilever,Allergic rhinitis and hives,Over-the-Counter
Fluoxetine,Antidiabetic,IV Infusion,1mg,AstraZeneca,Type 2 diabetes management,Prescription
Acetaminophen,Topical Corticosteroid,Chewable Tablet,100mg,Johnson & Johnson,Chest congestion and mucus relief,Over-the-Counter
Dexamethasone,Leukotriene Inhibitor,Injection,1000mg,Johnson & Johnson,Asthma and bronchospasm,Prescription
Metformin,PPI,Injection,0.25mg,Johnson & Johnson,GERD and peptic ulcer disease,Prescription
Alprazolam,Statin,Inhaler,150mg,Amgen,Heart attack and stroke prevention,Prescription
Ciprofloxacin,Thyroid Hormone,Inhaler,400mcg,Novartis,Type 2 diabetes management,Prescription
Zinc Oxide,Analgesic,Drops,20mg,Unilever,Skin inflammation and itching,Over-the-Counter
Clopidogrel,Thyroid Hormone,Topical Solution,250mg,Merck,GERD and peptic ulcer disease,Prescription
Clotrimazole,Decongestant,Drops,5%,GSK,Cough suppression,Over-the-Counter
Ibuprofen,Sleep Aid,Liquid,150mg,Prestige Brands,Heartburn and acid reflux,Over-the-Counter
Meclizine,Antidiarrheal,Gel,250mg,P&G,Acne treatment,Over-the-Counter
Furosemide,ARB,Capsule,25mg,Johnson & Johnson,Hypertension and heart failure,Prescription
Miconazole,Expectorant,Patch,150mg,Bayer,Blood clot prevention,Over-the-Counter
Lisinopril,Antidepressant/SSRI,Nasal Spray,200mg,Roche,Hypertension and heart failure,Prescription
Albuterol,ARB,Patch,50mcg,Amgen,Epilepsy and neuropathic pain,Prescription
Dexamethasone,Antifungal,Injection,100mcg,Johnson & Johnson,Moderate to severe pain management,Prescription
Clindamycin,ACE Inhibitor,Injection,100mcg,Bristol-Myers Squibb,Type 2 diabetes management,Prescription
Warfarin,ACE Inhibitor,Capsule,2mg,Eli Lilly,Blood clot prevention,Prescription
Cetirizine,Antidiarrheal,Gel,100mg,P&G,Constipation relief,Over-the-Counter
Miconazole,Expectorant,Chewable Tablet,1%,Unilever,Constipation relief,Over-the-Counter
Clotrimazole,Antifungal,Gel,5mg,3M Healthcare,Skin inflammation and itching,Over-the-Counter
Famotidine,Skin Protectant,Drops,125mg,Chattem,Chest congestion and mucus relief,Over-the-Counter
Aluminum Hydroxide,Antiplatelet,Powder,25mg,Sanofi,Nasal congestion relief,Over-the-Counter
Ciprofloxacin,Statin,Inhaler,10mg,Novartis,Heart attack and stroke prevention,Prescription
Miconazole,Antiplatelet,Cream,500mg,Pfizer,Diarrhea treatment,Over-the-Counter
Loperamide,Topical Corticosteroid,Gel,1%,3M Healthcare,Chest congestion and mucus relief,Over-the-Counter
Losartan,ARB,Liquid,5mg,Sanofi,Hypothyroidism treatment,Prescription
Pantoprazole,Antiplatelet,Tablet,0.5mg,Boehringer Ingelheim,High cholesterol management,Prescription
Cetirizine,Topical Corticosteroid,Powder,150mg,Prestige Brands,Gas and bloating relief,Over-the-Counter
Simethicone,Topical Antibiotic,Ointment,150mg,Unilever,Chest congestion and mucus relief,Over-the-Counter
Magnesium Hydroxide,Antidiarrheal,Tablet,5%,Novartis,Diarrhea treatment,Over-the-Counter
Loratadine,Antacid,Lozenge,1%,P&G,Cough suppression,Over-the-Counter
Salicylic Acid,Antacid/H2 Blocker,Liquid,2%,P&G,Constipation relief,Over-the-Counter
Doxycycline,Statin,IV Infusion,75mg,GlaxoSmithKline,Epilepsy and neuropathic pain,Prescription
Escitalopram,Bronchodilator,Suppository,500mg,Abbott,Type 2 diabetes management,Prescription
Amoxicillin,Corticosteroid,Patch,100mcg,Amgen,Hypertension management,Prescription
Furosemide,Anxiolytic/Benzodiazepine,Topical Solution,200mcg,Novartis,Hypothyroidism treatment,Prescription
Diphenhydramine,Skin Protectant,Tablet,50mg,Reckitt,Minor wound infection prevention,Over-the-Counter
Ranitidine,Antiplatelet,Chewable Tablet,325mg,P&G,Constipation relief,Over-the-Counter
Famotidine,Topical Corticosteroid,Ointment,25mg,Chattem,Insomnia and sleep aid,Over-the-Counter
Ciprofloxacin,Antiplatelet,Capsule,150mg,Roche,High cholesterol management,Prescription
Pantoprazole,Bronchodilator,Nasal Spray,75mg,Novartis,Asthma and bronchospasm,Prescription
Doxycycline,ARB,Patch,200mcg,Sanofi,GERD and peptic ulcer disease,Prescription
Losartan,PPI,Sublingual Tablet,200mcg,Amgen,Hypertension and heart failure,Prescription
Doxycycline,Antiplatelet,Injection,400mcg,Roche,Heart attack and stroke prevention,Prescription
Pregabalin,Diuretic,Nasal Spray,1mg,Roche,Hypertension and heart failure,Prescription
Lidocaine Cream,Antacid/PPI,Spray,500mg,3M Healthcare,Motion sickness and nausea,Over-the-Counter
Ciprofloxacin,Opioid Analgesic,Inhaler,200mg,Eli Lilly,Hypertension and heart failure,Prescription
Aspirin,Sleep Aid,Lozenge,500mg,Novartis,Minor wound infection prevention,Over-the-Counter
Neosporin,Antiemetic,Spray,5%,Chattem,Motion sickness and nausea,Over-the-Counter
Dexamethasone,Leukotriene Inhibitor,IV Infusion,250mg,Eli Lilly,Heart attack and stroke prevention,Prescription
Prednisone,Opioid Analgesic,Topical Solution,0.5mg,Gilead Sciences,Anxiety and panic disorders,Prescription
Levothyroxine,Calcium Channel Blocker,Suppository,200mg,AstraZeneca,GERD and peptic ulcer disease,Prescription
Pantoprazole,Diuretic,Inhaler,0.5mg,Eli Lilly,Fungal infections treatment,Prescription
Benzoyl Peroxide,Antiemetic,Patch,1%,Bayer,Cough suppression,Over-the-Counter
Amlodipine,Antifungal,Nasal Spray,0.5mg,Sanofi,High cholesterol management,Prescription
Hydrocortisone Cream,Antacid/PPI,Chewable Tablet,400mg,Sanofi,Minor wound infection prevention,Over-the-Counter
Pregabalin,Diuretic,Liquid,150mg,Boehringer Ingelheim,Edema and hypertension,Prescription
Omeprazole,Analgesic,Ointment,25mg,Unilever,Motion sickness and nausea,Over-the-Counter
Simethicone,Skin Protectant,Tablet,10mg,3M Healthcare,Diarrhea treatment,Over-the-Counter
Naproxen,Antihistamine,Tablet,400mg,Unilever,Motion sickness and nausea,Over-the-Counter
Ibuprofen,Skin Protectant,Capsule,200mg,Bayer,Skin inflammation and itching,Over-the-Counter
Ciprofloxacin,Anticonvulsant,Nasal Spray,25mg,Roche,Moderate to severe pain management,Prescription
Atorvastatin,Corticosteroid,Injection,500mg,AstraZeneca,High cholesterol management,Prescription
Montelukast,Anticonvulsant,Topical Solution,100mg,Amgen,Inflammation and autoimmune disorders,Prescription
Clopidogrel,Thyroid Hormone,Extended Release Tablet,50mg,Eli Lilly,Depression and anxiety disorders,Prescription
Atorvastatin,Antifungal,Nasal Spray,150mg,Pfizer,Hypertension and angina,Prescription
Dexamethasone,Statin,Injection,25mg,Sanofi,Hypertension and angina,Prescription
Amoxicillin,Antidiabetic,Tablet,0.5mg,Eli Lilly,Hypertension and heart failure,Prescription
Metronidazole,Antifungal,Topical Solution,20mg,Johnson & Johnson,Asthma and allergic rhinitis,Prescription
Losartan,Antidepressant/SSRI,Inhaler,75mg,Eli Lilly,Edema and hypertension,Prescription
Amoxicillin,Opioid Analgesic,Tablet,2mg,Merck,Hypertension and angina,Prescription
Escitalopram,Diuretic,Liquid,400mcg,AstraZeneca,Blood clot prevention,Prescription
Sertraline,Antiplatelet,Patch,25mg,Roche,Asthma and allergic rhinitis,Prescription
Ciprofloxacin,Diuretic,Topical Solution,1000mg,Abbott,Inflammation and autoimmune disorders,Prescription
Loperamide,Topical Corticosteroid,Liquid,200mg,GSK,GERD and peptic ulcer,Over-the-Counter
Meclizine,Topical Antibiotic,Ointment,200mg,Johnson & Johnson,Skin inflammation and itching,Over-the-Counter
Calcium Carbonate,Laxative,Gel,2%,3M Healthcare,Fungal skin infections,Over-the-Counter
Ibuprofen,Skin Protectant,Chewable Tablet,150mg,Novartis,Chest congestion and mucus relief,Over-the-Counter
Montelukast,Anticoagulant,Tablet,0.25mg,Sanofi,Hypertension and angina,Prescription
Hydrocodone,Diuretic,Injection,200mcg,Johnson & Johnson,Hypertension and heart failure,Prescription
Furosemide,Diuretic,Tablet,1mg,Merck,Depression and anxiety disorders,Prescription
Docusate Sodium,Cough Suppressant,Gel,400mg,Unilever,Heartburn and acid reflux,Over-the-Counter
Albuterol,Antidiabetic,IV Infusion,75mg,Pfizer,High cholesterol management,Prescription
Trimethoprim,Anxiolytic/Benzodiazepine,Topical Solution,400mcg,Roche,Anxiety and panic disorders,Prescription
Docusate Sodium,Decongestant,Lozenge,25mg,Sanofi,Nasal congestion relief,Over-the-Counter
Metoprolol,ARB,Liquid,25mg,Amgen,Moderate to severe pain management,Prescription
Pseudoephedrine,Sleep Aid,Ointment,1%,Chattem,Allergic rhinitis and hives,Over-the-Counter
Dexamethasone,Antidiabetic,Inhaler,0.25mg,GlaxoSmithKline,Type 2 diabetes management,Prescription
Furosemide,Leukotriene Inhibitor,Suppository,5mg,Eli Lilly,Blood clot prevention,Prescription
Magnesium Hydroxide,Antacid/H2 Blocker,Chewable Tablet,20mg,Unilever,Chest congestion and mucus relief,Over-the-Counter
Magnesium Hydroxide,Decongestant,Capsule,25mg,3M Healthcare,Gas and bloating relief,Over-the-Counter
Meclizine,Laxative,Liquid,250mg,Johnson & Johnson,Cough suppression,Over-the-Counter
Amoxicillin,Calcium Channel Blocker,Inhaler,50mcg,Johnson & Johnson,Hypertension and heart failure,Prescription
Famotidine,Antiemetic,Drops,200mg,Bayer,Heartburn and indigestion,Over-the-Counter
Amlodipine,Antifungal,Topical Solution,50mcg,GlaxoSmithKline,GERD and peptic ulcer disease,Prescription
Calcium Carbonate,Acne Treatment,Lozenge,20mg,3M Healthcare,Gas and bloating relief,Over-the-Counter
Ciprofloxacin,Bronchodilator,Tablet,100mg,Abbott,Blood clot prevention,Prescription
Bismuth Subsalicylate,Antiplatelet,Gel,50mg,Pfizer,Insomnia and sleep aid,Over-the-Counter
Aluminum Hydroxide,Antacid,Powder,2%,Chattem,Minor pain and itching relief,Over-the-Counter
Calcium Carbonate,Antacid,Gel,2%,GSK,Constipation relief,Over-the-Counter
Pregabalin,Antiplatelet,Extended Release Tablet,50mg,Johnson & Johnson,Depression and anxiety disorders,Prescription
Calcium Carbonate,Laxative,Capsule,325mg,3M Healthcare,Acne treatment,Over-the-Counter
Metformin,Antidepressant/SSRI,Topical Solution,150mg,Merck,Asthma and allergic rhinitis,Prescription
Clindamycin,ARB,Inhaler,400mcg,Merck,Blood clot prevention,Prescription
Metronidazole,Antifungal,IV Infusion,500mg,Abbott,Anxiety and panic disorders,Prescription
Acetaminophen,Topical Antibiotic,Cream,200mg,Chattem,Fungal skin infections,Over-the-Counter
Ciprofloxacin,PPI,Liquid,200mg,Eli Lilly,Heart attack and stroke prevention,Prescription
Metformin,Opioid Analgesic,Capsule,5mg,Sanofi,Depression and anxiety disorders,Prescription
Metronidazole,ARB,Suppository,150mg,Amgen,Hypertension and heart failure,Prescription
Lidocaine Cream,Antiemetic,Powder,325mg,Unilever,Pain relief and fever reduction,Over-the-Counter
Omeprazole,Antiplatelet,Spray,200mg,Chattem,Chest congestion and mucus relief,Over-the-Counter
Alprazolam,PPI,Injection,400mcg,Merck,Fungal infections treatment,Prescription
Benzoyl Peroxide,Antacid/PPI,Drops,325mg,Bayer,Fungal skin infections,Over-the-Counter
Azithromycin,Corticosteroid,Injection,25mg,Boehringer Ingelheim,Anxiety and panic disorders,Prescription
Aspirin,Skin Protectant,Lozenge,5%,Sanofi,Cough suppression,Over-the-Counter
Clindamycin,Antidiabetic,Liquid,75mg,Amgen,Moderate to severe pain management,Prescription
Aspirin,Antacid,Ointment,5mg,Pfizer,Minor cuts and skin protection,Over-the-Counter
Doxycycline,Beta Blocker,Tablet,0.5mg,Merck,Asthma and bronchospasm,Prescription
Loperamide,Analgesic,Capsule,5%,GSK,Fungal skin infections,Over-the-Counter
Dextromethorphan,Sleep Aid,Tablet,25mg,Pfizer,Chest congestion and mucus relief,Over-the-Counter
Metformin,Antibiotic,Inhaler,100mg,Amgen,Asthma and allergic rhinitis,Prescription
Metformin,Opioid Analgesic,Injection,0.5mg,Johnson & Johnson,Fungal infections treatment,Prescription
Bacitracin,Antifungal,Lozenge,5mg,Sanofi,Minor wound infection prevention,Over-the-Counter
Gabapentin,Antiplatelet,Tablet,1000mg,Merck,Hypertension management,Prescription
Levothyroxine,Antifungal,IV Infusion,1mg,Roche,Hypertension management,Prescription
Acetaminophen,Antidiarrheal,Capsule,325mg,3M Healthcare,Diarrhea treatment,Over-the-Counter
Acetaminophen,Topical Anesthetic,Ointment,5mg,Reckitt,Cough suppression,Over-the-Counter
Amoxicillin,Calcium Channel Blocker,Extended Release Tablet,75mg,Johnson & Johnson,Type 2 diabetes management,Prescription
Amoxicillin,Leukotriene Inhibitor,IV Infusion,2mg,Boehringer Ingelheim,Moderate to severe pain management,Prescription
Famotidine,Topical Anesthetic,Ointment,5%,Pfizer,Diarrhea treatment,Over-the-Counter
Diphenhydramine,Antihistamine,Drops,125mg,P&G,Minor pain and itching relief,Over-the-Counter
Doxycycline,ACE Inhibitor,Liquid,500mg,Novartis,Fungal infections treatment,Prescription
Amlodipine,Calcium Channel Blocker,Patch,250mg,Novartis,Anxiety and panic disorders,Prescription
Simethicone,Antacid/H2 Blocker,Capsule,5%,Reckitt,Heartburn and indigestion,Over-the-Counter
Diphenhydramine,Antifungal,Cream,200mg,Bayer,Pain relief and fever reduction,Over-the-Counter
Hydrocodone,Antifungal,Inhaler,250mg,Johnson & Johnson,Moderate to severe pain management,Prescription
Ibuprofen,Antihistamine,Patch,20mg,Johnson & Johnson,Allergic rhinitis and hives,Over-the-Counter
Aluminum Hydroxide,Acne Treatment,Tablet,20mg,Bayer,Insomnia and sleep aid,Over-the-Counter
Amlodipine,Corticosteroid,Topical Solution,0.25mg,Gilead Sciences,Hypothyroidism treatment,Prescription
Clotrimazole,Antacid/PPI,Lozenge,500mg,Chattem,Gas and bloating relief,Over-the-Counter
Loperamide,Expectorant,Chewable Tablet,250mg,Novartis,Allergic rhinitis and hives,Over-the-Counter
Pseudoephedrine,Topical Corticosteroid,Chewable Tablet,50mg,Pfizer,Blood clot prevention,Over-the-Counter
Oxycodone,Anticoagulant,Suppository,0.25mg,Eli Lilly,Hypertension and angina,Prescription
Dexamethasone,Opioid Analgesic,Injection,2mg,GlaxoSmithKline,Fungal infections treatment,Prescription
Trimethoprim,Corticosteroid,Liquid,5mg,Sanofi,Hypertension and angina,Prescription
Losartan,Calcium Channel Blocker,Injection,100mcg,Boehringer Ingelheim,Asthma and allergic rhinitis,Prescription
Dextromethorphan,Expectorant,Powder,20mg,Novartis,Insomnia and sleep aid,Over-the-Counter
Prednisone,Opioid Analgesic,Patch,0.25mg,Pfizer,Epilepsy and neuropathic pain,Prescription
Magnesium Hydroxide,Antiflatulent,Tablet,50mg,Novartis,Gas and bloating relief,Over-the-Counter
Oxycodone,Beta Blocker,Suppository,100mg,Novartis,Anxiety and panic disorders,Prescription
Amoxicillin,Leukotriene Inhibitor,Patch,1mg,Abbott,Hypertension management,Prescription
Ciprofloxacin,PPI,Tablet,5mg,Boehringer Ingelheim,Bacterial infections treatment,Prescription
Salicylic Acid,Antacid,Drops,2%,Bayer,Gas and bloating relief,Over-the-Counter
Hydrocortisone Cream,Antiflatulent,Powder,2%,Sanofi,Nasal congestion relief,Over-the-Counter
Escitalopram,Diuretic,Tablet,1000mg,Roche,Fungal infections treatment,Prescription
Trimethoprim,Calcium Channel Blocker,IV Infusion,20mg,Roche,Hypertension and angina,Prescription
Guaifenesin,Antacid/H2 Blocker,Cream,20mg,Sanofi,Minor pain and itching relief,Over-the-Counter
Benzoyl Peroxide,Skin Protectant,Drops,100mg,Bayer,Minor cuts and skin protection,Over-the-Counter
Hydrocortisone Cream,Analgesic,Drops,25mg,Johnson & Johnson,Minor cuts and skin protection,Over-the-Counter
Pregabalin,Calcium Channel Blocker,Topical Solution,5mg,Boehringer Ingelheim,Hypertension and heart failure,Prescription
Lisinopril,PPI,Capsule,1mg,Eli Lilly,GERD and peptic ulcer disease,Prescription
Pseudoephedrine,Antihistamine,Patch,1%,Prestige Brands,Nasal congestion relief,Over-the-Counter
Cetirizine,Antiemetic,Capsule,2%,Pfizer,Heartburn and acid reflux,Over-the-Counter
Ciprofloxacin,Beta Blocker,Patch,10mg,AstraZeneca,Hypothyroidism treatment,Prescription
Lisinopril,Antidiabetic,Sublingual Tablet,100mg,Bristol-Myers Squibb,Asthma and bronchospasm,Prescription
Alprazolam,Calcium Channel Blocker,Extended Release Tablet,150mg,Roche,Blood clot prevention,Prescription
Ranitidine,Antidiarrheal,Chewable Tablet,10mg,Sanofi,Insomnia and sleep aid,Over-the-Counter
Clopidogrel,Opioid Analgesic,Capsule,500mg,Amgen,Anxiety and panic disorders,Prescription
Acetaminophen,Antiflatulent,Patch,500mg,Johnson & Johnson,Pain relief and fever reduction,Over-the-Counter
Doxycycline,Leukotriene Inhibitor,Suppository,0.5mg,Bristol-Myers Squibb,Inflammation and autoimmune disorders,Prescription
Clopidogrel,Antiplatelet,Sublingual Tablet,1000mg,Novartis,Fungal infections treatment,Prescription
Guaifenesin,Analgesic,Liquid,100mg,Prestige Brands,Acne treatment,Over-the-Counter
Ibuprofen,Antiplatelet,Chewable Tablet,400mg,GSK,Minor cuts and skin protection,Over-the-Counter
Clotrimazole,Expectorant,Liquid,400mg,GSK,GERD and peptic ulcer,Over-the-Counter
Metronidazole,Statin,IV Infusion,2mg,Novartis,Blood clot prevention,Prescription
Meclizine,Skin Protectant,Tablet,50mg,GSK,Motion sickness and nausea,Over-the-Counter
Bismuth Subsalicylate,Antiflatulent,Spray,125mg,Johnson & Johnson,Heartburn and acid reflux,Over-the-Counter
Aluminum Hydroxide,Topical Anesthetic,Lozenge,1%,Prestige Brands,Minor pain and itching relief,Over-the-Counter
Clindamycin,Diuretic,Nasal Spray,200mg,Abbott,Hypothyroidism treatment,Prescription
Metronidazole,Statin,Liquid,2mg,Bristol-Myers Squibb,GERD and peptic ulcer disease,Prescription
Prednisone,ACE Inhibitor,Capsule,500mg,Pfizer,Inflammation and autoimmune disorders,Prescription
Cetirizine,Analgesic,Drops,2%,Bayer,Heartburn and acid reflux,Over-the-Counter
Pregabalin,Leukotriene Inhibitor,Suppository,2mg,Roche,Blood clot prevention,Prescription
Pregabalin,Anticonvulsant,Extended Release Tablet,400mcg,Abbott,Fungal infections treatment,Prescription
Acetaminophen,Antiemetic,Ointment,2%,Reckitt,Nasal congestion relief,Over-the-Counter
Levothyroxine,Calcium Channel Blocker,Sublingual Tablet,75mg,Gilead Sciences,Depression and anxiety disorders,Prescription
Warfarin,Anticoagulant,Topical Solution,2mg,Gilead Sciences,Heart attack and stroke prevention,Prescription
Clotrimazole,Topical Antibiotic,Drops,1%,Prestige Brands,Pain relief and fever reduction,Over-the-Counter
Meclizine,Cough Suppressant,Spray,150mg,Novartis,Chest congestion and mucus relief,Over-the-Counter
Doxycycline,Beta Blocker,IV Infusion,75mg,Boehringer Ingelheim,High cholesterol management,Prescription
Benzoyl Peroxide,Antihistamine,Gel,500mg,Novartis,Insomnia and sleep aid,Over-the-Counter
Acetaminophen,Antidiarrheal,Liquid,20mg,Pfizer,Gas and bloating relief,Over-the-Counter
Escitalopram,Corticosteroid,Extended Release Tablet,200mg,Pfizer,Type 2 diabetes management,Prescription
Prednisone,Anxiolytic/Benzodiazepine,Topical Solution,50mg,Boehringer Ingelheim,Epilepsy and neuropathic pain,Prescription
Calcium Carbonate,Sleep Aid,Tablet,125mg,Sanofi,Allergic rhinitis and hives,Over-the-Counter
Gabapentin,Beta Blocker,Patch,0.5mg,Amgen,Depression and anxiety disorders,Prescription
Clindamycin,Statin,Topical Solution,400mcg,Sanofi,Hypothyroidism treatment,Prescription
Sertraline,Anxiolytic/Benzodiazepine,Liquid,10mg,Novartis,Blood clot prevention,Prescription
Aluminum Hydroxide,Decongestant,Liquid,5%,Chattem,GERD and peptic ulcer,Over-the-Counter
Prednisone,Corticosteroid,Inhaler,2mg,Johnson & Johnson,Fungal infections treatment,Prescription
Hydrocortisone Cream,Topical Anesthetic,Lozenge,50mg,Bayer,Cough suppression,Over-the-Counter
Trimethoprim,Beta Blocker,Tablet,5mg,Bristol-Myers Squibb,Type 2 diabetes management,Prescription
Ciprofloxacin,Anticoagulant,Topical Solution,50mg,Boehringer Ingelheim,Hypothyroidism treatment,Prescription
Pseudoephedrine,Expectorant,Powder,5%,Bayer,Blood clot prevention,Over-the-Counter
Hydrocortisone Cream,Topical Anesthetic,Liquid,125mg,Chattem,Minor wound infection prevention,Over-the-Counter
Metoprolol,Opioid Analgesic,Capsule,75mg,Amgen,Blood clot prevention,Prescription
Amlodipine,Thyroid Hormone,Extended Release Tablet,50mg,Boehringer Ingelheim,High cholesterol management,Prescription
Azithromycin,Bronchodilator,Liquid,100mg,Sanofi,Fungal infections treatment,Prescription
Pseudoephedrine,Antacid,Spray,325mg,Novartis,Minor cuts and skin protection,Over-the-Counter
Warfarin,Opioid Analgesic,Suppository,5mg,Merck,Hypertension and heart failure,Prescription
Aspirin,Antidiarrheal,Drops,125mg,Pfizer,Constipation relief,Over-the-Counter
Meclizine,Topical Corticosteroid,Cream,25mg,3M Healthcare,Diarrhea treatment,Over-the-Counter
Calcium Carbonate,Expectorant,Drops,50mg,Unilever,Motion sickness and nausea,Over-the-Counter
Ranitidine,Acne Treatment,Chewable Tablet,25mg,P&G,Cough suppression,Over-the-Counter
Prednisone,PPI,Tablet,2mg,Merck,Hypothyroidism treatment,Prescription
Fluoxetine,Antifungal,Topical Solution,150mg,Boehringer Ingelheim,Anxiety and panic disorders,Prescription
Naproxen,Topical Anesthetic,Powder,10mg,Sanofi,Chest congestion and mucus relief,Over-the-Counter
Bismuth Subsalicylate,Antiplatelet,Drops,1%,Sanofi,Diarrhea treatment,Over-the-Counter
Metformin,Calcium Channel Blocker,Nasal Spray,10mg,AstraZeneca,Depression and anxiety disorders,Prescription
Neosporin,Skin Protectant,Ointment,5mg,Sanofi,Pain relief and fever reduction,Over-the-Counter
Dexamethasone,Antidiabetic,Suppository,200mg,Eli Lilly,Depression and anxiety disorders,Prescription
Pregabalin,ARB,Tablet,100mg,Amgen,Fungal infections treatment,Prescription
Pantoprazole,PPI,Inhaler,500mg,Pfizer,Hypertension management,Prescription
Omeprazole,Antacid/H2 Blocker,Powder,500mg,Prestige Brands,Fungal skin infections,Over-the-Counter
Calcium Carbonate,Topical Antibiotic,Capsule,5%,P&G,GERD and peptic ulcer,Over-the-Counter
Azithromycin,Statin,Capsule,2mg,Roche,Blood clot prevention,Prescription
Ciprofloxacin,Antibiotic,Liquid,100mg,Bristol-Myers Squibb,Asthma and allergic rhinitis,Prescription
Doxycycline,Anticonvulsant,Tablet,150mg,Bristol-Myers Squibb,Moderate to severe pain management,Prescription
Oxycodone,Opioid Analgesic,Injection,1000mg,Gilead Sciences,GERD and peptic ulcer disease,Prescription
Losartan,Thyroid Hormone,Suppository,1mg,Gilead Sciences,GERD and peptic ulcer disease,Prescription
Neosporin,Topical Corticosteroid,Cream,150mg,Bayer,Diarrhea treatment,Over-the-Counter
Bacitracin,Cough Suppressant,Lozenge,400mg,Bayer,Allergic rhinitis and hives,Over-the-Counter
Warfarin,Bronchodilator,Injection,50mg,Merck,Asthma and allergic rhinitis,Prescription
Pantoprazole,ARB,Suppository,75mg,Pfizer,Hypertension and angina,Prescription
Simethicone,Decongestant,Cream,1%,Bayer,Minor cuts and skin protection,Over-the-Counter
Neosporin,Skin Protectant,Capsule,1%,Bayer,Gas and bloating relief,Over-the-Counter
Prednisone,Beta Blocker,Liquid,150mg,Novartis,Epilepsy and neuropathic pain,Prescription
Cetirizine,Antifungal,Lozenge,5mg,Prestige Brands,Diarrhea treatment,Over-the-Counter
Metformin,PPI,Topical Solution,10mg,Johnson & Johnson,Type 2 diabetes management,Prescription
Escitalopram,Leukotriene Inhibitor,Capsule,25mg,Abbott,Fungal infections treatment,Prescription
Zinc Oxide,Antacid/H2 Blocker,Cream,125mg,Novartis,Acne treatment,Over-the-Counter
Loratadine,Cough Suppressant,Patch,10mg,Unilever,Skin inflammation and itching,Over-the-Counter
Aluminum Hydroxide,Topical Corticosteroid,Drops,400mg,Bayer,Diarrhea treatment,Over-the-Counter
Metformin,Anxiolytic/Benzodiazepine,Suppository,10mg,Johnson & Johnson,Inflammation and autoimmune disorders,Prescription
Escitalopram,Bronchodilator,Tablet,150mg,Eli Lilly,Asthma and bronchospasm,Prescription
Simethicone,Antifungal,Spray,20mg,GSK,Minor pain and itching relief,Over-the-Counter
Warfarin,Beta Blocker,Sublingual Tablet,1000mg,AstraZeneca,Heart attack and stroke prevention,Prescription
Gabapentin,Anticoagulant,Tablet,150mg,GlaxoSmithKline,Hypertension and heart failure,Prescription
Clotrimazole,Antihistamine,Chewable Tablet,50mg,GSK,Minor cuts and skin protection,Over-the-Counter
Alprazolam,Antifungal,Liquid,250mg,Sanofi,Depression and anxiety disorders,Prescription
Loratadine,Sleep Aid,Patch,100mg,P&G,Allergic rhinitis and hives,Over-the-Counter
Prednisone,PPI,IV Infusion,50mcg,Roche,Hypothyroidism treatment,Prescription
Pseudoephedrine,Laxative,Ointment,250mg,Novartis,Fungal skin infections,Over-the-Counter
Amoxicillin,Antifungal,Tablet,150mg,Merck,Asthma and bronchospasm,Prescription
Levothyroxine,Statin,Patch,10mg,Abbott,Hypertension and angina,Prescription
Dexamethasone,Antifungal,Sublingual Tablet,500mg,Johnson & Johnson,Anxiety and panic disorders,Prescription
Ciprofloxacin,Anxiolytic/Benzodiazepine,Sublingual Tablet,0.5mg,Eli Lilly,Fungal infections treatment,Prescription
Pantoprazole,Corticosteroid,Tablet,50mg,Sanofi,Hypertension and angina,Prescription
Warfarin,Opioid Analgesic,Topical Solution,500mg,Bristol-Myers Squibb,Bacterial infections treatment,Prescription
Metoprolol,Corticosteroid,Injection,100mcg,Boehringer Ingelheim,Asthma and allergic rhinitis,Prescription
Sertraline,Bronchodilator,Capsule,50mg,Merck,Inflammation and autoimmune disorders,Prescription
Amlodipine,Beta Blocker,Sublingual Tablet,5mg,Eli Lilly,Moderate to severe pain management,Prescription
Trimethoprim,Thyroid Hormone,IV Infusion,400mcg,Johnson & Johnson,Asthma and bronchospasm,Prescription
Montelukast,Opioid Analgesic,Suppository,200mg,Merck,Asthma and allergic rhinitis,Prescription
Lidocaine Cream,Antihistamine,Liquid,1%,Johnson & Johnson,Skin inflammation and itching,Over-the-Counter
Meclizine,Decongestant,Cream,10mg,Johnson & Johnson,Blood clot prevention,Over-the-Counter
Albuterol,Anticoagulant,IV Infusion,10mg,AstraZeneca,Bacterial infections treatment,Prescription
Neosporin,Antiplatelet,Liquid,20mg,P&G,Nasal congestion relief,Over-the-Counter
Aluminum Hydroxide,Topical Antibiotic,Capsule,100mg,3M Healthcare,Minor wound infection prevention,Over-the-Counter
Lidocaine Cream,Antihistamine,Spray,500mg,GSK,Fungal skin infections,Over-the-Counter
Lisinopril,Anticonvulsant,Liquid,500mg,Eli Lilly,GERD and peptic ulcer disease,Prescription
Omeprazole,Antifungal,Drops,200mg,Johnson & Johnson,Blood clot prevention,Over-the-Counter
Magnesium Hydroxide,Acne Treatment,Cream,50mg,Bayer,Pain relief and fever reduction,Over-the-Counter
Warfarin,Anxiolytic/Benzodiazepine,Inhaler,2mg,Abbott,Bacterial infections treatment,Prescription
Calcium Carbonate,Topical Anesthetic,Liquid,150mg,Novartis,Motion sickness and nausea,Over-the-Counter
Furosemide,Beta Blocker,Patch,50mg,Johnson & Johnson,Asthma and bronchospasm,Prescription
Oxycodone,Anxiolytic/Benzodiazepine,Suppository,5mg,GlaxoSmithKline,GERD and peptic ulcer disease,Prescription
Omeprazole,Antiplatelet,Ointment,150mg,Pfizer,Chest congestion and mucus relief,Over-the-Counter
Benzoyl Peroxide,Topical Anesthetic,Patch,250mg,GSK,Insomnia and sleep aid,Over-the-Counter
Metronidazole,Beta Blocker,Injection,75mg,Pfizer,Hypertension and heart failure,Prescription
Gabapentin,Antifungal,Extended Release Tablet,2mg,Boehringer Ingelheim,Blood clot prevention,Prescription
Diphenhydramine,Antiemetic,Lozenge,20mg,P&G,GERD and peptic ulcer,Over-the-Counter
Hydrocodone,Antiplatelet,Extended Release Tablet,500mg,Sanofi,Edema and hypertension,Prescription
Trimethoprim,Antiplatelet,Nasal Spray,150mg,Abbott,Hypertension and heart failure,Prescription
Aspirin,Antidiarrheal,Patch,25mg,Reckitt,Cough suppression,Over-the-Counter
Azithromycin,Antidepressant/SSRI,Sublingual Tablet,150mg,Roche,Depression and anxiety disorders,Prescription
Ciprofloxacin,Anticonvulsant,Suppository,25mg,Novartis,Asthma and bronchospasm,Prescription
Amoxicillin,Opioid Analgesic,Tablet,2mg,Pfizer,Hypertension and angina,Prescription
Ciprofloxacin,Antifungal,Liquid,2mg,Gilead Sciences,Hypothyroidism treatment,Prescription
Pantoprazole,Leukotriene Inhibitor,Patch,100mcg,Abbott,Heart attack and stroke prevention,Prescription
Calcium Carbonate,Topical Antibiotic,Ointment,1%,Sanofi,Blood clot prevention,Over-the-Counter
Amoxicillin,Corticosteroid,Tablet,2mg,Johnson & Johnson,Bacterial infections treatment,Prescription
Amoxicillin,ARB,Topical Solution,200mcg,Johnson & Johnson,Epilepsy and neuropathic pain,Prescription
Clindamycin,ARB,Suppository,50mg,Abbott,Type 2 diabetes management,Prescription
Omeprazole,Expectorant,Capsule,500mg,Sanofi,Heartburn and acid reflux,Over-the-Counter
Levothyroxine,Antibiotic,Tablet,200mcg,Gilead Sciences,Heart attack and stroke prevention,Prescription
Escitalopram,PPI,Injection,1000mg,Gilead Sciences,Asthma and allergic rhinitis,Prescription
Albuterol,Anticonvulsant,Injection,50mcg,Abbott,Edema and hypertension,Prescription
Lisinopril,ACE Inhibitor,Nasal Spray,20mg,GlaxoSmithKline,Bacterial infections treatment,Prescription
Trimethoprim,Anticoagulant,Capsule,0.5mg,Eli Lilly,Hypertension and angina,Prescription
Clopidogrel,Anticoagulant,Suppository,50mcg,Novartis,Blood clot prevention,Prescription
Trimethoprim,Antifungal,Tablet,25mg,Merck,Anxiety and panic disorders,Prescription
Omeprazole,Expectorant,Chewable Tablet,5%,3M Healthcare,Constipation relief,Over-the-Counter
Benzoyl Peroxide,Topical Antibiotic,Chewable Tablet,100mg,GSK,Chest congestion and mucus relief,Over-the-Counter
Simethicone,Sleep Aid,Ointment,400mg,Novartis,Fungal skin infections,Over-the-Counter
Albuterol,ACE Inhibitor,Liquid,1mg,Abbott,High cholesterol management,Prescription
Bismuth Subsalicylate,Antihistamine,Liquid,2%,Johnson & Johnson,Gas and bloating relief,Over-the-Counter
Hydrocodone,Leukotriene Inhibitor,Nasal Spray,200mg,Gilead Sciences,High cholesterol management,Prescription
Pregabalin,Antibiotic,Tablet,150mg,Sanofi,Epilepsy and neuropathic pain,Prescription
Salicylic Acid,Laxative,Chewable Tablet,2%,3M Healthcare,Cough suppression,Over-the-Counter
Dexamethasone,Opioid Analgesic,Injection,500mg,Johnson & Johnson,Depression and anxiety disorders,Prescription
Benzoyl Peroxide,Topical Anesthetic,Powder,50mg,Reckitt,Minor wound infection prevention,Over-the-Counter
Zinc Oxide,Laxative,Lozenge,325mg,Unilever,Fungal skin infections,Over-the-Counter
Ranitidine,Antiplatelet,Lozenge,325mg,3M Healthcare,Diarrhea treatment,Over-the-Counter
Hydrocortisone Cream,Analgesic,Spray,125mg,P&G,Blood clot prevention,Over-the-Counter
Loratadine,Antacid/H2 Blocker,Spray,200mg,Pfizer,Fungal skin infections,Over-the-Counter
Metformin,ACE Inhibitor,Tablet,50mg,Eli Lilly,Type 2 diabetes management,Prescription
Meclizine,Cough Suppressant,Lozenge,500mg,Novartis,Chest congestion and mucus relief,Over-the-Counter
Hydrocortisone Cream,Analgesic,Tablet,5%,P&G,Blood clot prevention,Over-the-Counter
Albuterol,Anticonvulsant,Topical Solution,250mg,Bristol-Myers Squibb,Asthma and bronchospasm,Prescription
Clindamycin,Corticosteroid,Liquid,200mg,Sanofi,Hypertension management,Prescription
Guaifenesin,Cough Suppressant,Ointment,5mg,Pfizer,Minor wound infection prevention,Over-the-Counter
Lidocaine Cream,Antifungal,Ointment,25mg,Prestige Brands,Minor pain and itching relief,Over-the-Counter
Hydrocortisone Cream,Antidiarrheal,Chewable Tablet,50mg,Reckitt,GERD and peptic ulcer,Over-the-Counter
Benzoyl Peroxide,Laxative,Spray,150mg,Novartis,Skin inflammation and itching,Over-the-Counter
Fluoxetine,Anticonvulsant,Patch,250mg,Novartis,Moderate to severe pain management,Prescription
Sertraline,Anticoagulant,Nasal Spray,50mg,Sanofi,Heart attack and stroke prevention,Prescription
Guaifenesin,Antacid/PPI,Patch,500mg,Unilever,Heartburn and acid reflux,Over-the-Counter
Calcium Carbonate,Antiplatelet,Chewable Tablet,400mg,Johnson & Johnson,Allergic rhinitis and hives,Over-the-Counter
Loratadine,Antidiarrheal,Patch,500mg,3M Healthcare,Minor pain and itching relief,Over-the-Counter
Warfarin,Antidepressant/SSRI,Topical Solution,20mg,Abbott,Hypothyroidism treatment,Prescription
Oxycodone,PPI,Patch,400mcg,Johnson & Johnson,Blood clot prevention,Prescription
Cetirizine,Cough Suppressant,Drops,400mg,Chattem,Allergic rhinitis and hives,Over-the-Counter
Dexamethasone,Calcium Channel Blocker,Inhaler,25mg,Merck,Hypertension and heart failure,Prescription
Albuterol,PPI,Capsule,150mg,Novartis,Hypothyroidism treatment,Prescription
Pregabalin,ACE Inhibitor,Suppository,50mcg,Sanofi,Moderate to severe pain management,Prescription
Pregabalin,Anxiolytic/Benzodiazepine,Inhaler,100mcg,Bristol-Myers Squibb,Hypertension and heart failure,Prescription
Pantoprazole,Antiplatelet,Topical Solution,100mcg,Boehringer Ingelheim,GERD and peptic ulcer disease,Prescription
Clopidogrel,Corticosteroid,Injection,400mcg,Abbott,GERD and peptic ulcer disease,Prescription
Alprazolam,Leukotriene Inhibitor,Tablet,0.5mg,Eli Lilly,Moderate to severe pain management,Prescription
Loratadine,Antacid/H2 Blocker,Drops,200mg,Bayer,Heartburn and indigestion,Over-the-Counter
Omeprazole,Antiplatelet,Powder,2%,Sanofi,Heartburn and indigestion,Over-the-Counter
Zinc Oxide,Topical Antibiotic,Patch,150mg,Chattem,Minor wound infection prevention,Over-the-Counter
Ibuprofen,Antiemetic,Tablet,20mg,Sanofi,Cough suppression,Over-the-Counter
Atorvastatin,Anticoagulant,IV Infusion,10mg,Roche,Heart attack and stroke prevention,Prescription
Sertraline,Bronchodilator,Inhaler,20mg,AstraZeneca,Hypertension and heart failure,Prescription
Clindamycin,ARB,Suppository,75mg,Johnson & Johnson,Blood clot prevention,Prescription
Escitalopram,Antidiabetic,Suppository,20mg,AstraZeneca,Hypertension management,Prescription
Doxycycline,Anxiolytic/Benzodiazepine,Nasal Spray,100mg,Abbott,Hypertension and heart failure,Prescription
Oxycodone,Opioid Analgesic,Suppository,200mg,Bristol-Myers Squibb,Hypertension and heart failure,Prescription
Zinc Oxide,Analgesic,Liquid,325mg,Pfizer,Nasal congestion relief,Over-the-Counter
Zinc Oxide,Skin Protectant,Drops,2%,Pfizer,Insomnia and sleep aid,Over-the-Counter
Atorvastatin,Diuretic,Nasal Spray,100mcg,Gilead Sciences,Asthma and bronchospasm,Prescription
Levothyroxine,Antidepressant/SSRI,IV Infusion,50mg,Merck,GERD and peptic ulcer disease,Prescription
Trimethoprim,ARB,Tablet,100mcg,Roche,Fungal infections treatment,Prescription
Hydrocodone,Antifungal,Extended Release Tablet,2mg,AstraZeneca,Depression and anxiety disorders,Prescription
Hydrocodone,Anticonvulsant,Capsule,0.25mg,Amgen,Hypertension and angina,Prescription
Warfarin,Corticosteroid,Nasal Spray,25mg,Johnson & Johnson,Epilepsy and neuropathic pain,Prescription
Dextromethorphan,Skin Protectant,Drops,5%,Bayer,Cough suppression,Over-the-Counter
Aspirin,Topical Anesthetic,Tablet,1%,Unilever,Minor wound infection prevention,Over-the-Counter
Escitalopram,Beta Blocker,Tablet,10mg,Bristol-Myers Squibb,Epilepsy and neuropathic pain,Prescription
Clopidogrel,Antidepressant/SSRI,IV Infusion,25mg,Pfizer,Hypertension and heart failure,Prescription
Omeprazole,Antacid/PPI,Drops,125mg,Chattem,Minor wound infection prevention,Over-the-Counter
Clopidogrel,ACE Inhibitor,Topical Solution,1000mg,Bristol-Myers Squibb,Fungal infections treatment,Prescription
Trimethoprim,Diuretic,IV Infusion,0.25mg,Eli Lilly,Bacterial infections treatment,Prescription
Cetirizine,Antacid/PPI,Liquid,1%,Novartis,Gas and bloating relief,Over-the-Counter
Zinc Oxide,Antidiarrheal,Chewable Tablet,5mg,Reckitt,Heartburn and indigestion,Over-the-Counter
Bismuth Subsalicylate,Expectorant,Chewable Tablet,5%,Novartis,Acne treatment,Over-the-Counter
Hydrocodone,ACE Inhibitor,Suppository,0.5mg,Sanofi,Fungal infections treatment,Prescription
Naproxen,Analgesic,Chewable Tablet,400mg,3M Healthcare,Allergic rhinitis and hives,Over-the-Counter
Calcium Carbonate,Antacid/H2 Blocker,Powder,50mg,Bayer,Fungal skin infections,Over-the-Counter
Aspirin,Acne Treatment,Spray,25mg,Bayer,Nasal congestion relief,Over-the-Counter
Hydrocortisone Cream,Cough Suppressant,Chewable Tablet,5mg,GSK,Diarrhea treatment,Over-the-Counter
Amlodipine,Anxiolytic/Benzodiazepine,Sublingual Tablet,200mcg,Abbott,Hypertension and heart failure,Prescription
Trimethoprim,Antibiotic,Patch,50mcg,Merck,Anxiety and panic disorders,Prescription
Meclizine,Topical Corticosteroid,Lozenge,325mg,Chattem,Acne treatment,Over-the-Counter
Metoprolol,ARB,Sublingual Tablet,150mg,Amgen,Edema and hypertension,Prescription
Levothyroxine,Diuretic,Sublingual Tablet,50mcg,Merck,Moderate to severe pain management,Prescription
Amlodipine,Statin,Topical Solution,400mcg,Johnson & Johnson,Inflammation and autoimmune disorders,Prescription
Amoxicillin,Corticosteroid,Topical Solution,100mg,Merck,Blood clot prevention,Prescription
Cetirizine,Antacid,Cream,25mg,P&G,Minor cuts and skin protection,Over-the-Counter
Sertraline,Statin,IV Infusion,75mg,Sanofi,GERD and peptic ulcer disease,Prescription
Levothyroxine,Calcium Channel Blocker,Sublingual Tablet,1mg,Eli Lilly,Hypertension and angina,Prescription
Zinc Oxide,Antacid,Patch,150mg,Unilever,Heartburn and acid reflux,Over-the-Counter
Amlodipine,ARB,Extended Release Tablet,75mg,Pfizer,Asthma and allergic rhinitis,Prescription
Aluminum Hydroxide,Antiemetic,Ointment,250mg,Sanofi,Blood clot prevention,Over-the-Counter
Neosporin,Skin Protectant,Ointment,5mg,Reckitt,Minor wound infection prevention,Over-the-Counter
Loperamide,Antiemetic,Capsule,500mg,Johnson & Johnson,Gas and bloating relief,Over-the-Counter
Oxycodone,Antidepressant/SSRI,Nasal Spray,100mcg,Pfizer,Edema and hypertension,Prescription
Furosemide,Calcium Channel Blocker,Sublingual Tablet,10mg,Pfizer,Heart attack and stroke prevention,Prescription
Naproxen,Antacid,Tablet,400mg,3M Healthcare,Diarrhea treatment,Over-the-Counter
Azithromycin,Antiplatelet,Topical Solution,50mcg,Eli Lilly,Edema and hypertension,Prescription
Furosemide,ARB,Liquid,20mg,AstraZeneca,Epilepsy and neuropathic pain,Prescription
Atorvastatin,Thyroid Hormone,Capsule,75mg,Sanofi,GERD and peptic ulcer disease,Prescription
Hydrocortisone Cream,Analgesic,Patch,100mg,P&G,Heartburn and indigestion,Over-the-Counter
Miconazole,Cough Suppressant,Capsule,50mg,Bayer,Insomnia and sleep aid,Over-the-Counter
Alprazolam,Opioid Analgesic,Inhaler,0.25mg,Merck,Heart attack and stroke prevention,Prescription
Lisinopril,Antiplatelet,Topical Solution,50mcg,Abbott,Hypertension management,Prescription
Azithromycin,Antifungal,Patch,1mg,Boehringer Ingelheim,Asthma and allergic rhinitis,Prescription
Famotidine,Analgesic,Lozenge,5%,Bayer,Allergic rhinitis and hives,Over-the-Counter
Hydrocodone,Leukotriene Inhibitor,Sublingual Tablet,50mg,Sanofi,Asthma and allergic rhinitis,Prescription
Miconazole,Antacid,Gel,5%,Chattem,Heartburn and acid reflux,Over-the-Counter
Neosporin,Antacid,Ointment,150mg,Novartis,Minor wound infection prevention,Over-the-Counter
Acetaminophen,Topical Antibiotic,Liquid,50mg,3M Healthcare,Minor pain and itching relief,Over-the-Counter
Lisinopril,ARB,Topical Solution,400mcg,Roche,Hypertension and heart failure,Prescription
Calcium Carbonate,Topical Anesthetic,Cream,20mg,Unilever,Minor wound infection prevention,Over-the-Counter
Escitalopram,Antibiotic,Liquid,50mcg,Roche,Epilepsy and neuropathic pain,Prescription
Cetirizine,Antiplatelet,Capsule,50mg,Johnson & Johnson,Minor wound infection prevention,Over-the-Counter
Albuterol,Leukotriene Inhibitor,Suppository,100mcg,Amgen,Hypertension and heart failure,Prescription
Naproxen,Antiplatelet,Cream,500mg,Prestige Brands,Fungal skin infections,Over-the-Counter
Dextromethorphan,Antacid,Gel,125mg,Reckitt,Fungal skin infections,Over-the-Counter
Furosemide,Beta Blocker,Nasal Spray,20mg,Bristol-Myers Squibb,Asthma and allergic rhinitis,Prescription
Zinc Oxide,Topical Antibiotic,Liquid,125mg,Sanofi,Skin inflammation and itching,Over-the-Counter
Prednisone,Statin,Topical Solution,1mg,Gilead Sciences,Hypertension and angina,Prescription
Acetaminophen,Analgesic,Drops,1%,3M Healthcare,Heartburn and acid reflux,Over-the-Counter
Lidocaine Cream,Analgesic,Chewable Tablet,150mg,Sanofi,Minor pain and itching relief,Over-the-Counter
Guaifenesin,Antiplatelet,Capsule,150mg,Novartis,Minor cuts and skin protection,Over-the-Counter
Levothyroxine,Corticosteroid,Capsule,1000mg,Novartis,Bacterial infections treatment,Prescription
Gabapentin,Diuretic,Topical Solution,150mg,Gilead Sciences,Moderate to severe pain management,Prescription
Warfarin,Anticoagulant,Nasal Spray,250mg,Bristol-Myers Squibb,Inflammation and autoimmune disorders,Prescription
Furosemide,Diuretic,Extended Release Tablet,10mg,Johnson & Johnson,High cholesterol management,Prescription
Magnesium Hydroxide,Topical Anesthetic,Liquid,1%,P&G,Nasal congestion relief,Over-the-Counter
Trimethoprim,Bronchodilator,Suppository,20mg,Boehringer Ingelheim,Hypothyroidism treatment,Prescription
Aluminum Hydroxide,Antifungal,Drops,10mg,3M Healthcare,Cough suppression,Over-the-Counter
Loperamide,Analgesic,Powder,20mg,Chattem,Diarrhea treatment,Over-the-Counter
Amoxicillin,Anxiolytic/Benzodiazepine,Inhaler,0.5mg,Johnson & Johnson,GERD and peptic ulcer disease,Prescription
Ciprofloxacin,Thyroid Hormone,Patch,50mg,Johnson & Johnson,Blood clot prevention,Prescription
Furosemide,Leukotriene Inhibitor,Injection,5mg,Johnson & Johnson,Hypertension and heart failure,Prescription
Omeprazole,Topical Anesthetic,Spray,10mg,Reckitt,Allergic rhinitis and hives,Over-the-Counter
Doxycycline,Anticonvulsant,Injection,100mcg,Merck,Edema and hypertension,Prescription
Acetaminophen,Antifungal,Drops,500mg,GSK,Acne treatment,Over-the-Counter
Metronidazole,Calcium Channel Blocker,Sublingual Tablet,200mg,Boehringer Ingelheim,Epilepsy and neuropathic pain,Prescription
Ranitidine,Decongestant,Chewable Tablet,100mg,Novartis,Nasal congestion relief,Over-the-Counter
Clopidogrel,Statin,Injection,500mg,Gilead Sciences,Moderate to severe pain management,Prescription
Ciprofloxacin,Antidepressant/SSRI,Patch,200mg,Pfizer,Type 2 diabetes management,Prescription
Clotrimazole,Topical Corticosteroid,Drops,20mg,Pfizer,Minor wound infection prevention,Over-the-Counter
Calcium Carbonate,Topical Antibiotic,Drops,5mg,Sanofi,Motion sickness and nausea,Over-the-Counter
Acetaminophen,Antiemetic,Lozenge,325mg,Pfizer,Minor cuts and skin protection,Over-the-Counter
Dextromethorphan,Sleep Aid,Chewable Tablet,200mg,Novartis,Heartburn and indigestion,Over-the-Counter
Aluminum Hydroxide,Antacid,Tablet,200mg,Pfizer,Minor wound infection prevention,Over-the-Counter
Furosemide,Statin,Extended Release Tablet,400mcg,Merck,Depression and anxiety disorders,Prescription
Clopidogrel,Antidepressant/SSRI,Liquid,500mg,Amgen,Depression and anxiety disorders,Prescription
Escitalopram,Antibiotic,Nasal Spray,250mg,Johnson & Johnson,Blood clot prevention,Prescription
Warfarin,Antidepressant/SSRI,Suppository,75mg,Gilead Sciences,GERD and peptic ulcer disease,Prescription
Pseudoephedrine,Analgesic,Spray,325mg,Pfizer,Pain relief and fever reduction,Over-the-Counter
Dextromethorphan,Antiflatulent,Capsule,20mg,Unilever,Blood clot prevention,Over-the-Counter
Ranitidine,Skin Protectant,Spray,250mg,Johnson & Johnson,Heartburn and acid reflux,Over-the-Counter
Ranitidine,Expectorant,Patch,400mg,Reckitt,Gas and bloating relief,Over-the-Counter
Prednisone,Thyroid Hormone,Injection,150mg,Merck,Moderate to severe pain management,Prescription
Metformin,Antibiotic,Topical Solution,500mg,Roche,Anxiety and panic disorders,Prescription
Pregabalin,Opioid Analgesic,Patch,200mg,Roche,Moderate to severe pain management,Prescription
Azithromycin,Leukotriene Inhibitor,IV Infusion,5mg,AstraZeneca,High cholesterol management,Prescription
Loperamide,Antihistamine,Spray,100mg,Bayer,Cough suppression,Over-the-Counter
Pantoprazole,Antidiabetic,Capsule,150mg,Boehringer Ingelheim,Hypertension and angina,Prescription
Metronidazole,ARB,Inhaler,50mcg,Boehringer Ingelheim,Hypertension and angina,Prescription
Famotidine,Laxative,Powder,250mg,Pfizer,Diarrhea treatment,Over-the-Counter
Neosporin,Topical Antibiotic,Tablet,325mg,Bayer,Insomnia and sleep aid,Over-the-Counter
Aspirin,Skin Protectant,Chewable Tablet,200mg,GSK,Fungal skin infections,Over-the-Counter
Dexamethasone,Thyroid Hormone,Inhaler,25mg,Pfizer,Anxiety and panic disorders,Prescription
Warfarin,Opioid Analgesic,Patch,150mg,GlaxoSmithKline,Asthma and allergic rhinitis,Prescription
Losartan,Beta Blocker,Topical Solution,50mcg,Eli Lilly,Bacterial infections treatment,Prescription
Neosporin,Acne Treatment,Lozenge,5mg,Johnson & Johnson,Minor cuts and skin protection,Over-the-Counter
Meclizine,Laxative,Gel,100mg,3M Healthcare,Insomnia and sleep aid,Over-the-Counter
Doxycycline,Corticosteroid,Liquid,10mg,Abbott,Hypertension and heart failure,Prescription
Clindamycin,Antifungal,Sublingual Tablet,400mcg,AstraZeneca,Blood clot prevention,Prescription
Simethicone,Antacid,Capsule,500mg,Sanofi,Minor wound infection prevention,Over-the-Counter
Clindamycin,Anticoagulant,Liquid,50mcg,Roche,High cholesterol management,Prescription
Miconazole,Sleep Aid,Ointment,500mg,Bayer,Diarrhea treatment,Over-the-Counter
Diphenhydramine,Skin Protectant,Capsule,20mg,GSK,Minor wound infection prevention,Over-the-Counter
Simethicone,Decongestant,Spray,400mg,Reckitt,Minor cuts and skin protection,Over-the-Counter
Clindamycin,Antiplatelet,Topical Solution,75mg,GlaxoSmithKline,High cholesterol management,Prescription
Amoxicillin,ACE Inhibitor,Injection,1mg,Johnson & Johnson,Blood clot prevention,Prescription
Trimethoprim,Anticoagulant,IV Infusion,5mg,Eli Lilly,High cholesterol management,Prescription
Amlodipine,Antidepressant/SSRI,Capsule,0.25mg,Bristol-Myers Squibb,Hypertension and heart failure,Prescription
Loperamide,Sleep Aid,Liquid,500mg,Johnson & Johnson,Motion sickness and nausea,Over-the-Counter
Famotidine,Acne Treatment,Ointment,150mg,Unilever,Nasal congestion relief,Over-the-Counter
Pregabalin,Diuretic,Injection,25mg,GlaxoSmithKline,Hypertension and angina,Prescription
Miconazole,Antiflatulent,Powder,1%,Bayer,Minor pain and itching relief,Over-the-Counter
Acetaminophen,Cough Suppressant,Patch,5mg,Reckitt,Minor wound infection prevention,Over-the-Counter
Sertraline,Diuretic,Suppository,1000mg,Johnson & Johnson,Anxiety and panic disorders,Prescription
Omeprazole,Skin Protectant,Drops,20mg,Novartis,Insomnia and sleep aid,Over-the-Counter
Guaifenesin,Antacid/H2 Blocker,Lozenge,50mg,P&G,Chest congestion and mucus relief,Over-the-Counter
Zinc Oxide,Antiemetic,Drops,5mg,Unilever,Cough suppression,Over-the-Counter
Benzoyl Peroxide,Skin Protectant,Gel,200mg,Unilever,Skin inflammation and itching,Over-the-Counter
Albuterol,Opioid Analgesic,IV Infusion,0.5mg,Johnson & Johnson,Asthma and bronchospasm,Prescription
Famotidine,Cough Suppressant,Cream,100mg,Chattem,Gas and bloating relief,Over-the-Counter
Clindamycin,Statin,Extended Release Tablet,100mg,Merck,Asthma and bronchospasm,Prescription
Losartan,Calcium Channel Blocker,Liquid,75mg,GlaxoSmithKline,Depression and anxiety disorders,Prescription
Bismuth Subsalicylate,Skin Protectant,Spray,250mg,Bayer,Motion sickness and nausea,Over-the-Counter
Metronidazole,Antibiotic,Inhaler,250mg,Boehringer Ingelheim,Edema and hypertension,Prescription
Cetirizine,Antifungal,Patch,10mg,GSK,Allergic rhinitis and hives,Over-the-Counter
Furosemide,Opioid Analgesic,Sublingual Tablet,0.5mg,Boehringer Ingelheim,Heart attack and stroke prevention,Prescription
Fluoxetine,Anxiolytic/Benzodiazepine,IV Infusion,250mg,Abbott,Inflammation and autoimmune disorders,Prescription
Metronidazole,Anticoagulant,Inhaler,1mg,AstraZeneca,Blood clot prevention,Prescription
Benzoyl Peroxide,Laxative,Lozenge,150mg,P&G,Heartburn and acid reflux,Over-the-Counter
Metronidazole,Corticosteroid,Liquid,2mg,Roche,Inflammation and autoimmune disorders,Prescription
Pseudoephedrine,Antacid/H2 Blocker,Lozenge,10mg,3M Healthcare,Gas and bloating relief,Over-the-Counter
Metoprolol,Leukotriene Inhibitor,Extended Release Tablet,25mg,GlaxoSmithKline,Edema and hypertension,Prescription
Zinc Oxide,Antacid/PPI,Gel,325mg,Unilever,Allergic rhinitis and hives,Over-the-Counter
Warfarin,ARB,Extended Release Tablet,75mg,Boehringer Ingelheim,High cholesterol management,Prescription
Dextromethorphan,Decongestant,Cream,200mg,Reckitt,Heartburn and indigestion,Over-the-Counter
Magnesium Hydroxide,Cough Suppressant,Lozenge,2%,Chattem,Gas and bloating relief,Over-the-Counter
Magnesium Hydroxide,Analgesic,Tablet,10mg,Bayer,Diarrhea treatment,Over-the-Counter
Loperamide,Laxative,Powder,50mg,Novartis,GERD and peptic ulcer,Over-the-Counter
Sertraline,Calcium Channel Blocker,Extended Release Tablet,1000mg,Boehringer Ingelheim,Asthma and bronchospasm,Prescription
Zinc Oxide,Decongestant,Chewable Tablet,250mg,P&G,Heartburn and indigestion,Over-the-Counter
Naproxen,Sleep Aid,Lozenge,25mg,Johnson & Johnson,Allergic rhinitis and hives,Over-the-Counter
Gabapentin,ACE Inhibitor,Sublingual Tablet,100mcg,Roche,Edema and hypertension,Prescription
Prednisone,Beta Blocker,Extended Release Tablet,400mcg,Bristol-Myers Squibb,Type 2 diabetes management,Prescription
Famotidine,Antihistamine,Chewable Tablet,250mg,Pfizer,Heartburn and indigestion,Over-the-Counter
Metoprolol,Calcium Channel Blocker,Extended Release Tablet,0.25mg,Pfizer,Edema and hypertension,Prescription
Pseudoephedrine,Antiemetic,Powder,125mg,Sanofi,Blood clot prevention,Over-the-Counter
Albuterol,Antifungal,IV Infusion,10mg,AstraZeneca,Moderate to severe pain management,Prescription
Furosemide,Calcium Channel Blocker,Suppository,10mg,Bristol-Myers Squibb,Edema and hypertension,Prescription
Oxycodone,ACE Inhibitor,Sublingual Tablet,20mg,Sanofi,Type 2 diabetes management,Prescription
Dexamethasone,Calcium Channel Blocker,Topical Solution,1mg,Sanofi,Fungal infections treatment,Prescription
Famotidine,Skin Protectant,Gel,250mg,Reckitt,Pain relief and fever reduction,Over-the-Counter
Meclizine,Acne Treatment,Gel,2%,Novartis,Motion sickness and nausea,Over-the-Counter
Alprazolam,Anticonvulsant,Patch,20mg,Bristol-Myers Squibb,Type 2 diabetes management,Prescription
Calcium Carbonate,Antifungal,Liquid,50mg,Chattem,Constipation relief,Over-the-Counter
Losartan,Beta Blocker,Nasal Spray,200mcg,Sanofi,Hypothyroidism treatment,Prescription
Bacitracin,Antihistamine,Gel,100mg,P&G,Minor pain and itching relief,Over-the-Counter
Miconazole,Antacid,Gel,20mg,Prestige Brands,Gas and bloating relief,Over-the-Counter
Albuterol,Corticosteroid,Extended Release Tablet,75mg,Johnson & Johnson,Hypothyroidism treatment,Prescription
Azithromycin,Antifungal,Suppository,100mg,Amgen,Moderate to severe pain management,Prescription
Losartan,Corticosteroid,Injection,200mg,Abbott,Heart attack and stroke prevention,Prescription
Ciprofloxacin,Bronchodilator,Capsule,400mcg,Amgen,Heart attack and stroke prevention,Prescription
Bismuth Subsalicylate,Topical Corticosteroid,Spray,50mg,Reckitt,Skin inflammation and itching,Over-the-Counter
Amoxicillin,Calcium Channel Blocker,Topical Solution,10mg,Gilead Sciences,Moderate to severe pain management,Prescription
Calcium Carbonate,Cough Suppressant,Cream,200mg,Johnson & Johnson,Cough suppression,Over-the-Counter
Dexamethasone,Anticoagulant,Sublingual Tablet,20mg,Bristol-Myers Squibb,Blood clot prevention,Prescription
Pregabalin,Opioid Analgesic,IV Infusion,250mg,AstraZeneca,Fungal infections treatment,Prescription
Naproxen,Antacid/PPI,Drops,25mg,GSK,Skin inflammation and itching,Over-the-Counter
Prednisone,Beta Blocker,Tablet,25mg,AstraZeneca,Edema and hypertension,Prescription
Magnesium Hydroxide,Antidiarrheal,Cream,25mg,Reckitt,Skin inflammation and itching,Over-the-Counter
Hydrocodone,Antibiotic,Suppository,100mg,Boehringer Ingelheim,Hypertension and heart failure,Prescription
Albuterol,Thyroid Hormone,Extended Release Tablet,75mg,Merck,GERD and peptic ulcer disease,Prescription
Furosemide,Opioid Analgesic,Topical Solution,75mg,Amgen,Hypothyroidism treatment,Prescription
Amlodipine,Thyroid Hormone,Patch,10mg,Eli Lilly,Heart attack and stroke prevention,Prescription
Dexamethasone,PPI,Topical Solution,75mg,Sanofi,Epilepsy and neuropathic pain,Prescription
Dexamethasone,Bronchodilator,Extended Release Tablet,200mcg,Merck,GERD and peptic ulcer disease,Prescription
Alprazolam,Anxiolytic/Benzodiazepine,IV Infusion,25mg,Amgen,Hypertension and heart failure,Prescription
Metoprolol,Anticoagulant,Liquid,0.25mg,Boehringer Ingelheim,Blood clot prevention,Prescription
Metoprolol,Corticosteroid,Tablet,10mg,GlaxoSmithKline,Fungal infections treatment,Prescription
Loperamide,Expectorant,Cream,20mg,Chattem,Motion sickness and nausea,Over-the-Counter
Acetaminophen,Antacid,Spray,150mg,Prestige Brands,Allergic rhinitis and hives,Over-the-Counter
Cetirizine,Decongestant,Capsule,50mg,Bayer,Pain relief and fever reduction,Over-the-Counter
Salicylic Acid,Antiplatelet,Liquid,2%,Reckitt,Gas and bloating relief,Over-the-Counter
Acetaminophen,Antacid/H2 Blocker,Liquid,200mg,Pfizer,Fungal skin infections,Over-the-Counter
Lisinopril,Antifungal,Liquid,200mcg,Amgen,Edema and hypertension,Prescription
Benzoyl Peroxide,Topical Anesthetic,Lozenge,150mg,Bayer,Minor pain and itching relief,Over-the-Counter
Naproxen,Topical Antibiotic,Powder,1%,P&G,Constipation relief,Over-the-Counter
Simethicone,Laxative,Ointment,250mg,Pfizer,Pain relief and fever reduction,Over-the-Counter
Aspirin,Skin Protectant,Lozenge,400mg,Bayer,Acne treatment,Over-the-Counter
Benzoyl Peroxide,Antifungal,Chewable Tablet,25mg,Chattem,Nasal congestion relief,Over-the-Counter
Magnesium Hydroxide,Acne Treatment,Spray,1%,Unilever,Blood clot prevention,Over-the-Counter
Zinc Oxide,Acne Treatment,Capsule,100mg,Unilever,Heartburn and indigestion,Over-the-Counter
Warfarin,Antibiotic,Capsule,0.5mg,Amgen,Inflammation and autoimmune disorders,Prescription
Lidocaine Cream,Analgesic,Cream,25mg,3M Healthcare,Allergic rhinitis and hives,Over-the-Counter
Dexamethasone,Corticosteroid,Injection,0.5mg,GlaxoSmithKline,Asthma and bronchospasm,Prescription
Famotidine,Antiflatulent,Spray,5%,Sanofi,Minor wound infection prevention,Over-the-Counter
Docusate Sodium,Antiemetic,Powder,325mg,Chattem,Gas and bloating relief,Over-the-Counter
Clotrimazole,Expectorant,Patch,10mg,Johnson & Johnson,Heartburn and indigestion,Over-the-Counter
Meclizine,Antifungal,Capsule,1%,Pfizer,Minor pain and itching relief,Over-the-Counter
Dexamethasone,Antiplatelet,Sublingual Tablet,400mcg,Boehringer Ingelheim,GERD and peptic ulcer disease,Prescription
Bacitracin,Antidiarrheal,Chewable Tablet,50mg,Bayer,Diarrhea treatment,Over-the-Counter
Aspirin,Antacid/PPI,Chewable Tablet,1%,3M Healthcare,Constipation relief,Over-the-Counter
Metformin,Antidepressant/SSRI,Extended Release Tablet,0.5mg,GlaxoSmithKline,High cholesterol management,Prescription
Neosporin,Acne Treatment,Ointment,2%,Unilever,Chest congestion and mucus relief,Over-the-Counter
Bismuth Subsalicylate,Antacid,Powder,400mg,GSK,Insomnia and sleep aid,Over-the-Counter
Hydrocortisone Cream,Analgesic,Liquid,25mg,Prestige Brands,Blood clot prevention,Over-the-Counter
Amlodipine,ACE Inhibitor,Injection,250mg,Abbott,Epilepsy and neuropathic pain,Prescription
Aluminum Hydroxide,Expectorant,Tablet,50mg,3M Healthcare,Minor pain and itching relief,Over-the-Counter
Bacitracin,Antiflatulent,Gel,10mg,Reckitt,Constipation relief,Over-the-Counter
Oxycodone,Statin,Topical Solution,250mg,Eli Lilly,Anxiety and panic disorders,Prescription
Levothyroxine,Antidiabetic,Nasal Spray,10mg,Gilead Sciences,Inflammation and autoimmune disorders,Prescription
Famotidine,Antiemetic,Powder,20mg,Pfizer,GERD and peptic ulcer,Over-the-Counter
Meclizine,Topical Antibiotic,Tablet,2%,3M Healthcare,Acne treatment,Over-the-Counter
Amoxicillin,Anticoagulant,Inhaler,0.25mg,AstraZeneca,Hypertension management,Prescription
Ciprofloxacin,Statin,Extended Release Tablet,25mg,AstraZeneca,Bacterial infections treatment,Prescription
Levothyroxine,Bronchodilator,Tablet,1mg,Merck,Hypertension and heart failure,Prescription
Aspirin,Antihistamine,Lozenge,5%,Johnson & Johnson,Insomnia and sleep aid,Over-the-Counter
Neosporin,Antifungal,Ointment,2%,Chattem,Minor wound infection prevention,Over-the-Counter
Clopidogrel,Statin,Suppository,1000mg,Sanofi,Asthma and bronchospasm,Prescription
Amlodipine,Anxiolytic/Benzodiazepine,IV Infusion,250mg,Roche,Type 2 diabetes management,Prescription
Amoxicillin,Anxiolytic/Benzodiazepine,Liquid,1mg,Pfizer,Blood clot prevention,Prescription
Metronidazole,Antifungal,Tablet,5mg,Boehringer Ingelheim,Moderate to severe pain management,Prescription
Alprazolam,Anticonvulsant,Capsule,100mg,AstraZeneca,Hypertension management,Prescription
Pregabalin,Corticosteroid,Nasal Spray,200mcg,Bristol-Myers Squibb,Hypertension management,Prescription
Salicylic Acid,Antidiarrheal,Tablet,500mg,GSK,Heartburn and indigestion,Over-the-Counter
Trimethoprim,Beta Blocker,Suppository,5mg,Abbott,Fungal infections treatment,Prescription
Pregabalin,PPI,Patch,25mg,Roche,Anxiety and panic disorders,Prescription
Salicylic Acid,Antiplatelet,Chewable Tablet,325mg,3M Healthcare,GERD and peptic ulcer,Over-the-Counter
Hydrocodone,Bronchodilator,Extended Release Tablet,200mcg,Johnson & Johnson,Heart attack and stroke prevention,Prescription
Salicylic Acid,Antiemetic,Spray,125mg,Bayer,Acne treatment,Over-the-Counter
Loratadine,Skin Protectant,Gel,50mg,Unilever,Insomnia and sleep aid,Over-the-Counter
Warfarin,Antifungal,Suppository,75mg,GlaxoSmithKline,Asthma and allergic rhinitis,Prescription
Metronidazole,Anxiolytic/Benzodiazepine,IV Infusion,75mg,Roche,Moderate to severe pain management,Prescription
Simethicone,Cough Suppressant,Ointment,200mg,Novartis,Insomnia and sleep aid,Over-the-Counter
Escitalopram,Opioid Analgesic,Extended Release Tablet,0.5mg,Johnson & Johnson,Hypertension management,Prescription
Salicylic Acid,Antiemetic,Tablet,5%,Johnson & Johnson,Diarrhea treatment,Over-the-Counter
Dextromethorphan,Expectorant,Powder,200mg,Prestige Brands,Pain relief and fever reduction,Over-the-Counter
Albuterol,Corticosteroid,Patch,1000mg,Amgen,Heart attack and stroke prevention,Prescription
Aluminum Hydroxide,Antiemetic,Capsule,5mg,Novartis,Chest congestion and mucus relief,Over-the-Counter
Guaifenesin,Topical Anesthetic,Cream,125mg,Unilever,GERD and peptic ulcer,Over-the-Counter
Losartan,Antiplatelet,Injection,200mg,Johnson & Johnson,Asthma and allergic rhinitis,Prescription
Escitalopram,Bronchodilator,Inhaler,50mcg,Bristol-Myers Squibb,Moderate to severe pain management,Prescription
Aluminum Hydroxide,Antidiarrheal,Capsule,150mg,Prestige Brands,Blood clot prevention,Over-the-Counter
Oxycodone,Leukotriene Inhibitor,Liquid,100mg,Pfizer,Hypertension and heart failure,Prescription
Gabapentin,Bronchodilator,Nasal Spray,0.25mg,Gilead Sciences,Anxiety and panic disorders,Prescription
Neosporin,Topical Antibiotic,Drops,25mg,Reckitt,Skin inflammation and itching,Over-the-Counter
Simethicone,Decongestant,Ointment,200mg,GSK,Gas and bloating relief,Over-the-Counter
Hydrocortisone Cream,Antiplatelet,Patch,325mg,Unilever,Minor wound infection prevention,Over-the-Counter
Neosporin,Antacid,Gel,5mg,Pfizer,Allergic rhinitis and hives,Over-the-Counter
Amlodipine,Anticoagulant,Patch,200mcg,Bristol-Myers Squibb,Edema and hypertension,Prescription
Alprazolam,ACE Inhibitor,Capsule,20mg,Boehringer Ingelheim,Depression and anxiety disorders,Prescription
Calcium Carbonate,Laxative,Lozenge,325mg,3M Healthcare,Gas and bloating relief,Over-the-Counter
Metoprolol,Antifungal,Extended Release Tablet,75mg,Abbott,Moderate to severe pain management,Prescription
Guaifenesin,Laxative,Drops,10mg,Johnson & Johnson,Minor cuts and skin protection,Over-the-Counter
Clindamycin,Diuretic,Tablet,100mg,Sanofi,Asthma and allergic rhinitis,Prescription
Salicylic Acid,Antiflatulent,Ointment,5%,P&G,Pain relief and fever reduction,Over-the-Counter
Loratadine,Skin Protectant,Powder,200mg,GSK,Insomnia and sleep aid,Over-the-Counter
Lisinopril,ACE Inhibitor,Topical Solution,200mg,GlaxoSmithKline,Anxiety and panic disorders,Prescription
Ibuprofen,Antifungal,Gel,150mg,Unilever,Allergic rhinitis and hives,Over-the-Counter
Bismuth Subsalicylate,Antiemetic,Capsule,250mg,Johnson & Johnson,Nasal congestion relief,Over-the-Counter
Guaifenesin,Expectorant,Capsule,250mg,Bayer,Insomnia and sleep aid,Over-the-Counter
Bacitracin,Antifungal,Capsule,325mg,Johnson & Johnson,Heartburn and acid reflux,Over-the-Counter
Meclizine,Antihistamine,Capsule,5mg,Sanofi,Blood clot prevention,Over-the-Counter
Metformin,Antidiabetic,Capsule,200mcg,GlaxoSmithKline,Heart attack and stroke prevention,Prescription
Clopidogrel,Antidepressant/SSRI,Inhaler,100mg,Pfizer,Anxiety and panic disorders,Prescription
Meclizine,Antifungal,Powder,25mg,Bayer,Fungal skin infections,Over-the-Counter
Ibuprofen,Antacid,Liquid,100mg,Pfizer,Insomnia and sleep aid,Over-the-Counter
Salicylic Acid,Laxative,Liquid,2%,Johnson & Johnson,Blood clot prevention,Over-the-Counter
Fluoxetine,Opioid Analgesic,Tablet,50mg,Abbott,Anxiety and panic disorders,Prescription
Metronidazole,Antifungal,Liquid,25mg,Sanofi,Hypertension and angina,Prescription
Neosporin,Antihistamine,Spray,150mg,P&G,Cough suppression,Over-the-Counter
Benzoyl Peroxide,Expectorant,Patch,250mg,P&G,Motion sickness and nausea,Over-the-Counter
Clopidogrel,Thyroid Hormone,Sublingual Tablet,100mcg,Roche,Asthma and allergic rhinitis,Prescription
Clindamycin,Bronchodilator,Sublingual Tablet,250mg,Bristol-Myers Squibb,GERD and peptic ulcer disease,Prescription
Alprazolam,Antiplatelet,Patch,0.5mg,Bristol-Myers Squibb,Bacterial infections treatment,Prescription
Prednisone,Antibiotic,Topical Solution,25mg,Merck,Hypothyroidism treatment,Prescription
Ibuprofen,Antiemetic,Cream,5%,Reckitt,Constipation relief,Over-the-Counter
Bismuth Subsalicylate,Antiplatelet,Capsule,20mg,Bayer,Chest congestion and mucus relief,Over-the-Counter
Bismuth Subsalicylate,Topical Anesthetic,Gel,10mg,Johnson & Johnson,Motion sickness and nausea,Over-the-Counter
Gabapentin,Thyroid Hormone,Liquid,100mcg,Abbott,Hypertension and heart failure,Prescription
Aspirin,Antiplatelet,Tablet,20mg,Pfizer,Pain relief and fever reduction,Over-the-Counter
Metformin,Antibiotic,Tablet,100mcg,Boehringer Ingelheim,Fungal infections treatment,Prescription
Metformin,Diuretic,Patch,50mcg,GlaxoSmithKline,Type 2 diabetes management,Prescription
Clotrimazole,Topical Anesthetic,Cream,2%,Chattem,Skin inflammation and itching,Over-the-Counter
Loperamide,Skin Protectant,Spray,250mg,P&G,Minor cuts and skin protection,Over-the-Counter
Gabapentin,Beta Blocker,Injection,150mg,Boehringer Ingelheim,Moderate to severe pain management,Prescription
Naproxen,Skin Protectant,Drops,50mg,Prestige Brands,Blood clot prevention,Over-the-Counter
Alprazolam,Anxiolytic/Benzodiazepine,Topical Solution,100mcg,Gilead Sciences,Asthma and bronchospasm,Prescription
Pseudoephedrine,Antiplatelet,Gel,20mg,Sanofi,Gas and bloating relief,Over-the-Counter
Montelukast,Diuretic,Topical Solution,2mg,Abbott,Blood clot prevention,Prescription
Pregabalin,ACE Inhibitor,Sublingual Tablet,25mg,Eli Lilly,Depression and anxiety disorders,Prescription
Bacitracin,Antihistamine,Spray,250mg,GSK,Diarrhea treatment,Over-the-Counter
Neosporin,Antidiarrheal,Liquid,20mg,3M Healthcare,Fungal skin infections,Over-the-Counter
Ibuprofen,Antiflatulent,Tablet,125mg,Bayer,Heartburn and indigestion,Over-the-Counter
Diphenhydramine,Antihistamine,Liquid,250mg,Chattem,GERD and peptic ulcer,Over-the-Counter
Metoprolol,Antifungal,Topical Solution,1000mg,Amgen,Hypertension management,Prescription
Fluoxetine,Statin,Patch,100mcg,Pfizer,Asthma and bronchospasm,Prescription
Benzoyl Peroxide,Antifungal,Spray,20mg,Prestige Brands,Nasal congestion relief,Over-the-Counter
Metronidazole,PPI,IV Infusion,200mg,Eli Lilly,Bacterial infections treatment,Prescription
Cetirizine,Analgesic,Lozenge,125mg,P&G,Blood clot prevention,Over-the-Counter
Clotrimazole,Topical Anesthetic,Lozenge,100mg,Unilever,Constipation relief,Over-the-Counter
Levothyroxine,Antiplatelet,Sublingual Tablet,1mg,Boehringer Ingelheim,Depression and anxiety disorders,Prescription
Meclizine,Antacid,Powder,2%,Unilever,Allergic rhinitis and hives,Over-the-Counter
Losartan,Antifungal,Capsule,10mg,Bristol-Myers Squibb,Epilepsy and neuropathic pain,Prescription
Albuterol,Antiplatelet,Suppository,2mg,GlaxoSmithKline,High cholesterol management,Prescription
Montelukast,Diuretic,Capsule,1000mg,Roche,Asthma and allergic rhinitis,Prescription
Pregabalin,ACE Inhibitor,Liquid,50mg,Roche,High cholesterol management,Prescription
Hydrocortisone Cream,Skin Protectant,Liquid,250mg,Unilever,Heartburn and indigestion,Over-the-Counter
Calcium Carbonate,Antacid/H2 Blocker,Powder,200mg,GSK,Acne treatment,Over-the-Counter
Trimethoprim,Diuretic,Liquid,150mg,AstraZeneca,Hypothyroidism treatment,Prescription
Lisinopril,Anticoagulant,Patch,10mg,Amgen,High cholesterol management,Prescription
Meclizine,Acne Treatment,Tablet,150mg,Johnson & Johnson,Insomnia and sleep aid,Over-the-Counter
Acetaminophen,Expectorant,Capsule,100mg,Prestige Brands,Heartburn and indigestion,Over-the-Counter
Simethicone,Antidiarrheal,Cream,5%,GSK,GERD and peptic ulcer,Over-the-Counter
Pantoprazole,Antifungal,Inhaler,400mcg,Eli Lilly,Heart attack and stroke prevention,Prescription
Cetirizine,Antiflatulent,Chewable Tablet,200mg,Johnson & Johnson,Constipation relief,Over-the-Counter
Albuterol,Beta Blocker,IV Infusion,10mg,Johnson & Johnson,Hypertension and heart failure,Prescription
Furosemide,Bronchodilator,Suppository,20mg,Boehringer Ingelheim,Moderate to severe pain management,Prescription
Ranitidine,Antiplatelet,Capsule,5mg,Pfizer,Insomnia and sleep aid,Over-the-Counter
Meclizine,Antidiarrheal,Powder,100mg,P&G,Heartburn and indigestion,Over-the-Counter
Pantoprazole,Statin,Liquid,500mg,Roche,High cholesterol management,Prescription
Ranitidine,Skin Protectant,Ointment,400mg,Johnson & Johnson,Pain relief and fever reduction,Over-the-Counter
Losartan,Leukotriene Inhibitor,Inhaler,50mcg,Abbott,Hypertension and angina,Prescription
Fluoxetine,Corticosteroid,Extended Release Tablet,250mg,Johnson & Johnson,Heart attack and stroke prevention,Prescription
Losartan,Corticosteroid,Topical Solution,0.25mg,Roche,Anxiety and panic disorders,Prescription
Acetaminophen,Antiflatulent,Spray,50mg,Unilever,Blood clot prevention,Over-the-Counter
Salicylic Acid,Antacid/H2 Blocker,Lozenge,5mg,Reckitt,Pain relief and fever reduction,Over-the-Counter
Alprazolam,Anticonvulsant,Capsule,50mcg,Bristol-Myers Squibb,Asthma and allergic rhinitis,Prescription
Aspirin,Topical Corticosteroid,Lozenge,50mg,Chattem,Heartburn and indigestion,Over-the-Counter
Montelukast,Antifungal,Suppository,10mg,Eli Lilly,Heart attack and stroke prevention,Prescription
Gabapentin,Calcium Channel Blocker,Patch,0.25mg,Johnson & Johnson,Hypertension and angina,Prescription
Aluminum Hydroxide,Acne Treatment,Powder,100mg,Bayer,Allergic rhinitis and hives,Over-the-Counter
Metoprolol,Anxiolytic/Benzodiazepine,Patch,1mg,Abbott,Inflammation and autoimmune disorders,Prescription
Cetirizine,Cough Suppressant,Tablet,1%,Reckitt,Constipation relief,Over-the-Counter
Dextromethorphan,Antiemetic,Ointment,2%,Novartis,Minor pain and itching relief,Over-the-Counter
Neosporin,Acne Treatment,Tablet,5mg,3M Healthcare,Pain relief and fever reduction,Over-the-Counter
Clopidogrel,ACE Inhibitor,Topical Solution,200mcg,Novartis,Heart attack and stroke prevention,Prescription
Clindamycin,Corticosteroid,Liquid,400mcg,Amgen,Depression and anxiety disorders,Prescription
Hydrocortisone Cream,Skin Protectant,Patch,1%,Prestige Brands,Allergic rhinitis and hives,Over-the-Counter
Metronidazole,Beta Blocker,Liquid,150mg,AstraZeneca,Asthma and allergic rhinitis,Prescription
Atorvastatin,Anxiolytic/Benzodiazepine,Inhaler,50mcg,Amgen,Inflammation and autoimmune disorders,Prescription
Famotidine,Antiplatelet,Chewable Tablet,2%,P&G,Minor cuts and skin protection,Over-the-Counter
Doxycycline,Anticoagulant,Injection,1mg,Novartis,Anxiety and panic disorders,Prescription
Clotrimazole,Acne Treatment,Liquid,20mg,Pfizer,Minor pain and itching relief,Over-the-Counter
Salicylic Acid,Analgesic,Cream,250mg,3M Healthcare,GERD and peptic ulcer,Over-the-Counter
Zinc Oxide,Topical Anesthetic,Lozenge,500mg,Sanofi,Cough suppression,Over-the-Counter
Meclizine,Antihistamine,Patch,125mg,P&G,Skin inflammation and itching,Over-the-Counter
Lidocaine Cream,Antiplatelet,Tablet,20mg,Unilever,Motion sickness and nausea,Over-the-Counter
Clopidogrel,Leukotriene Inhibitor,IV Infusion,400mcg,Pfizer,Bacterial infections treatment,Prescription
Clopidogrel,Beta Blocker,Patch,25mg,Novartis,Edema and hypertension,Prescription
Oxycodone,Anticonvulsant,Inhaler,200mg,Roche,Inflammation and autoimmune disorders,Prescription
Pregabalin,Thyroid Hormone,Inhaler,100mcg,Johnson & Johnson,Fungal infections treatment,Prescription
Albuterol,ARB,Liquid,100mcg,Merck,Anxiety and panic disorders,Prescription
Metformin,Antidepressant/SSRI,Extended Release Tablet,250mg,Sanofi,Hypertension management,Prescription
Ciprofloxacin,Bronchodilator,Inhaler,200mcg,Novartis,Depression and anxiety disorders,Prescription
Warfarin,Anticonvulsant,Capsule,250mg,Boehringer Ingelheim,Hypertension and heart failure,Prescription
Neosporin,Antacid/H2 Blocker,Tablet,10mg,3M Healthcare,Heartburn and acid reflux,Over-the-Counter
Magnesium Hydroxide,Topical Antibiotic,Patch,325mg,GSK,Heartburn and indigestion,Over-the-Counter
Metformin,Antifungal,Injection,5mg,GlaxoSmithKline,Depression and anxiety disorders,Prescription
Zinc Oxide,Analgesic,Spray,2%,Bayer,Motion sickness and nausea,Over-the-Counter
Montelukast,Diuretic,Patch,1mg,Bristol-Myers Squibb,Type 2 diabetes management,Prescription
Zinc Oxide,Skin Protectant,Lozenge,5%,Johnson & Johnson,Heartburn and acid reflux,Over-the-Counter
Trimethoprim,Leukotriene Inhibitor,Inhaler,500mg,GlaxoSmithKline,Edema and hypertension,Prescription
Omeprazole,Antifungal,Capsule,10mg,Reckitt,Allergic rhinitis and hives,Over-the-Counter
Clopidogrel,Leukotriene Inhibitor,Tablet,2mg,Johnson & Johnson,Hypertension and heart failure,Prescription
Fluoxetine,Statin,Sublingual Tablet,25mg,Abbott,Heart attack and stroke prevention,Prescription
Trimethoprim,Calcium Channel Blocker,Nasal Spray,50mcg,Roche,Type 2 diabetes management,Prescription
Loratadine,Antiflatulent,Liquid,5mg,3M Healthcare,Minor cuts and skin protection,Over-the-Counter
Azithromycin,Thyroid Hormone,Patch,50mg,Pfizer,Type 2 diabetes management,Prescription
Calcium Carbonate,Skin Protectant,Lozenge,50mg,Bayer,Skin inflammation and itching,Over-the-Counter
Zinc Oxide,Topical Anesthetic,Chewable Tablet,2%,GSK,Chest congestion and mucus relief,Over-the-Counter
Aspirin,Topical Corticosteroid,Drops,1%,GSK,Fungal skin infections,Over-the-Counter
Pseudoephedrine,Antiflatulent,Drops,5%,Chattem,GERD and peptic ulcer,Over-the-Counter
Warfarin,Antiplatelet,Sublingual Tablet,10mg,Amgen,Bacterial infections treatment,Prescription
Doxycycline,Bronchodilator,Topical Solution,150mg,Sanofi,Heart attack and stroke prevention,Prescription
Clopidogrel,Diuretic,Inhaler,150mg,Amgen,Edema and hypertension,Prescription
Metronidazole,ACE Inhibitor,Injection,150mg,Johnson & Johnson,Inflammation and autoimmune disorders,Prescription
Meclizine,Analgesic,Chewable Tablet,2%,P&G,Heartburn and indigestion,Over-the-Counter
Hydrocodone,Anxiolytic/Benzodiazepine,Topical Solution,250mg,Eli Lilly,Hypertension management,Prescription
Dexamethasone,Anticonvulsant,Tablet,200mg,Abbott,Type 2 diabetes management,Prescription
Metformin,Anxiolytic/Benzodiazepine,Topical Solution,1mg,Roche,Heart attack and stroke prevention,Prescription
Omeprazole,Antacid,Lozenge,250mg,GSK,Gas and bloating relief,Over-the-Counter
Miconazole,Analgesic,Drops,50mg,Bayer,Skin inflammation and itching,Over-the-Counter
Aspirin,Antacid/PPI,Lozenge,5%,Sanofi,Allergic rhinitis and hives,Over-the-Counter
Loratadine,Cough Suppressant,Drops,325mg,Johnson & Johnson,Constipation relief,Over-the-Counter
Oxycodone,Anticoagulant,Extended Release Tablet,1000mg,Amgen,Inflammation and autoimmune disorders,Prescription
Loratadine,Topical Anesthetic,Liquid,20mg,P&G,Skin inflammation and itching,Over-the-Counter
Bismuth Subsalicylate,Antacid,Chewable Tablet,500mg,GSK,Nasal congestion relief,Over-the-Counter
Omeprazole,Topical Anesthetic,Drops,325mg,Chattem,Heartburn and indigestion,Over-the-Counter
Doxycycline,Diuretic,Liquid,5mg,Boehringer Ingelheim,Hypertension management,Prescription
Pantoprazole,Antiplatelet,Inhaler,0.25mg,AstraZeneca,High cholesterol management,Prescription
Ibuprofen,Acne Treatment,Patch,20mg,Johnson & Johnson,Gas and bloating relief,Over-the-Counter
Lidocaine Cream,Skin Protectant,Liquid,2%,Novartis,Nasal congestion relief,Over-the-Counter
Losartan,PPI,Injection,250mg,Eli Lilly,Hypertension and heart failure,Prescription
Bacitracin,Topical Anesthetic,Powder,250mg,Prestige Brands,Minor pain and itching relief,Over-the-Counter
Naproxen,Topical Anesthetic,Powder,50mg,GSK,Gas and bloating relief,Over-the-Counter
Sertraline,Antifungal,Inhaler,75mg,Gilead Sciences,Moderate to severe pain management,Prescription
Lisinopril,Antiplatelet,Extended Release Tablet,1mg,AstraZeneca,Hypertension and heart failure,Prescription
Ranitidine,Acne Treatment,Gel,500mg,Sanofi,Allergic rhinitis and hives,Over-the-Counter
Pregabalin,ACE Inhibitor,Patch,50mcg,Roche,Moderate to severe pain management,Prescription
Ranitidine,Antacid/PPI,Chewable Tablet,325mg,Johnson & Johnson,Constipation relief,Over-the-Counter
Alprazolam,Statin,Injection,1mg,GlaxoSmithKline,Asthma and bronchospasm,Prescription
Atorvastatin,ACE Inhibitor,Tablet,50mg,Pfizer,Blood clot prevention,Prescription
Ciprofloxacin,Anticonvulsant,Injection,10mg,Amgen,High cholesterol management,Prescription
Amlodipine,Antidiabetic,Extended Release Tablet,400mcg,Amgen,Hypertension and heart failure,Prescription
Oxycodone,Antibiotic,Liquid,75mg,Merck,Fungal infections treatment,Prescription
Famotidine,Antiflatulent,Capsule,20mg,Prestige Brands,Constipation relief,Over-the-Counter
Prednisone,Antidiabetic,Injection,200mcg,GlaxoSmithKline,Hypertension and angina,Prescription
Albuterol,Anticoagulant,IV Infusion,250mg,AstraZeneca,Epilepsy and neuropathic pain,Prescription
Clotrimazole,Antiemetic,Ointment,5%,Bayer,Gas and bloating relief,Over-the-Counter
Warfarin,Opioid Analgesic,Liquid,250mg,Roche,Fungal infections treatment,Prescription
Aspirin,Sleep Aid,Capsule,5mg,Novartis,Diarrhea treatment,Over-the-Counter
Omeprazole,Topical Anesthetic,Drops,5mg,Pfizer,Minor cuts and skin protection,Over-the-Counter
Ciprofloxacin,Antidepressant/SSRI,Inhaler,50mg,GlaxoSmithKline,Hypertension and heart failure,Prescription
Loratadine,Skin Protectant,Drops,5mg,3M Healthcare,Minor wound infection prevention,Over-the-Counter
Metronidazole,Beta Blocker,Sublingual Tablet,50mcg,Sanofi,Edema and hypertension,Prescription
Aspirin,Antiemetic,Spray,25mg,3M Healthcare,Fungal skin infections,Over-the-Counter
Simethicone,Antacid,Tablet,5%,3M Healthcare,Allergic rhinitis and hives,Over-the-Counter
Levothyroxine,Antibiotic,Liquid,75mg,Johnson & Johnson,Asthma and allergic rhinitis,Prescription
Montelukast,Diuretic,Nasal Spray,10mg,Boehringer Ingelheim,Type 2 diabetes management,Prescription
Hydrocodone,Antidepressant/SSRI,Extended Release Tablet,500mg,Gilead Sciences,Fungal infections treatment,Prescription
Amoxicillin,Leukotriene Inhibitor,IV Infusion,100mcg,AstraZeneca,Hypertension and heart failure,Prescription
Alprazolam,Opioid Analgesic,Inhaler,1mg,Eli Lilly,GERD and peptic ulcer disease,Prescription
Trimethoprim,Beta Blocker,Injection,2mg,Roche,Hypertension and angina,Prescription
Pregabalin,ACE Inhibitor,Inhaler,10mg,Abbott,Hypertension and heart failure,Prescription
Diphenhydramine,Antiplatelet,Powder,5mg,Novartis,Heartburn and acid reflux,Over-the-Counter
Loratadine,Cough Suppressant,Lozenge,250mg,Johnson & Johnson,Skin inflammation and itching,Over-the-Counter
Doxycycline,Anticonvulsant,Injection,150mg,Johnson & Johnson,Asthma and bronchospasm,Prescription
Bacitracin,Antidiarrheal,Gel,125mg,Prestige Brands,Minor cuts and skin protection,Over-the-Counter
Amoxicillin,Corticosteroid,Topical Solution,20mg,Abbott,GERD and peptic ulcer disease,Prescription
Benzoyl Peroxide,Antiflatulent,Chewable Tablet,325mg,Prestige Brands,Acne treatment,Over-the-Counter
Pregabalin,Antidiabetic,Patch,5mg,Johnson & Johnson,Moderate to severe pain management,Prescription
Pantoprazole,Antidiabetic,Liquid,20mg,Novartis,Epilepsy and neuropathic pain,Prescription
Albuterol,Anxiolytic/Benzodiazepine,Inhaler,200mcg,Pfizer,Depression and anxiety disorders,Prescription
Hydrocodone,ARB,Injection,500mg,Boehringer Ingelheim,Bacterial infections treatment,Prescription
Pregabalin,Opioid Analgesic,Suppository,75mg,Amgen,Asthma and allergic rhinitis,Prescription
Clopidogrel,ACE Inhibitor,Tablet,150mg,Amgen,Heart attack and stroke prevention,Prescription
Salicylic Acid,Antifungal,Spray,50mg,Reckitt,Motion sickness and nausea,Over-the-Counter
Bismuth Subsalicylate,Antiplatelet,Patch,5mg,Reckitt,Cough suppression,Over-the-Counter
Sertraline,Anxiolytic/Benzodiazepine,Extended Release Tablet,20mg,GlaxoSmithKline,High cholesterol management,Prescription
Metronidazole,Opioid Analgesic,Patch,5mg,AstraZeneca,Hypertension and heart failure,Prescription
Warfarin,Anticoagulant,Nasal Spray,150mg,Bristol-Myers Squibb,Hypothyroidism treatment,Prescription
Bismuth Subsalicylate,Antacid,Gel,2%,Bayer,Pain relief and fever reduction,Over-the-Counter
Furosemide,Bronchodilator,Patch,500mg,Novartis,Asthma and allergic rhinitis,Prescription
Aspirin,Laxative,Patch,50mg,GSK,Nasal congestion relief,Over-the-Counter
Naproxen,Antiflatulent,Patch,5mg,GSK,GERD and peptic ulcer,Over-the-Counter
Amlodipine,Calcium Channel Blocker,Suppository,200mcg,Eli Lilly,Heart attack and stroke prevention,Prescription
Pregabalin,Anxiolytic/Benzodiazepine,Capsule,2mg,Roche,Anxiety and panic disorders,Prescription
Omeprazole,Acne Treatment,Chewable Tablet,5mg,Sanofi,Heartburn and acid reflux,Over-the-Counter
Hydrocodone,Diuretic,Topical Solution,100mg,Novartis,Bacterial infections treatment,Prescription
Ranitidine,Antiemetic,Capsule,325mg,Reckitt,Heartburn and indigestion,Over-the-Counter
Magnesium Hydroxide,Topical Anesthetic,Liquid,150mg,Prestige Brands,Skin inflammation and itching,Over-the-Counter
Pregabalin,Anticonvulsant,Sublingual Tablet,50mcg,Sanofi,Hypertension and heart failure,Prescription
Amlodipine,ACE Inhibitor,Nasal Spray,50mg,Novartis,Asthma and bronchospasm,Prescription
Levothyroxine,Corticosteroid,Topical Solution,75mg,Novartis,Edema and hypertension,Prescription
Dexamethasone,Diuretic,Liquid,1mg,Novartis,Anxiety and panic disorders,Prescription
Neosporin,Cough Suppressant,Patch,400mg,Unilever,Allergic rhinitis and hives,Over-the-Counter
Bacitracin,Antihistamine,Chewable Tablet,5%,P&G,Chest congestion and mucus relief,Over-the-Counter
Fluoxetine,Anticoagulant,Inhaler,100mcg,Bristol-Myers Squibb,Moderate to severe pain management,Prescription
Trimethoprim,Anticonvulsant,Extended Release Tablet,50mg,Merck,Heart attack and stroke prevention,Prescription
Prednisone,PPI,Patch,200mg,Johnson & Johnson,Hypertension and heart failure,Prescription
Zinc Oxide,Antiplatelet,Lozenge,150mg,Johnson & Johnson,Insomnia and sleep aid,Over-the-Counter
Trimethoprim,Statin,Liquid,0.25mg,AstraZeneca,Hypertension and angina,Prescription
Metformin,Antidiabetic,Inhaler,400mcg,Johnson & Johnson,Anxiety and panic disorders,Prescription
Calcium Carbonate,Expectorant,Spray,500mg,Johnson & Johnson,Minor cuts and skin protection,Over-the-Counter
Aluminum Hydroxide,Antiemetic,Drops,2%,Johnson & Johnson,Fungal skin infections,Over-the-Counter
Loperamide,Antihistamine,Lozenge,1%,P&G,Skin inflammation and itching,Over-the-Counter
Prednisone,Antidepressant/SSRI,Topical Solution,5mg,AstraZeneca,Bacterial infections treatment,Prescription
Lisinopril,Calcium Channel Blocker,IV Infusion,50mg,Novartis,Hypothyroidism treatment,Prescription
Benzoyl Peroxide,Decongestant,Tablet,1%,3M Healthcare,Heartburn and acid reflux,Over-the-Counter
Zinc Oxide,Antiplatelet,Capsule,5mg,Reckitt,Insomnia and sleep aid,Over-the-Counter
Bacitracin,Acne Treatment,Gel,1%,3M Healthcare,Cough suppression,Over-the-Counter
Famotidine,Decongestant,Ointment,150mg,Novartis,Minor wound infection prevention,Over-the-Counter
Famotidine,Expectorant,Tablet,125mg,Bayer,Skin inflammation and itching,Over-the-Counter
Furosemide,Calcium Channel Blocker,IV Infusion,1mg,Abbott,Fungal infections treatment,Prescription
Pantoprazole,Anxiolytic/Benzodiazepine,Sublingual Tablet,100mg,Abbott,High cholesterol management,Prescription
Meclizine,Antiflatulent,Capsule,2%,Prestige Brands,Heartburn and acid reflux,Over-the-Counter
Clindamycin,ARB,Injection,500mg,Novartis,GERD and peptic ulcer disease,Prescription
Montelukast,Antidepressant/SSRI,Liquid,400mcg,Novartis,Hypertension and angina,Prescription
Aspirin,Antihistamine,Ointment,500mg,Chattem,Blood clot prevention,Over-the-Counter
Warfarin,Anxiolytic/Benzodiazepine,Topical Solution,75mg,GlaxoSmithKline,Hypertension and angina,Prescription
Zinc Oxide,Sleep Aid,Drops,20mg,Bayer,Constipation relief,Over-the-Counter
Ciprofloxacin,ACE Inhibitor,Inhaler,0.5mg,Abbott,Blood clot prevention,Prescription
Gabapentin,Antidepressant/SSRI,Capsule,1000mg,Gilead Sciences,Blood clot prevention,Prescription
Hydrocortisone Cream,Decongestant,Cream,5mg,Novartis,Skin inflammation and itching,Over-the-Counter
Acetaminophen,Expectorant,Tablet,25mg,Prestige Brands,Diarrhea treatment,Over-the-Counter
Ibuprofen,Decongestant,Cream,5mg,Prestige Brands,Nasal congestion relief,Over-the-Counter
Meclizine,Laxative,Powder,100mg,3M Healthcare,Gas and bloating relief,Over-the-Counter
Trimethoprim,Diuretic,Patch,200mcg,Gilead Sciences,Asthma and allergic rhinitis,Prescription
Meclizine,Skin Protectant,Gel,2%,Bayer,Diarrhea treatment,Over-the-Counter
Metoprolol,Antidiabetic,Tablet,100mcg,Novartis,Anxiety and panic disorders,Prescription
Hydrocortisone Cream,Expectorant,Ointment,400mg,Novartis,Minor wound infection prevention,Over-the-Counter
Omeprazole,Antiflatulent,Capsule,1%,Unilever,Blood clot prevention,Over-the-Counter
Doxycycline,ACE Inhibitor,Tablet,500mg,Abbott,Edema and hypertension,Prescription
Aluminum Hydroxide,Skin Protectant,Tablet,10mg,GSK,Insomnia and sleep aid,Over-the-Counter
Losartan,Antidepressant/SSRI,Injection,0.5mg,Gilead Sciences,Hypertension management,Prescription
Metformin,Anxiolytic/Benzodiazepine,Patch,1mg,Pfizer,Depression and anxiety disorders,Prescription
Pseudoephedrine,Skin Protectant,Drops,500mg,P&G,Minor pain and itching relief,Over-the-Counter
Sertraline,Opioid Analgesic,IV Infusion,1000mg,Eli Lilly,Inflammation and autoimmune disorders,Prescription
Zinc Oxide,Antihistamine,Chewable Tablet,2%,Reckitt,Acne treatment,Over-the-Counter
Warfarin,Beta Blocker,Sublingual Tablet,50mcg,Boehringer Ingelheim,Anxiety and panic disorders,Prescription
Hydrocodone,Antiplatelet,Sublingual Tablet,400mcg,Roche,Depression and anxiety disorders,Prescription
Atorvastatin,Bronchodilator,Injection,1000mg,Gilead Sciences,Asthma and bronchospasm,Prescription
Clindamycin,ACE Inhibitor,Patch,50mcg,Eli Lilly,Moderate to severe pain management,Prescription
Fluoxetine,Thyroid Hormone,Liquid,50mcg,Abbott,Depression and anxiety disorders,Prescription
Loratadine,Antacid/H2 Blocker,Capsule,100mg,Bayer,Constipation relief,Over-the-Counter
Losartan,ACE Inhibitor,Capsule,1000mg,Sanofi,Hypertension management,Prescription
Clindamycin,Antidiabetic,Patch,2mg,GlaxoSmithKline,Hypothyroidism treatment,Prescription
Montelukast,Bronchodilator,IV Infusion,0.25mg,Eli Lilly,Blood clot prevention,Prescription
Trimethoprim,PPI,Suppository,400mcg,Johnson & Johnson,Hypertension and heart failure,Prescription
Amoxicillin,Corticosteroid,Capsule,1000mg,Gilead Sciences,Fungal infections treatment,Prescription
Zinc Oxide,Antacid/PPI,Patch,325mg,Prestige Brands,Pain relief and fever reduction,Over-the-Counter
Atorvastatin,Antiplatelet,Liquid,1000mg,Johnson & Johnson,Asthma and allergic rhinitis,Prescription
Loratadine,Cough Suppressant,Gel,500mg,P&G,Gas and bloating relief,Over-the-Counter
Magnesium Hydroxide,Laxative,Patch,325mg,Prestige Brands,Cough suppression,Over-the-Counter
Bacitracin,Cough Suppressant,Tablet,2%,Reckitt,Heartburn and acid reflux,Over-the-Counter
Clotrimazole,Skin Protectant,Chewable Tablet,200mg,Sanofi,Insomnia and sleep aid,Over-the-Counter
Azithromycin,Thyroid Hormone,Tablet,150mg,Sanofi,Hypertension and heart failure,Prescription
Aluminum Hydroxide,Antiplatelet,Spray,5mg,Johnson & Johnson,Skin inflammation and itching,Over-the-Counter
Bacitracin,Antacid/PPI,Drops,250mg,3M Healthcare,Diarrhea treatment,Over-the-Counter
Metoprolol,Anxiolytic/Benzodiazepine,Liquid,50mcg,Abbott,Asthma and bronchospasm,Prescription
Salicylic Acid,Antiflatulent,Lozenge,5%,Unilever,Constipation relief,Over-the-Counter
Alprazolam,Opioid Analgesic,Topical Solution,1mg,Abbott,Depression and anxiety disorders,Prescription
Aspirin,Sleep Aid,Drops,10mg,Pfizer,Motion sickness and nausea,Over-the-Counter
Bacitracin,Cough Suppressant,Tablet,500mg,Bayer,Insomnia and sleep aid,Over-the-Counter
Pseudoephedrine,Expectorant,Cream,50mg,Novartis,Fungal skin infections,Over-the-Counter
Neosporin,Skin Protectant,Ointment,2%,Johnson & Johnson,Motion sickness and nausea,Over-the-Counter
Neosporin,Topical Corticosteroid,Chewable Tablet,20mg,Novartis,Chest congestion and mucus relief,Over-the-Counter
Omeprazole,Expectorant,Chewable Tablet,150mg,Pfizer,Fungal skin infections,Over-the-Counter
Montelukast,ACE Inhibitor,Inhaler,10mg,GlaxoSmithKline,Hypertension and heart failure,Prescription
Lisinopril,Calcium Channel Blocker,Liquid,50mcg,Amgen,Heart attack and stroke prevention,Prescription
Warfarin,Opioid Analgesic,Injection,5mg,Eli Lilly,Asthma and bronchospasm,Prescription
Amoxicillin,ACE Inhibitor,Capsule,1000mg,Sanofi,Asthma and allergic rhinitis,Prescription
Azithromycin,Beta Blocker,Injection,200mg,Eli Lilly,Bacterial infections treatment,Prescription
Metronidazole,Antiplatelet,Suppository,1000mg,Merck,Hypertension and heart failure,Prescription
Fluoxetine,Anticoagulant,Inhaler,75mg,Novartis,High cholesterol management,Prescription
Metoprolol,PPI,Topical Solution,1000mg,Merck,Heart attack and stroke prevention,Prescription
Losartan,PPI,Extended Release Tablet,100mcg,Gilead Sciences,Hypertension and heart failure,Prescription
Lisinopril,Antiplatelet,Extended Release Tablet,25mg,Gilead Sciences,High cholesterol management,Prescription
Meclizine,Acne Treatment,Lozenge,125mg,P&G,Minor wound infection prevention,Over-the-Counter
Metformin,Leukotriene Inhibitor,Topical Solution,2mg,Sanofi,Asthma and bronchospasm,Prescription
Neosporin,Analgesic,Patch,10mg,Pfizer,Minor wound infection prevention,Over-the-Counter
Gabapentin,Anxiolytic/Benzodiazepine,Nasal Spray,0.25mg,Johnson & Johnson,Hypertension management,Prescription
Metoprolol,Opioid Analgesic,Tablet,1000mg,Sanofi,Asthma and bronchospasm,Prescription
Aluminum Hydroxide,Antiemetic,Gel,150mg,P&G,Fungal skin infections,Over-the-Counter
Lisinopril,Beta Blocker,IV Infusion,75mg,Eli Lilly,Edema and hypertension,Prescription
Hydrocortisone Cream,Antidiarrheal,Tablet,1%,Chattem,Heartburn and acid reflux,Over-the-Counter
Aluminum Hydroxide,Antifungal,Lozenge,500mg,Pfizer,Blood clot prevention,Over-the-Counter
Metformin,Anticoagulant,Injection,200mcg,Johnson & Johnson,Asthma and allergic rhinitis,Prescription
Pregabalin,Calcium Channel Blocker,Nasal Spray,0.5mg,Johnson & Johnson,Epilepsy and neuropathic pain,Prescription
Escitalopram,Calcium Channel Blocker,Extended Release Tablet,100mcg,Novartis,Asthma and allergic rhinitis,Prescription
Lidocaine Cream,Antacid/PPI,Ointment,5%,Chattem,Heartburn and acid reflux,Over-the-Counter
Ibuprofen,Antiemetic,Spray,1%,Chattem,Diarrhea treatment,Over-the-Counter
Metformin,ACE Inhibitor,Extended Release Tablet,10mg,AstraZeneca,Hypertension and heart failure,Prescription
Clotrimazole,Antidiarrheal,Liquid,25mg,Unilever,Acne treatment,Over-the-Counter
Metronidazole,ACE Inhibitor,Suppository,50mg,GlaxoSmithKline,Inflammation and autoimmune disorders,Prescription
Warfarin,Anticoagulant,Extended Release Tablet,2mg,AstraZeneca,Bacterial infections treatment,Prescription
Metronidazole,Statin,Patch,400mcg,Johnson & Johnson,Anxiety and panic disorders,Prescription
Famotidine,Sleep Aid,Patch,250mg,Unilever,Minor cuts and skin protection,Over-the-Counter
Clindamycin,Leukotriene Inhibitor,Suppository,50mcg,Gilead Sciences,Edema and hypertension,Prescription
Atorvastatin,Antidepressant/SSRI,Liquid,75mg,GlaxoSmithKline,High cholesterol management,Prescription
Losartan,Calcium Channel Blocker,Suppository,500mg,Merck,Edema and hypertension,Prescription
Cetirizine,Skin Protectant,Patch,325mg,3M Healthcare,Minor pain and itching relief,Over-the-Counter
Lidocaine Cream,Antacid,Cream,200mg,Pfizer,Blood clot prevention,Over-the-Counter
Sertraline,ACE Inhibitor,Tablet,75mg,Boehringer Ingelheim,Moderate to severe pain management,Prescription
Metoprolol,PPI,Injection,100mg,Novartis,Asthma and bronchospasm,Prescription
Pantoprazole,Antidiabetic,Capsule,400mcg,Bristol-Myers Squibb,Hypertension and heart failure,Prescription
Clindamycin,Anticonvulsant,Liquid,200mcg,GlaxoSmithKline,Hypothyroidism treatment,Prescription
Doxycycline,Statin,Capsule,50mcg,Abbott,Hypertension and heart failure,Prescription
Albuterol,Calcium Channel Blocker,IV Infusion,0.5mg,Eli Lilly,Asthma and allergic rhinitis,Prescription
Sertraline,Antidepressant/SSRI,Tablet,150mg,Roche,Hypertension and heart failure,Prescription
Guaifenesin,Analgesic,Tablet,5%,Novartis,Blood clot prevention,Over-the-Counter
Amoxicillin,Antiplatelet,IV Infusion,50mg,Amgen,Anxiety and panic disorders,Prescription
Doxycycline,Antidepressant/SSRI,Inhaler,100mcg,Sanofi,High cholesterol management,Prescription
Dexamethasone,Antidiabetic,Liquid,100mcg,AstraZeneca,Depression and anxiety disorders,Prescription
Oxycodone,Opioid Analgesic,Nasal Spray,200mg,GlaxoSmithKline,Asthma and bronchospasm,Prescription
Sertraline,Antifungal,Inhaler,500mg,Bristol-Myers Squibb,Depression and anxiety disorders,Prescription
Prednisone,Beta Blocker,Liquid,50mg,Merck,Hypertension and heart failure,Prescription
Hydrocodone,Calcium Channel Blocker,Tablet,50mcg,Novartis,Blood clot prevention,Prescription
Levothyroxine,PPI,Injection,200mg,Novartis,Hypertension and heart failure,Prescription
Sertraline,Antidepressant/SSRI,Tablet,5mg,Novartis,Asthma and allergic rhinitis,Prescription
Fluoxetine,Opioid Analgesic,Suppository,75mg,Novartis,Moderate to severe pain management,Prescription
Neosporin,Antiplatelet,Lozenge,25mg,Sanofi,Motion sickness and nausea,Over-the-Counter
Salicylic Acid,Analgesic,Lozenge,400mg,Sanofi,Insomnia and sleep aid,Over-the-Counter
Oxycodone,Thyroid Hormone,Capsule,200mg,AstraZeneca,Asthma and allergic rhinitis,Prescription
Losartan,Antifungal,Suppository,10mg,AstraZeneca,Edema and hypertension,Prescription
Pregabalin,PPI,Sublingual Tablet,75mg,Boehringer Ingelheim,Hypothyroidism treatment,Prescription
Magnesium Hydroxide,Antiplatelet,Cream,325mg,Unilever,Gas and bloating relief,Over-the-Counter
Magnesium Hydroxide,Topical Antibiotic,Cream,25mg,Chattem,Nasal congestion relief,Over-the-Counter
Acetaminophen,Antacid/H2 Blocker,Cream,2%,Reckitt,Skin inflammation and itching,Over-the-Counter
Neosporin,Expectorant,Powder,400mg,Prestige Brands,Allergic rhinitis and hives,Over-the-Counter
Furosemide,Anxiolytic/Benzodiazepine,Topical Solution,50mg,Eli Lilly,GERD and peptic ulcer disease,Prescription
Lidocaine Cream,Acne Treatment,Chewable Tablet,200mg,Prestige Brands,Cough suppression,Over-the-Counter
Miconazole,Analgesic,Lozenge,250mg,Reckitt,Skin inflammation and itching,Over-the-Counter
Aspirin,Antiplatelet,Capsule,2%,Bayer,Gas and bloating relief,Over-the-Counter
Pseudoephedrine,Skin Protectant,Tablet,5%,GSK,Gas and bloating relief,Over-the-Counter
Metformin,Anxiolytic/Benzodiazepine,Extended Release Tablet,150mg,Merck,Inflammation and autoimmune disorders,Prescription
Amlodipine,Beta Blocker,Topical Solution,1mg,Roche,Hypertension and heart failure,Prescription
Ciprofloxacin,Corticosteroid,Nasal Spray,0.25mg,AstraZeneca,Hypertension and angina,Prescription
Ranitidine,Antiflatulent,Cream,325mg,3M Healthcare,Constipation relief,Over-the-Counter
Trimethoprim,ACE Inhibitor,Suppository,150mg,Boehringer Ingelheim,Anxiety and panic disorders,Prescription
Dexamethasone,ACE Inhibitor,Inhaler,1000mg,Bristol-Myers Squibb,Hypertension and angina,Prescription
Benzoyl Peroxide,Analgesic,Patch,150mg,GSK,Minor wound infection prevention,Over-the-Counter
Clindamycin,ACE Inhibitor,Inhaler,5mg,Johnson & Johnson,Hypothyroidism treatment,Prescription
Pantoprazole,Calcium Channel Blocker,Sublingual Tablet,1000mg,Amgen,Asthma and bronchospasm,Prescription
Dextromethorphan,Expectorant,Spray,5%,Reckitt,Chest congestion and mucus relief,Over-the-Counter
Pseudoephedrine,Antiplatelet,Lozenge,2%,Reckitt,Heartburn and indigestion,Over-the-Counter
Clotrimazole,Antidiarrheal,Patch,150mg,Pfizer,Minor cuts and skin protection,Over-the-Counter
Famotidine,Antiflatulent,Drops,20mg,Pfizer,Acne treatment,Over-the-Counter
Dexamethasone,Diuretic,Inhaler,2mg,Gilead Sciences,Hypothyroidism treatment,Prescription
Pregabalin,Antidepressant/SSRI,Suppository,250mg,Boehringer Ingelheim,GERD and peptic ulcer disease,Prescription
Bacitracin,Antidiarrheal,Lozenge,100mg,Unilever,Blood clot prevention,Over-the-Counter
Dexamethasone,ARB,IV Infusion,5mg,Amgen,Heart attack and stroke prevention,Prescription
Magnesium Hydroxide,Analgesic,Cream,25mg,Sanofi,Chest congestion and mucus relief,Over-the-Counter
Amlodipine,Antidiabetic,Capsule,400mcg,Amgen,Asthma and bronchospasm,Prescription
Bacitracin,Expectorant,Gel,5%,GSK,Acne treatment,Over-the-Counter
Clindamycin,Anxiolytic/Benzodiazepine,Extended Release Tablet,20mg,AstraZeneca,Anxiety and panic disorders,Prescription
Miconazole,Antiflatulent,Cream,150mg,GSK,Minor cuts and skin protection,Over-the-Counter
Pregabalin,Statin,Suppository,500mg,Abbott,GERD and peptic ulcer disease,Prescription
Warfarin,Antidiabetic,Extended Release Tablet,200mcg,Roche,Depression and anxiety disorders,Prescription
Alprazolam,Anxiolytic/Benzodiazepine,Liquid,500mg,Boehringer Ingelheim,High cholesterol management,Prescription
Doxycycline,Anxiolytic/Benzodiazepine,Nasal Spray,1000mg,Amgen,Hypertension management,Prescription
Miconazole,Antiemetic,Patch,20mg,3M Healthcare,Chest congestion and mucus relief,Over-the-Counter
Famotidine,Acne Treatment,Lozenge,200mg,Chattem,Gas and bloating relief,Over-the-Counter
Zinc Oxide,Laxative,Cream,325mg,Pfizer,Cough suppression,Over-the-Counter
Clindamycin,Antifungal,Patch,75mg,Gilead Sciences,Hypertension and heart failure,Prescription
Amoxicillin,Corticosteroid,Patch,25mg,Pfizer,Hypertension and angina,Prescription
Gabapentin,PPI,Capsule,2mg,GlaxoSmithKline,Hypertension and angina,Prescription
Omeprazole,Topical Antibiotic,Capsule,125mg,Pfizer,Motion sickness and nausea,Over-the-Counter
Metronidazole,Statin,Nasal Spray,1mg,Roche,Edema and hypertension,Prescription
Clotrimazole,Antiemetic,Chewable Tablet,10mg,GSK,Minor wound infection prevention,Over-the-Counter
Miconazole,Antihistamine,Lozenge,200mg,Novartis,Fungal skin infections,Over-the-Counter
Ranitidine,Antidiarrheal,Lozenge,5%,Bayer,Minor cuts and skin protection,Over-the-Counter
Meclizine,Antacid,Gel,1%,Novartis,Acne treatment,Over-the-Counter
Escitalopram,Opioid Analgesic,Sublingual Tablet,1mg,AstraZeneca,Moderate to severe pain management,Prescription
Naproxen,Decongestant,Spray,200mg,Unilever,Minor wound infection prevention,Over-the-Counter
Cetirizine,Topical Antibiotic,Chewable Tablet,1%,Johnson & Johnson,Diarrhea treatment,Over-the-Counter
Clotrimazole,Topical Anesthetic,Spray,2%,P&G,Constipation relief,Over-the-Counter
Dexamethasone,Antifungal,Sublingual Tablet,2mg,Merck,Fungal infections treatment,Prescription
Docusate Sodium,Antacid,Lozenge,500mg,Prestige Brands,Nasal congestion relief,Over-the-Counter
Bismuth Subsalicylate,Antacid/PPI,Liquid,20mg,P&G,Nasal congestion relief,Over-the-Counter
Calcium Carbonate,Antiplatelet,Chewable Tablet,5mg,Johnson & Johnson,Insomnia and sleep aid,Over-the-Counter
Pregabalin,Calcium Channel Blocker,Tablet,0.25mg,Gilead Sciences,Inflammation and autoimmune disorders,Prescription
Amlodipine,Antidepressant/SSRI,IV Infusion,2mg,Roche,Epilepsy and neuropathic pain,Prescription
Benzoyl Peroxide,Topical Anesthetic,Cream,200mg,Chattem,GERD and peptic ulcer,Over-the-Counter
Alprazolam,Beta Blocker,Patch,2mg,AstraZeneca,GERD and peptic ulcer disease,Prescription
Naproxen,Skin Protectant,Capsule,5mg,3M Healthcare,Motion sickness and nausea,Over-the-Counter
Ibuprofen,Decongestant,Tablet,200mg,Sanofi,Skin inflammation and itching,Over-the-Counter
Azithromycin,Statin,Inhaler,50mg,Johnson & Johnson,Hypothyroidism treatment,Prescription
Sertraline,Antibiotic,Suppository,25mg,Gilead Sciences,Anxiety and panic disorders,Prescription
Diphenhydramine,Antihistamine,Chewable Tablet,325mg,Pfizer,Fungal skin infections,Over-the-Counter
Sertraline,Antidepressant/SSRI,Capsule,75mg,Bristol-Myers Squibb,Hypertension and heart failure,Prescription
Metronidazole,Diuretic,Tablet,0.25mg,Eli Lilly,Inflammation and autoimmune disorders,Prescription
Clopidogrel,Antibiotic,IV Infusion,10mg,Novartis,GERD and peptic ulcer disease,Prescription
Warfarin,Antifungal,IV Infusion,0.5mg,AstraZeneca,Hypertension and heart failure,Prescription
Bacitracin,Antidiarrheal,Cream,50mg,P&G,Insomnia and sleep aid,Over-the-Counter
Clindamycin,Anxiolytic/Benzodiazepine,Patch,100mcg,Eli Lilly,Depression and anxiety disorders,Prescription
Clopidogrel,Statin,Patch,1000mg,Johnson & Johnson,Asthma and bronchospasm,Prescription
Lidocaine Cream,Topical Corticosteroid,Powder,50mg,Prestige Brands,Nasal congestion relief,Over-the-Counter
Hydrocodone,PPI,Sublingual Tablet,100mcg,Johnson & Johnson,Hypertension and heart failure,Prescription
Magnesium Hydroxide,Analgesic,Patch,250mg,Reckitt,Acne treatment,Over-the-Counter
Gabapentin,Antiplatelet,Suppository,2mg,AstraZeneca,Edema and hypertension,Prescription
Montelukast,Corticosteroid,Liquid,100mg,Bristol-Myers Squibb,Epilepsy and neuropathic pain,Prescription
Calcium Carbonate,Antidiarrheal,Drops,400mg,3M Healthcare,Minor wound infection prevention,Over-the-Counter
Gabapentin,ACE Inhibitor,Liquid,250mg,Novartis,High cholesterol management,Prescription
Levothyroxine,Calcium Channel Blocker,Injection,2mg,Abbott,Depression and anxiety disorders,Prescription
Dexamethasone,Antifungal,Liquid,100mcg,Merck,Hypothyroidism treatment,Prescription
Hydrocodone,PPI,Inhaler,150mg,AstraZeneca,Blood clot prevention,Prescription
Levothyroxine,Leukotriene Inhibitor,Tablet,400mcg,Johnson & Johnson,Type 2 diabetes management,Prescription
Aluminum Hydroxide,Skin Protectant,Liquid,150mg,Bayer,Fungal skin infections,Over-the-Counter
Clotrimazole,Antiplatelet,Ointment,400mg,GSK,Pain relief and fever reduction,Over-the-Counter
Aspirin,Antidiarrheal,Capsule,1%,Johnson & Johnson,Fungal skin infections,Over-the-Counter
Benzoyl Peroxide,Expectorant,Gel,5mg,P&G,Heartburn and acid reflux,Over-the-Counter
Oxycodone,Diuretic,Topical Solution,1mg,Bristol-Myers Squibb,GERD and peptic ulcer disease,Prescription
Meclizine,Topical Anesthetic,Liquid,1%,Bayer,Nasal congestion relief,Over-the-Counter
Benzoyl Peroxide,Decongestant,Drops,25mg,Bayer,Constipation relief,Over-the-Counter
Amoxicillin,Beta Blocker,Suppository,5mg,Johnson & Johnson,Hypertension and heart failure,Prescription
Levothyroxine,Antidepressant/SSRI,Injection,500mg,Johnson & Johnson,Type 2 diabetes management,Prescription
Trimethoprim,Opioid Analgesic,Inhaler,50mg,Merck,Asthma and bronchospasm,Prescription
Hydrocortisone Cream,Antacid/PPI,Capsule,10mg,P&G,Chest congestion and mucus relief,Over-the-Counter
Bismuth Subsalicylate,Antihistamine,Lozenge,5%,GSK,Allergic rhinitis and hives,Over-the-Counter
Calcium Carbonate,Sleep Aid,Ointment,10mg,3M Healthcare,Fungal skin infections,Over-the-Counter
Oxycodone,Antidiabetic,Sublingual Tablet,0.5mg,GlaxoSmithKline,Depression and anxiety disorders,Prescription
Warfarin,Leukotriene Inhibitor,Extended Release Tablet,2mg,Pfizer,Bacterial infections treatment,Prescription
Gabapentin,Opioid Analgesic,IV Infusion,50mg,Bristol-Myers Squibb,Hypertension management,Prescription
Doxycycline,Anticonvulsant,IV Infusion,10mg,Eli Lilly,Asthma and allergic rhinitis,Prescription
Amoxicillin,Beta Blocker,Extended Release Tablet,250mg,AstraZeneca,Asthma and bronchospasm,Prescription
Acetaminophen,Antiflatulent,Chewable Tablet,150mg,Johnson & Johnson,Diarrhea treatment,Over-the-Counter
Escitalopram,Antidiabetic,Inhaler,500mg,Eli Lilly,Bacterial infections treatment,Prescription
Calcium Carbonate,Antacid/H2 Blocker,Lozenge,2%,Pfizer,Allergic rhinitis and hives,Over-the-Counter
Metronidazole,Antibiotic,Suppository,75mg,Pfizer,Moderate to severe pain management,Prescription
Salicylic Acid,Analgesic,Patch,100mg,Sanofi,Skin inflammation and itching,Over-the-Counter
Pantoprazole,Opioid Analgesic,Tablet,5mg,Sanofi,Hypertension and heart failure,Prescription
Bacitracin,Topical Anesthetic,Liquid,20mg,Unilever,Gas and bloating relief,Over-the-Counter
Furosemide,Anxiolytic/Benzodiazepine,Tablet,100mcg,Pfizer,Edema and hypertension,Prescription
Loperamide,Topical Corticosteroid,Cream,5%,Unilever,Nasal congestion relief,Over-the-Counter
Calcium Carbonate,Antiflatulent,Tablet,25mg,Reckitt,Chest congestion and mucus relief,Over-the-Counter
Doxycycline,Leukotriene Inhibitor,Injection,2mg,Boehringer Ingelheim,Epilepsy and neuropathic pain,Prescription
Amoxicillin,Bronchodilator,Suppository,25mg,Sanofi,Asthma and bronchospasm,Prescription
Clopidogrel,Corticosteroid,Patch,1000mg,Sanofi,Depression and anxiety disorders,Prescription
Neosporin,Antifungal,Drops,5%,Novartis,Allergic rhinitis and hives,Over-the-Counter
Lisinopril,ARB,IV Infusion,200mcg,GlaxoSmithKline,Depression and anxiety disorders,Prescription
Hydrocodone,Anticonvulsant,Topical Solution,2mg,Merck,Epilepsy and neuropathic pain,Prescription
Prednisone,Opioid Analgesic,Patch,0.5mg,Boehringer Ingelheim,Heart attack and stroke prevention,Prescription
Omeprazole,Sleep Aid,Ointment,1%,3M Healthcare,Allergic rhinitis and hives,Over-the-Counter
Benzoyl Peroxide,Skin Protectant,Cream,150mg,Pfizer,Fungal skin infections,Over-the-Counter
Pantoprazole,Antifungal,Extended Release Tablet,500mg,Abbott,Fungal infections treatment,Prescription
Dextromethorphan,Cough Suppressant,Capsule,25mg,Bayer,Constipation relief,Over-the-Counter
Levothyroxine,Anticonvulsant,Extended Release Tablet,10mg,Sanofi,Bacterial infections treatment,Prescription
Metformin,Corticosteroid,Capsule,1000mg,Johnson & Johnson,Type 2 diabetes management,Prescription
Loperamide,Laxative,Chewable Tablet,20mg,Prestige Brands,Constipation relief,Over-the-Counter
Dextromethorphan,Topical Antibiotic,Drops,100mg,GSK,Pain relief and fever reduction,Over-the-Counter
Ciprofloxacin,Calcium Channel Blocker,Inhaler,2mg,Johnson & Johnson,Anxiety and panic disorders,Prescription
Metoprolol,Antiplatelet,Inhaler,200mg,Abbott,Depression and anxiety disorders,Prescription
Pantoprazole,Anticonvulsant,Capsule,250mg,Roche,Hypothyroidism treatment,Prescription
Levothyroxine,ACE Inhibitor,Injection,100mg,Sanofi,Asthma and bronchospasm,Prescription
Salicylic Acid,Topical Antibiotic,Drops,500mg,Chattem,Acne treatment,Over-the-Counter
Metformin,Thyroid Hormone,IV Infusion,5mg,Eli Lilly,Anxiety and panic disorders,Prescription
Ciprofloxacin,Corticosteroid,Capsule,100mcg,Bristol-Myers Squibb,Depression and anxiety disorders,Prescription
Clotrimazole,Topical Antibiotic,Ointment,50mg,Pfizer,Minor wound infection prevention,Over-the-Counter
Benzoyl Peroxide,Antifungal,Lozenge,2%,Reckitt,Acne treatment,Over-the-Counter
Calcium Carbonate,Antacid/PPI,Liquid,5%,3M Healthcare,Motion sickness and nausea,Over-the-Counter
Lidocaine Cream,Sleep Aid,Patch,250mg,Chattem,Diarrhea treatment,Over-the-Counter
Salicylic Acid,Cough Suppressant,Spray,10mg,Bayer,Fungal skin infections,Over-the-Counter
Miconazole,Antiemetic,Gel,20mg,Pfizer,Minor pain and itching relief,Over-the-Counter
Aspirin,Topical Corticosteroid,Cream,200mg,Pfizer,Minor cuts and skin protection,Over-the-Counter
Prednisone,Antidepressant/SSRI,Nasal Spray,75mg,Roche,Type 2 diabetes management,Prescription
Amlodipine,ARB,Suppository,0.25mg,Eli Lilly,Hypertension and heart failure,Prescription
Metronidazole,Beta Blocker,Nasal Spray,0.5mg,Boehringer Ingelheim,Hypertension and angina,Prescription
Ranitidine,Antacid/H2 Blocker,Powder,50mg,Sanofi,Minor pain and itching relief,Over-the-Counter
Sertraline,ARB,Inhaler,50mg,GlaxoSmithKline,Asthma and bronchospasm,Prescription
Pseudoephedrine,Cough Suppressant,Powder,125mg,Bayer,Blood clot prevention,Over-the-Counter
Lisinopril,Antidiabetic,Inhaler,1000mg,GlaxoSmithKline,Hypertension and heart failure,Prescription
Clindamycin,Antiplatelet,Sublingual Tablet,0.25mg,Sanofi,Type 2 diabetes management,Prescription
Metformin,Corticosteroid,Inhaler,20mg,Abbott,Asthma and bronchospasm,Prescription
Cetirizine,Antihistamine,Drops,325mg,Reckitt,Blood clot prevention,Over-the-Counter
Bacitracin,Antiplatelet,Lozenge,125mg,Novartis,Heartburn and acid reflux,Over-the-Counter
Zinc Oxide,Expectorant,Drops,10mg,Unilever,Insomnia and sleep aid,Over-the-Counter
Naproxen,Antiplatelet,Liquid,5%,Unilever,Motion sickness and nausea,Over-the-Counter
Amlodipine,ARB,Injection,5mg,Abbott,Depression and anxiety disorders,Prescription
Albuterol,Opioid Analgesic,Tablet,100mcg,Novartis,Asthma and bronchospasm,Prescription
Furosemide,Beta Blocker,Injection,250mg,Johnson & Johnson,GERD and peptic ulcer disease,Prescription
Bismuth Subsalicylate,Laxative,Powder,25mg,Sanofi,GERD and peptic ulcer,Over-the-Counter
Omeprazole,Decongestant,Tablet,5mg,3M Healthcare,Motion sickness and nausea,Over-the-Counter
Gabapentin,ACE Inhibitor,Extended Release Tablet,1mg,Eli Lilly,Fungal infections treatment,Prescription
Ibuprofen,Topical Corticosteroid,Tablet,25mg,Prestige Brands,Blood clot prevention,Over-the-Counter
Levothyroxine,Antibiotic,Suppository,100mcg,Bristol-Myers Squibb,Anxiety and panic disorders,Prescription
Levothyroxine,Antidepressant/SSRI,Injection,1000mg,Gilead Sciences,Heart attack and stroke prevention,Prescription
Trimethoprim,Statin,Nasal Spray,0.25mg,Johnson & Johnson,Hypertension and heart failure,Prescription
Fluoxetine,Corticosteroid,Liquid,100mcg,Novartis,Inflammation and autoimmune disorders,Prescription
Benzoyl Peroxide,Acne Treatment,Capsule,5mg,Chattem,Insomnia and sleep aid,Over-the-Counter
Azithromycin,Antidiabetic,Extended Release Tablet,200mg,Merck,Inflammation and autoimmune disorders,Prescription
Pantoprazole,Antidepressant/SSRI,Extended Release Tablet,400mcg,Merck,Hypertension and angina,Prescription
Metformin,Calcium Channel Blocker,Inhaler,250mg,Sanofi,Asthma and bronchospasm,Prescription
Amlodipine,Leukotriene Inhibitor,Topical Solution,1mg,Novartis,Anxiety and panic disorders,Prescription
Amlodipine,Antifungal,Liquid,50mg,Eli Lilly,Asthma and bronchospasm,Prescription
Loratadine,Antacid/PPI,Chewable Tablet,25mg,Johnson & Johnson,Motion sickness and nausea,Over-the-Counter
Escitalopram,Thyroid Hormone,Inhaler,100mcg,Eli Lilly,Epilepsy and neuropathic pain,Prescription
Benzoyl Peroxide,Topical Anesthetic,Liquid,50mg,Reckitt,Constipation relief,Over-the-Counter
Azithromycin,Leukotriene Inhibitor,Injection,75mg,GlaxoSmithKline,Blood clot prevention,Prescription
Guaifenesin,Topical Anesthetic,Liquid,50mg,Reckitt,Heartburn and indigestion,Over-the-Counter
Albuterol,ACE Inhibitor,Suppository,100mg,Merck,Hypertension management,Prescription
Acetaminophen,Antiflatulent,Capsule,25mg,Chattem,Constipation relief,Over-the-Counter
Guaifenesin,Topical Antibiotic,Liquid,25mg,Novartis,Nasal congestion relief,Over-the-Counter
Gabapentin,Beta Blocker,Suppository,0.25mg,Johnson & Johnson,Depression and anxiety disorders,Prescription
Hydrocodone,Anxiolytic/Benzodiazepine,Capsule,10mg,Abbott,Type 2 diabetes management,Prescription
Lisinopril,Bronchodilator,Injection,2mg,Novartis,Type 2 diabetes management,Prescription
Lisinopril,Leukotriene Inhibitor,Extended Release Tablet,200mcg,Boehringer Ingelheim,Bacterial infections treatment,Prescription
Doxycycline,Calcium Channel Blocker,Liquid,250mg,Abbott,Edema and hypertension,Prescription
Pregabalin,Leukotriene Inhibitor,IV Infusion,20mg,Gilead Sciences,Moderate to severe pain management,Prescription
Sertraline,Opioid Analgesic,Topical Solution,150mg,GlaxoSmithKline,Fungal infections treatment,Prescription
Salicylic Acid,Cough Suppressant,Patch,10mg,3M Healthcare,Diarrhea treatment,Over-the-Counter
Alprazolam,Thyroid Hormone,Nasal Spray,20mg,Johnson & Johnson,Hypothyroidism treatment,Prescription
Miconazole,Skin Protectant,Liquid,400mg,Pfizer,Allergic rhinitis and hives,Over-the-Counter
Bacitracin,Acne Treatment,Tablet,325mg,Johnson & Johnson,Pain relief and fever reduction,Over-the-Counter
Albuterol,Anticoagulant,Suppository,1mg,Boehringer Ingelheim,Depression and anxiety disorders,Prescription
Clopidogrel,Corticosteroid,Injection,2mg,Bristol-Myers Squibb,Hypertension and angina,Prescription
Sertraline,Antiplatelet,Capsule,5mg,Merck,Bacterial infections treatment,Prescription
Warfarin,Calcium Channel Blocker,Inhaler,1mg,AstraZeneca,Hypertension and heart failure,Prescription
Ranitidine,Antiemetic,Patch,50mg,Sanofi,Motion sickness and nausea,Over-the-Counter
Benzoyl Peroxide,Laxative,Drops,500mg,Johnson & Johnson,Chest congestion and mucus relief,Over-the-Counter
Atorvastatin,Antiplatelet,Patch,50mg,GlaxoSmithKline,Edema and hypertension,Prescription
Alprazolam,Bronchodilator,Sublingual Tablet,5mg,AstraZeneca,Fungal infections treatment,Prescription
Gabapentin,ARB,Suppository,75mg,Gilead Sciences,High cholesterol management,Prescription
Metformin,Thyroid Hormone,Suppository,50mcg,Abbott,Heart attack and stroke prevention,Prescription
Ibuprofen,Antacid,Lozenge,325mg,3M Healthcare,Heartburn and acid reflux,Over-the-Counter
Levothyroxine,Statin,Nasal Spray,25mg,AstraZeneca,Asthma and bronchospasm,Prescription
Meclizine,Antidiarrheal,Cream,150mg,Bayer,Minor wound infection prevention,Over-the-Counter
Miconazole,Antiflatulent,Gel,1%,Sanofi,Acne treatment,Over-the-Counter
Aspirin,Acne Treatment,Spray,5%,Pfizer,Diarrhea treatment,Over-the-Counter
Salicylic Acid,Antiflatulent,Tablet,150mg,Bayer,Skin inflammation and itching,Over-the-Counter
Metformin,Diuretic,Nasal Spray,1000mg,Pfizer,Blood clot prevention,Prescription
Alprazolam,Anxiolytic/Benzodiazepine,Suppository,150mg,AstraZeneca,Depression and anxiety disorders,Prescription
Naproxen,Antiemetic,Tablet,150mg,GSK,Diarrhea treatment,Over-the-Counter
Prednisone,Antidiabetic,Extended Release Tablet,0.5mg,Sanofi,Asthma and bronchospasm,Prescription
Losartan,Calcium Channel Blocker,IV Infusion,5mg,Abbott,Asthma and allergic rhinitis,Prescription
Metformin,Anticoagulant,Tablet,10mg,Merck,Hypertension management,Prescription
Omeprazole,Antacid,Capsule,20mg,Chattem,Minor pain and itching relief,Over-the-Counter
Prednisone,ACE Inhibitor,Patch,0.25mg,Johnson & Johnson,Depression and anxiety disorders,Prescription
Pseudoephedrine,Antacid,Capsule,2%,Pfizer,Constipation relief,Over-the-Counter
Ciprofloxacin,Antibiotic,Topical Solution,1mg,Amgen,Inflammation and autoimmune disorders,Prescription
Albuterol,PPI,Nasal Spray,2mg,Amgen,Heart attack and stroke prevention,Prescription
Warfarin,PPI,Patch,1000mg,Amgen,Fungal infections treatment,Prescription
Benzoyl Peroxide,Antiflatulent,Lozenge,5%,Johnson & Johnson,Chest congestion and mucus relief,Over-the-Counter
Omeprazole,Antacid/H2 Blocker,Capsule,5mg,Unilever,Skin inflammation and itching,Over-the-Counter
Omeprazole,Antifungal,Liquid,50mg,Johnson & Johnson,Diarrhea treatment,Over-the-Counter
Clopidogrel,Antifungal,Suppository,500mg,Abbott,Hypertension and heart failure,Prescription
Cetirizine,Antacid/H2 Blocker,Liquid,500mg,GSK,Motion sickness and nausea,Over-the-Counter
Guaifenesin,Topical Antibiotic,Powder,150mg,Reckitt,GERD and peptic ulcer,Over-the-Counter
Oxycodone,Opioid Analgesic,Injection,400mcg,Merck,Asthma and bronchospasm,Prescription
Meclizine,Topical Antibiotic,Drops,5mg,Bayer,Acne treatment,Over-the-Counter
Clotrimazole,Antifungal,Lozenge,100mg,GSK,Cough suppression,Over-the-Counter
Atorvastatin,Corticosteroid,Extended Release Tablet,25mg,GlaxoSmithKline,Type 2 diabetes management,Prescription
Famotidine,Antihistamine,Tablet,10mg,Prestige Brands,Minor cuts and skin protection,Over-the-Counter
Diphenhydramine,Decongestant,Gel,500mg,Unilever,Diarrhea treatment,Over-the-Counter
Simethicone,Topical Corticosteroid,Gel,20mg,Chattem,Blood clot prevention,Over-the-Counter
Miconazole,Sleep Aid,Spray,150mg,GSK,Blood clot prevention,Over-the-Counter
Prednisone,Anticoagulant,Injection,50mg,Abbott,GERD and peptic ulcer disease,Prescription
Naproxen,Expectorant,Lozenge,5mg,Reckitt,GERD and peptic ulcer,Over-the-Counter
Lidocaine Cream,Antifungal,Drops,25mg,Bayer,Insomnia and sleep aid,Over-the-Counter
Diphenhydramine,Acne Treatment,Lozenge,2%,Johnson & Johnson,Acne treatment,Over-the-Counter
Losartan,Leukotriene Inhibitor,Topical Solution,5mg,Novartis,Bacterial infections treatment,Prescription
Doxycycline,Statin,Extended Release Tablet,400mcg,Merck,Anxiety and panic disorders,Prescription
Amoxicillin,ACE Inhibitor,Tablet,1mg,Gilead Sciences,Asthma and bronchospasm,Prescription
Lisinopril,Antifungal,Patch,0.5mg,Bristol-Myers Squibb,Type 2 diabetes management,Prescription
Pantoprazole,Antidepressant/SSRI,Inhaler,20mg,Pfizer,Moderate to severe pain management,Prescription
Montelukast,Diuretic,Tablet,500mg,Eli Lilly,Anxiety and panic disorders,Prescription
Bacitracin,Antifungal,Lozenge,1%,Unilever,GERD and peptic ulcer,Over-the-Counter
Prednisone,Diuretic,Tablet,75mg,Johnson & Johnson,Epilepsy and neuropathic pain,Prescription
Atorvastatin,Calcium Channel Blocker,IV Infusion,1mg,Sanofi,Hypertension and heart failure,Prescription
Pseudoephedrine,Sleep Aid,Patch,100mg,Pfizer,Motion sickness and nausea,Over-the-Counter
Clindamycin,Antifungal,Capsule,100mcg,Boehringer Ingelheim,Edema and hypertension,Prescription
Amoxicillin,Calcium Channel Blocker,IV Infusion,75mg,Boehringer Ingelheim,Epilepsy and neuropathic pain,Prescription
Atorvastatin,Opioid Analgesic,Inhaler,10mg,Bristol-Myers Squibb,Blood clot prevention,Prescription
Omeprazole,Antifungal,Spray,125mg,Pfizer,Skin inflammation and itching,Over-the-Counter
Omeprazole,Antacid/H2 Blocker,Ointment,25mg,GSK,Diarrhea treatment,Over-the-Counter
Aluminum Hydroxide,Antiflatulent,Patch,5%,Bayer,Minor wound infection prevention,Over-the-Counter
Metformin,Antifungal,Tablet,150mg,Abbott,Hypertension and angina,Prescription
Fluoxetine,Antidiabetic,Inhaler,0.5mg,Johnson & Johnson,Hypertension and heart failure,Prescription
Trimethoprim,Anticoagulant,Nasal Spray,1mg,Amgen,Moderate to severe pain management,Prescription
Trimethoprim,Antibiotic,Capsule,250mg,Abbott,Edema and hypertension,Prescription
Amlodipine,Calcium Channel Blocker,Injection,200mg,Roche,Moderate to severe pain management,Prescription
Pantoprazole,Antiplatelet,Nasal Spray,200mcg,AstraZeneca,Blood clot prevention,Prescription
Clotrimazole,Laxative,Liquid,2%,Prestige Brands,Minor wound infection prevention,Over-the-Counter
Gabapentin,Antidiabetic,IV Infusion,2mg,Sanofi,Blood clot prevention,Prescription
Amlodipine,Anticonvulsant,Extended Release Tablet,400mcg,Bristol-Myers Squibb,Hypothyroidism treatment,Prescription
Azithromycin,Antibiotic,Liquid,0.5mg,GlaxoSmithKline,Asthma and allergic rhinitis,Prescription
Dexamethasone,ARB,Capsule,1000mg,Eli Lilly,High cholesterol management,Prescription
Atorvastatin,Antidiabetic,IV Infusion,5mg,Bristol-Myers Squibb,Heart attack and stroke prevention,Prescription
Miconazole,Analgesic,Patch,500mg,Unilever,Heartburn and indigestion,Over-the-Counter
Neosporin,Acne Treatment,Ointment,150mg,Unilever,Allergic rhinitis and hives,Over-the-Counter
Acetaminophen,Antacid/PPI,Liquid,2%,Unilever,GERD and peptic ulcer,Over-the-Counter
Montelukast,Anticonvulsant,Injection,1mg,GlaxoSmithKline,Hypertension and heart failure,Prescription
Hydrocodone,PPI,Suppository,1000mg,Boehringer Ingelheim,Hypertension and heart failure,Prescription
Amoxicillin,Diuretic,Liquid,2mg,Novartis,Asthma and bronchospasm,Prescription
Metronidazole,Anticonvulsant,Injection,20mg,GlaxoSmithKline,Edema and hypertension,Prescription
Hydrocortisone Cream,Decongestant,Ointment,5%,Johnson & Johnson,Skin inflammation and itching,Over-the-Counter
Pregabalin,Diuretic,Capsule,0.25mg,Sanofi,Hypertension and heart failure,Prescription
Oxycodone,Antibiotic,IV Infusion,2mg,Merck,Hypertension and heart failure,Prescription
Albuterol,ARB,IV Infusion,25mg,Boehringer Ingelheim,High cholesterol management,Prescription
Clopidogrel,Opioid Analgesic,Injection,500mg,Abbott,Type 2 diabetes management,Prescription
Escitalopram,Antidepressant/SSRI,Patch,2mg,GlaxoSmithKline,GERD and peptic ulcer disease,Prescription
Pantoprazole,Statin,Topical Solution,500mg,Boehringer Ingelheim,Inflammation and autoimmune disorders,Prescription
Lisinopril,Bronchodilator,Nasal Spray,10mg,AstraZeneca,Hypertension and angina,Prescription
Docusate Sodium,Expectorant,Ointment,100mg,Reckitt,Insomnia and sleep aid,Over-the-Counter
Magnesium Hydroxide,Antiflatulent,Spray,1%,Johnson & Johnson,Insomnia and sleep aid,Over-the-Counter
Bacitracin,Sleep Aid,Cream,500mg,3M Healthcare,Insomnia and sleep aid,Over-the-Counter
Pseudoephedrine,Acne Treatment,Liquid,20mg,P&G,Heartburn and acid reflux,Over-the-Counter
Omeprazole,Antiemetic,Capsule,2%,Pfizer,Motion sickness and nausea,Over-the-Counter
Clopidogrel,Anticonvulsant,Topical Solution,100mcg,Pfizer,High cholesterol management,Prescription
Montelukast,Beta Blocker,Patch,50mcg,Johnson & Johnson,Hypertension and angina,Prescription
Clotrimazole,Antiflatulent,Patch,10mg,Prestige Brands,Blood clot prevention,Over-the-Counter
Acetaminophen,Cough Suppressant,Patch,25mg,Bayer,Skin inflammation and itching,Over-the-Counter
Pregabalin,Anticonvulsant,Sublingual Tablet,1000mg,Johnson & Johnson,Hypertension and heart failure,Prescription
Salicylic Acid,Acne Treatment,Liquid,5%,Sanofi,Minor wound infection prevention,Over-the-Counter
Loperamide,Antacid/H2 Blocker,Lozenge,400mg,Novartis,Minor pain and itching relief,Over-the-Counter
Naproxen,Decongestant,Spray,1%,Pfizer,Fungal skin infections,Over-the-Counter
Guaifenesin,Antacid/H2 Blocker,Gel,500mg,Novartis,Heartburn and acid reflux,Over-the-Counter
Levothyroxine,Antidepressant/SSRI,Capsule,1000mg,GlaxoSmithKline,Hypertension management,Prescription
Lidocaine Cream,Antacid/H2 Blocker,Cream,150mg,Reckitt,Chest congestion and mucus relief,Over-the-Counter
Cetirizine,Antiflatulent,Spray,500mg,Bayer,Pain relief and fever reduction,Over-the-Counter
Fluoxetine,Antiplatelet,Sublingual Tablet,2mg,Gilead Sciences,GERD and peptic ulcer disease,Prescription
Loperamide,Topical Corticosteroid,Tablet,25mg,3M Healthcare,Constipation relief,Over-the-Counter
Ibuprofen,Expectorant,Capsule,125mg,P&G,Cough suppression,Over-the-Counter
Diphenhydramine,Laxative,Patch,5%,P&G,Heartburn and acid reflux,Over-the-Counter
Guaifenesin,Antidiarrheal,Powder,2%,Pfizer,Minor pain and itching relief,Over-the-Counter
Azithromycin,Leukotriene Inhibitor,Patch,250mg,Pfizer,Depression and anxiety disorders,Prescription
Hydrocodone,Diuretic,Sublingual Tablet,2mg,Novartis,Depression and anxiety disorders,Prescription
Oxycodone,Antiplatelet,Tablet,5mg,Merck,Inflammation and autoimmune disorders,Prescription
Zinc Oxide,Antifungal,Patch,100mg,Johnson & Johnson,Skin inflammation and itching,Over-the-Counter
Diphenhydramine,Acne Treatment,Gel,10mg,Novartis,Diarrhea treatment,Over-the-Counter
Gabapentin,Antiplatelet,Patch,10mg,Bristol-Myers Squibb,Blood clot prevention,Prescription
Levothyroxine,Thyroid Hormone,Liquid,100mg,Roche,Epilepsy and neuropathic pain,Prescription
Aluminum Hydroxide,Antacid/PPI,Ointment,400mg,Sanofi,Nasal congestion relief,Over-the-Counter
Gabapentin,Opioid Analgesic,Liquid,2mg,Boehringer Ingelheim,Anxiety and panic disorders,Prescription
Doxycycline,Corticosteroid,Liquid,10mg,Roche,Moderate to severe pain management,Prescription
Amlodipine,Statin,Extended Release Tablet,250mg,Bristol-Myers Squibb,Heart attack and stroke prevention,Prescription
Levothyroxine,Beta Blocker,Patch,200mg,Johnson & Johnson,Bacterial infections treatment,Prescription
Pregabalin,Antifungal,Patch,100mcg,Bristol-Myers Squibb,Hypertension and heart failure,Prescription
Trimethoprim,ARB,Sublingual Tablet,500mg,Pfizer,Inflammation and autoimmune disorders,Prescription
Pregabalin,Antifungal,Topical Solution,1000mg,Amgen,Type 2 diabetes management,Prescription
Acetaminophen,Antiplatelet,Spray,325mg,P&G,Gas and bloating relief,Over-the-Counter
Calcium Carbonate,Expectorant,Liquid,5%,GSK,Blood clot prevention,Over-the-Counter
Guaifenesin,Acne Treatment,Gel,20mg,Unilever,Heartburn and acid reflux,Over-the-Counter
Docusate Sodium,Antiplatelet,Patch,5%,Reckitt,Diarrhea treatment,Over-the-Counter
Pantoprazole,Leukotriene Inhibitor,Inhaler,10mg,Pfizer,High cholesterol management,Prescription
Clopidogrel,ACE Inhibitor,Inhaler,10mg,Abbott,Anxiety and panic disorders,Prescription
Fluoxetine,Statin,Inhaler,50mg,Pfizer,Depression and anxiety disorders,Prescription
Clopidogrel,Corticosteroid,Sublingual Tablet,50mg,Amgen,Hypertension and heart failure,Prescription
Azithromycin,Antiplatelet,Topical Solution,1000mg,Boehringer Ingelheim,Asthma and allergic rhinitis,Prescription
Dextromethorphan,Cough Suppressant,Tablet,500mg,Unilever,Heartburn and indigestion,Over-the-Counter
Pseudoephedrine,Antiflatulent,Lozenge,2%,Johnson & Johnson,Cough suppression,Over-the-Counter
Albuterol,Statin,Tablet,0.25mg,Bristol-Myers Squibb,Hypertension and angina,Prescription
Zinc Oxide,Laxative,Patch,5mg,Chattem,Motion sickness and nausea,Over-the-Counter
Cetirizine,Antiemetic,Tablet,500mg,Unilever,Minor wound infection prevention,Over-the-Counter
Fluoxetine,Antidepressant/SSRI,Tablet,150mg,Bristol-Myers Squibb,Fungal infections treatment,Prescription
Prednisone,Antifungal,Suppository,20mg,Eli Lilly,Depression and anxiety disorders,Prescription
Meclizine,Antihistamine,Chewable Tablet,20mg,P&G,Blood clot prevention,Over-the-Counter
Guaifenesin,Expectorant,Powder,400mg,Unilever,Heartburn and indigestion,Over-the-Counter
Loperamide,Antacid/PPI,Patch,5mg,3M Healthcare,Pain relief and fever reduction,Over-the-Counter
Fluoxetine,Antidepressant/SSRI,Sublingual Tablet,150mg,Novartis,Hypertension and heart failure,Prescription
Ibuprofen,Antiplatelet,Powder,5mg,Bayer,Insomnia and sleep aid,Over-the-Counter
Salicylic Acid,Topical Antibiotic,Liquid,50mg,Reckitt,Insomnia and sleep aid,Over-the-Counter
Cetirizine,Expectorant,Powder,500mg,3M Healthcare,Cough suppression,Over-the-Counter
Ibuprofen,Cough Suppressant,Chewable Tablet,50mg,3M Healthcare,Minor wound infection prevention,Over-the-Counter
Metronidazole,Antidepressant/SSRI,Patch,100mcg,Abbott,Edema and hypertension,Prescription
Doxycycline,ARB,Injection,10mg,Abbott,Hypertension management,Prescription
Acetaminophen,Sleep Aid,Liquid,5mg,Bayer,Constipation relief,Over-the-Counter
Oxycodone,Opioid Analgesic,Capsule,0.5mg,Eli Lilly,Inflammation and autoimmune disorders,Prescription
Simethicone,Topical Corticosteroid,Chewable Tablet,200mg,Pfizer,Allergic rhinitis and hives,Over-the-Counter
Lisinopril,Opioid Analgesic,Inhaler,75mg,Eli Lilly,Hypertension and angina,Prescription
Pseudoephedrine,Antacid/PPI,Tablet,20mg,Unilever,Chest congestion and mucus relief,Over-the-Counter
Bacitracin,Sleep Aid,Chewable Tablet,5%,P&G,Pain relief and fever reduction,Over-the-Counter
Benzoyl Peroxide,Topical Antibiotic,Cream,1%,Unilever,Diarrhea treatment,Over-the-Counter
Dextromethorphan,Acne Treatment,Drops,200mg,GSK,Fungal skin infections,Over-the-Counter
Pseudoephedrine,Laxative,Lozenge,400mg,Chattem,Acne treatment,Over-the-Counter
Dexamethasone,Anticoagulant,Tablet,200mg,Amgen,Hypertension management,Prescription
Amlodipine,Statin,Sublingual Tablet,200mcg,Pfizer,Hypertension and heart failure,Prescription
Benzoyl Peroxide,Antihistamine,Lozenge,325mg,P&G,Allergic rhinitis and hives,Over-the-Counter
Acetaminophen,Cough Suppressant,Spray,5mg,Bayer,GERD and peptic ulcer,Over-the-Counter
Albuterol,Anxiolytic/Benzodiazepine,Sublingual Tablet,75mg,Roche,Moderate to severe pain management,Prescription
Lidocaine Cream,Antiplatelet,Chewable Tablet,5%,Unilever,Gas and bloating relief,Over-the-Counter
Amlodipine,ARB,Sublingual Tablet,500mg,Roche,Bacterial infections treatment,Prescription
Naproxen,Topical Corticosteroid,Ointment,1%,Johnson & Johnson,Diarrhea treatment,Over-the-Counter
Clotrimazole,Topical Antibiotic,Ointment,125mg,Johnson & Johnson,Motion sickness and nausea,Over-the-Counter
Hydrocodone,ARB,Injection,10mg,Pfizer,Epilepsy and neuropathic pain,Prescription
Ibuprofen,Cough Suppressant,Gel,50mg,Prestige Brands,Minor wound infection prevention,Over-the-Counter
Montelukast,Leukotriene Inhibitor,Liquid,20mg,Sanofi,Hypothyroidism treatment,Prescription
Aluminum Hydroxide,Sleep Aid,Cream,25mg,GSK,Allergic rhinitis and hives,Over-the-Counter
Amoxicillin,Opioid Analgesic,Suppository,500mg,Roche,Hypertension and heart failure,Prescription
Alprazolam,Thyroid Hormone,Tablet,75mg,Roche,Bacterial infections treatment,Prescription
Salicylic Acid,Topical Corticosteroid,Ointment,400mg,Reckitt,Skin inflammation and itching,Over-the-Counter
Ranitidine,Antiflatulent,Ointment,50mg,Bayer,Diarrhea treatment,Over-the-Counter
Clotrimazole,Antidiarrheal,Liquid,325mg,P&G,Chest congestion and mucus relief,Over-the-Counter
Lisinopril,PPI,Nasal Spray,250mg,Pfizer,Edema and hypertension,Prescription
Miconazole,Antiemetic,Liquid,25mg,P&G,Blood clot prevention,Over-the-Counter
Clindamycin,Antidepressant/SSRI,Extended Release Tablet,1mg,Sanofi,Inflammation and autoimmune disorders,Prescription
Salicylic Acid,Antidiarrheal,Gel,250mg,Sanofi,Skin inflammation and itching,Over-the-Counter
Dextromethorphan,Expectorant,Cream,5mg,Novartis,Heartburn and acid reflux,Over-the-Counter
Lidocaine Cream,Expectorant,Gel,100mg,Pfizer,Minor pain and itching relief,Over-the-Counter
Ranitidine,Antiplatelet,Chewable Tablet,500mg,GSK,Motion sickness and nausea,Over-the-Counter
Amoxicillin,Antidiabetic,Patch,200mg,Pfizer,Anxiety and panic disorders,Prescription
Clotrimazole,Topical Corticosteroid,Spray,25mg,Prestige Brands,Minor wound infection prevention,Over-the-Counter
Lidocaine Cream,Acne Treatment,Tablet,125mg,Pfizer,Minor wound infection prevention,Over-the-Counter
Neosporin,Antiflatulent,Patch,150mg,Johnson & Johnson,Cough suppression,Over-the-Counter
Salicylic Acid,Antacid,Capsule,100mg,Novartis,Heartburn and acid reflux,Over-the-Counter
Albuterol,Statin,Injection,20mg,Amgen,Moderate to severe pain management,Prescription
Dextromethorphan,Topical Corticosteroid,Gel,125mg,Pfizer,Nasal congestion relief,Over-the-Counter
Ciprofloxacin,ARB,Sublingual Tablet,5mg,GlaxoSmithKline,Blood clot prevention,Prescription
Meclizine,Antiemetic,Gel,500mg,GSK,Fungal skin infections,Over-the-Counter
Dexamethasone,Anticonvulsant,Inhaler,50mcg,Pfizer,Inflammation and autoimmune disorders,Prescription
Neosporin,Antifungal,Drops,1%,Bayer,Acne treatment,Over-the-Counter
Pseudoephedrine,Laxative,Capsule,500mg,3M Healthcare,Motion sickness and nausea,Over-the-Counter
Benzoyl Peroxide,Antiflatulent,Lozenge,25mg,GSK,Minor wound infection prevention,Over-the-Counter
Ibuprofen,Laxative,Ointment,200mg,Bayer,GERD and peptic ulcer,Over-the-Counter
Ranitidine,Topical Anesthetic,Cream,400mg,P&G,Fungal skin infections,Over-the-Counter
Cetirizine,Antidiarrheal,Cream,500mg,Unilever,Heartburn and indigestion,Over-the-Counter
Miconazole,Antidiarrheal,Drops,10mg,Novartis,Blood clot prevention,Over-the-Counter
Metformin,Anxiolytic/Benzodiazepine,Liquid,150mg,Pfizer,Fungal infections treatment,Prescription
Simethicone,Antidiarrheal,Tablet,500mg,GSK,Chest congestion and mucus relief,Over-the-Counter
Docusate Sodium,Antifungal,Chewable Tablet,2%,3M Healthcare,Minor pain and itching relief,Over-the-Counter
Metronidazole,PPI,Nasal Spray,50mg,GlaxoSmithKline,Anxiety and panic disorders,Prescription
Bismuth Subsalicylate,Topical Corticosteroid,Powder,325mg,Novartis,Chest congestion and mucus relief,Over-the-Counter
Pseudoephedrine,Antiemetic,Chewable Tablet,200mg,Unilever,GERD and peptic ulcer,Over-the-Counter
Alprazolam,Beta Blocker,Liquid,200mg,Johnson & Johnson,Hypertension and heart failure,Prescription
Loperamide,Cough Suppressant,Patch,20mg,Pfizer,Minor pain and itching relief,Over-the-Counter
Lidocaine Cream,Topical Anesthetic,Ointment,10mg,3M Healthcare,Minor wound infection prevention,Over-the-Counter
Loratadine,Topical Anesthetic,Capsule,100mg,Unilever,Nasal congestion relief,Over-the-Counter
Metformin,Thyroid Hormone,Topical Solution,50mcg,Gilead Sciences,Blood clot prevention,Prescription
Hydrocodone,ARB,Tablet,5mg,Johnson & Johnson,Anxiety and panic disorders,Prescription
Dexamethasone,Antiplatelet,Topical Solution,500mg,Sanofi,Bacterial infections treatment,Prescription
Pseudoephedrine,Antacid/H2 Blocker,Cream,10mg,3M Healthcare,Minor pain and itching relief,Over-the-Counter
Salicylic Acid,Acne Treatment,Ointment,25mg,Unilever,Chest congestion and mucus relief,Over-the-Counter
Omeprazole,Antiflatulent,Capsule,5mg,GSK,Insomnia and sleep aid,Over-the-Counter
Lidocaine Cream,Cough Suppressant,Drops,5%,GSK,Minor cuts and skin protection,Over-the-Counter
Hydrocodone,Antiplatelet,Patch,50mcg,Abbott,Heart attack and stroke prevention,Prescription
Naproxen,Antacid/PPI,Tablet,100mg,P&G,Constipation relief,Over-the-Counter
Famotidine,Antiflatulent,Spray,5mg,Sanofi,GERD and peptic ulcer,Over-the-Counter
Trimethoprim,Antibiotic,Extended Release Tablet,0.25mg,Amgen,Hypertension and heart failure,Prescription
Sertraline,Antibiotic,Nasal Spray,150mg,GlaxoSmithKline,Hypothyroidism treatment,Prescription
Ranitidine,Antiplatelet,Drops,5%,Unilever,Fungal skin infections,Over-the-Counter
Albuterol,PPI,Injection,400mcg,Abbott,Hypertension and heart failure,Prescription
Neosporin,Expectorant,Lozenge,400mg,Novartis,GERD and peptic ulcer,Over-the-Counter
Hydrocodone,Antiplatelet,Liquid,100mg,Sanofi,Epilepsy and neuropathic pain,Prescription
Prednisone,Antidiabetic,Sublingual Tablet,200mg,Pfizer,Asthma and allergic rhinitis,Prescription
Calcium Carbonate,Expectorant,Gel,250mg,Johnson & Johnson,Minor pain and itching relief,Over-the-Counter
Levothyroxine,Calcium Channel Blocker,Nasal Spray,0.5mg,Roche,Type 2 diabetes management,Prescription
Diphenhydramine,Decongestant,Spray,5%,GSK,Fungal skin infections,Over-the-Counter
Montelukast,Anxiolytic/Benzodiazepine,Suppository,50mcg,Bristol-Myers Squibb,Hypothyroidism treatment,Prescription
Ranitidine,Antiplatelet,Spray,5mg,Novartis,Heartburn and indigestion,Over-the-Counter
Naproxen,Antiemetic,Powder,125mg,Bayer,Insomnia and sleep aid,Over-the-Counter
Benzoyl Peroxide,Antihistamine,Drops,5%,Johnson & Johnson,Pain relief and fever reduction,Over-the-Counter
Famotidine,Topical Corticosteroid,Capsule,200mg,Pfizer,Nasal congestion relief,Over-the-Counter
Oxycodone,Antiplatelet,Sublingual Tablet,200mcg,Novartis,Epilepsy and neuropathic pain,Prescription
Ranitidine,Antacid/PPI,Lozenge,250mg,Reckitt,Gas and bloating relief,Over-the-Counter
Furosemide,Leukotriene Inhibitor,Inhaler,5mg,Gilead Sciences,Fungal infections treatment,Prescription
Hydrocodone,Corticosteroid,Liquid,250mg,Sanofi,Hypothyroidism treatment,Prescription
Escitalopram,Statin,IV Infusion,100mcg,Boehringer Ingelheim,Edema and hypertension,Prescription
Amoxicillin,Statin,Injection,1000mg,Novartis,Hypothyroidism treatment,Prescription
Metronidazole,Statin,Suppository,75mg,Sanofi,Epilepsy and neuropathic pain,Prescription
Magnesium Hydroxide,Antacid,Drops,1%,Chattem,Gas and bloating relief,Over-the-Counter
Loratadine,Antiplatelet,Gel,500mg,Johnson & Johnson,Chest congestion and mucus relief,Over-the-Counter
Meclizine,Antacid/PPI,Chewable Tablet,25mg,P&G,Insomnia and sleep aid,Over-the-Counter
Trimethoprim,Anticonvulsant,Nasal Spray,50mg,Novartis,Hypertension management,Prescription
Pantoprazole,Anticonvulsant,Liquid,50mg,Novartis,Depression and anxiety disorders,Prescription
Miconazole,Topical Antibiotic,Capsule,1%,Bayer,Chest congestion and mucus relief,Over-the-Counter
Metoprolol,Antibiotic,Injection,200mg,Gilead Sciences,GERD and peptic ulcer disease,Prescription
Azithromycin,Antidiabetic,Suppository,500mg,Novartis,Type 2 diabetes management,Prescription
Albuterol,Antifungal,Liquid,250mg,Gilead Sciences,Edema and hypertension,Prescription
Pantoprazole,Calcium Channel Blocker,Inhaler,250mg,AstraZeneca,Hypothyroidism treatment,Prescription
Docusate Sodium,Acne Treatment,Spray,150mg,Prestige Brands,Acne treatment,Over-the-Counter
Clotrimazole,Antiflatulent,Patch,2%,Sanofi,Allergic rhinitis and hives,Over-the-Counter
Cetirizine,Decongestant,Capsule,2%,Unilever,Diarrhea treatment,Over-the-Counter
Acetaminophen,Skin Protectant,Spray,5%,GSK,Heartburn and indigestion,Over-the-Counter
Pregabalin,Anticonvulsant,Extended Release Tablet,0.5mg,AstraZeneca,High cholesterol management,Prescription
Aluminum Hydroxide,Antiemetic,Chewable Tablet,200mg,GSK,Heartburn and indigestion,Over-the-Counter
Guaifenesin,Analgesic,Powder,200mg,Chattem,Motion sickness and nausea,Over-the-Counter
Metronidazole,Diuretic,Topical Solution,2mg,Novartis,Fungal infections treatment,Prescription
Clopidogrel,Statin,Inhaler,50mcg,Amgen,Hypertension and angina,Prescription
Cetirizine,Antiflatulent,Lozenge,400mg,Pfizer,Heartburn and acid reflux,Over-the-Counter
Losartan,ARB,Capsule,20mg,Novartis,Inflammation and autoimmune disorders,Prescription
Loratadine,Expectorant,Powder,25mg,Sanofi,Acne treatment,Over-the-Counter
Omeprazole,Topical Antibiotic,Liquid,400mg,GSK,Heartburn and acid reflux,Over-the-Counter
Famotidine,Cough Suppressant,Powder,5mg,Bayer,Minor wound infection prevention,Over-the-Counter
Guaifenesin,Antiplatelet,Ointment,2%,Bayer,Nasal congestion relief,Over-the-Counter
Warfarin,PPI,Liquid,200mg,Sanofi,Inflammation and autoimmune disorders,Prescription
Pantoprazole,Thyroid Hormone,Capsule,0.5mg,Boehringer Ingelheim,Heart attack and stroke prevention,Prescription
Levothyroxine,Opioid Analgesic,Sublingual Tablet,0.5mg,Abbott,Asthma and bronchospasm,Prescription
Lisinopril,Antidepressant/SSRI,Tablet,50mg,Merck,Asthma and allergic rhinitis,Prescription
Famotidine,Decongestant,Spray,5%,Unilever,Constipation relief,Over-the-Counter
Ranitidine,Cough Suppressant,Chewable Tablet,1%,Pfizer,Motion sickness and nausea,Over-the-Counter
Sertraline,Calcium Channel Blocker,Suppository,20mg,Eli Lilly,Asthma and bronchospasm,Prescription
Trimethoprim,Diuretic,Sublingual Tablet,100mg,GlaxoSmithKline,Blood clot prevention,Prescription
Atorvastatin,Thyroid Hormone,Sublingual Tablet,500mg,Abbott,Hypertension and heart failure,Prescription
Calcium Carbonate,Skin Protectant,Tablet,5mg,Pfizer,Minor pain and itching relief,Over-the-Counter
Bismuth Subsalicylate,Decongestant,Gel,5mg,Reckitt,Nasal congestion relief,Over-the-Counter
Neosporin,Antifungal,Chewable Tablet,20mg,Bayer,Allergic rhinitis and hives,Over-the-Counter
Loratadine,Antifungal,Gel,125mg,Bayer,GERD and peptic ulcer,Over-the-Counter
Clotrimazole,Antiemetic,Ointment,2%,Unilever,Heartburn and acid reflux,Over-the-Counter
Doxycycline,Antiplatelet,Tablet,500mg,Sanofi,Asthma and allergic rhinitis,Prescription
Metformin,Anticoagulant,Suppository,1mg,Abbott,Moderate to severe pain management,Prescription
Ranitidine,Topical Anesthetic,Drops,125mg,Johnson & Johnson,Minor cuts and skin protection,Over-the-Counter
Zinc Oxide,Antidiarrheal,Drops,5%,Sanofi,Cough suppression,Over-the-Counter
Prednisone,ACE Inhibitor,Nasal Spray,500mg,Amgen,Type 2 diabetes management,Prescription
Aluminum Hydroxide,Antacid/H2 Blocker,Chewable Tablet,20mg,Sanofi,Gas and bloating relief,Over-the-Counter
Cetirizine,Cough Suppressant,Capsule,150mg,Johnson & Johnson,GERD and peptic ulcer,Over-the-Counter
Guaifenesin,Antacid,Spray,325mg,Chattem,Pain relief and fever reduction,Over-the-Counter
Guaifenesin,Topical Antibiotic,Patch,400mg,Johnson & Johnson,Minor cuts and skin protection,Over-the-Counter
Amlodipine,Diuretic,Suppository,0.25mg,Eli Lilly,Asthma and bronchospasm,Prescription
Docusate Sodium,Analgesic,Patch,5mg,Novartis,Minor pain and itching relief,Over-the-Counter
Dextromethorphan,Laxative,Drops,400mg,Bayer,Minor cuts and skin protection,Over-the-Counter
Calcium Carbonate,Antacid,Patch,2%,Chattem,Heartburn and acid reflux,Over-the-Counter
Amlodipine,Anticonvulsant,Extended Release Tablet,0.5mg,Gilead Sciences,Inflammation and autoimmune disorders,Prescription
Hydrocortisone Cream,Antiemetic,Patch,500mg,3M Healthcare,Cough suppression,Over-the-Counter
Loperamide,Acne Treatment,Liquid,5mg,Reckitt,Cough suppression,Over-the-Counter
Simethicone,Antacid/PPI,Cream,2%,Chattem,Heartburn and acid reflux,Over-the-Counter
Magnesium Hydroxide,Antacid,Patch,125mg,P&G,Motion sickness and nausea,Over-the-Counter
Albuterol,PPI,Tablet,50mcg,Novartis,GERD and peptic ulcer disease,Prescription
Oxycodone,Anticoagulant,Suppository,200mg,Sanofi,Asthma and allergic rhinitis,Prescription
Benzoyl Peroxide,Antacid/PPI,Drops,1%,Chattem,Allergic rhinitis and hives,Over-the-Counter
Amlodipine,Calcium Channel Blocker,Nasal Spray,0.5mg,Roche,Hypertension and angina,Prescription
Albuterol,Leukotriene Inhibitor,Capsule,25mg,Bristol-Myers Squibb,GERD and peptic ulcer disease,Prescription
Losartan,Statin,Sublingual Tablet,150mg,Sanofi,GERD and peptic ulcer disease,Prescription
Dextromethorphan,Topical Anesthetic,Lozenge,100mg,Chattem,Insomnia and sleep aid,Over-the-Counter
Metformin,Opioid Analgesic,Suppository,75mg,Merck,Type 2 diabetes management,Prescription
Trimethoprim,Corticosteroid,IV Infusion,2mg,Roche,Hypertension management,Prescription
Famotidine,Skin Protectant,Spray,125mg,Pfizer,Minor wound infection prevention,Over-the-Counter
Furosemide,Calcium Channel Blocker,Nasal Spray,500mg,Novartis,Hypothyroidism treatment,Prescription
Bismuth Subsalicylate,Skin Protectant,Powder,325mg,Sanofi,Gas and bloating relief,Over-the-Counter
Dextromethorphan,Decongestant,Drops,200mg,Chattem,Gas and bloating relief,Over-the-Counter
Gabapentin,Antifungal,IV Infusion,0.5mg,Boehringer Ingelheim,Blood clot prevention,Prescription
Dextromethorphan,Skin Protectant,Powder,150mg,Reckitt,Minor cuts and skin protection,Over-the-Counter
Albuterol,PPI,Sublingual Tablet,500mg,Pfizer,Anxiety and panic disorders,Prescription
Zinc Oxide,Cough Suppressant,Lozenge,10mg,Johnson & Johnson,Constipation relief,Over-the-Counter
Clindamycin,Thyroid Hormone,Liquid,250mg,Pfizer,Moderate to severe pain management,Prescription
Omeprazole,Antifungal,Gel,400mg,Prestige Brands,Skin inflammation and itching,Over-the-Counter
Alprazolam,Antifungal,Inhaler,200mcg,Eli Lilly,Edema and hypertension,Prescription
Cetirizine,Antihistamine,Tablet,125mg,Prestige Brands,Motion sickness and nausea,Over-the-Counter
Levothyroxine,Anticonvulsant,IV Infusion,1mg,Johnson & Johnson,Anxiety and panic disorders,Prescription
Acetaminophen,Sleep Aid,Lozenge,150mg,Prestige Brands,Constipation relief,Over-the-Counter
Dexamethasone,Statin,Suppository,25mg,Sanofi,Hypothyroidism treatment,Prescription
Sertraline,Leukotriene Inhibitor,Suppository,1000mg,GlaxoSmithKline,GERD and peptic ulcer disease,Prescription
Clotrimazole,Antacid/H2 Blocker,Liquid,500mg,Bayer,Chest congestion and mucus relief,Over-the-Counter
Oxycodone,Thyroid Hormone,Topical Solution,0.25mg,Roche,Hypertension and angina,Prescription
Omeprazole,Laxative,Chewable Tablet,2%,Unilever,Pain relief and fever reduction,Over-the-Counter
Bacitracin,Topical Anesthetic,Gel,5mg,3M Healthcare,Gas and bloating relief,Over-the-Counter
Cetirizine,Antiflatulent,Cream,500mg,Johnson & Johnson,Insomnia and sleep aid,Over-the-Counter
Amoxicillin,Opioid Analgesic,Liquid,2mg,Gilead Sciences,Asthma and bronchospasm,Prescription
Metoprolol,Thyroid Hormone,Topical Solution,10mg,Gilead Sciences,Edema and hypertension,Prescription
Guaifenesin,Laxative,Tablet,500mg,Prestige Brands,Heartburn and indigestion,Over-the-Counter
Lidocaine Cream,Antifungal,Gel,400mg,3M Healthcare,Cough suppression,Over-the-Counter
Azithromycin,Opioid Analgesic,Patch,1000mg,Johnson & Johnson,GERD and peptic ulcer disease,Prescription
Simethicone,Topical Corticosteroid,Powder,125mg,Johnson & Johnson,Fungal skin infections,Over-the-Counter
Guaifenesin,Expectorant,Cream,25mg,Prestige Brands,Constipation relief,Over-the-Counter
Escitalopram,Calcium Channel Blocker,Extended Release Tablet,150mg,AstraZeneca,Hypertension and heart failure,Prescription
Loratadine,Antacid,Patch,325mg,Johnson & Johnson,Nasal congestion relief,Over-the-Counter
Salicylic Acid,Antacid/H2 Blocker,Powder,5mg,3M Healthcare,Minor pain and itching relief,Over-the-Counter
Acetaminophen,Skin Protectant,Drops,2%,Chattem,Cough suppression,Over-the-Counter
Loratadine,Topical Anesthetic,Cream,500mg,Sanofi,Pain relief and fever reduction,Over-the-Counter
Trimethoprim,ACE Inhibitor,Tablet,50mcg,Merck,Blood clot prevention,Prescription
Meclizine,Antiflatulent,Tablet,2%,Pfizer,Skin inflammation and itching,Over-the-Counter
Montelukast,Corticosteroid,Extended Release Tablet,10mg,Bristol-Myers Squibb,Edema and hypertension,Prescription
Gabapentin,Statin,Inhaler,100mg,GlaxoSmithKline,Hypertension management,Prescription
Famotidine,Skin Protectant,Drops,20mg,Reckitt,Acne treatment,Over-the-Counter
Omeprazole,Topical Corticosteroid,Drops,5%,Bayer,Acne treatment,Over-the-Counter
Alprazolam,PPI,Inhaler,20mg,Novartis,Moderate to severe pain management,Prescription
Loperamide,Antacid/H2 Blocker,Capsule,2%,Prestige Brands,Gas and bloating relief,Over-the-Counter
Diphenhydramine,Topical Corticosteroid,Patch,400mg,3M Healthcare,Insomnia and sleep aid,Over-the-Counter
Ibuprofen,Sleep Aid,Lozenge,5mg,Sanofi,Heartburn and indigestion,Over-the-Counter
Famotidine,Antacid/PPI,Liquid,5%,3M Healthcare,Motion sickness and nausea,Over-the-Counter
Simethicone,Antacid,Ointment,5%,Bayer,Allergic rhinitis and hives,Over-the-Counter
Meclizine,Sleep Aid,Liquid,1%,P&G,Blood clot prevention,Over-the-Counter
Metformin,Corticosteroid,Injection,250mg,Amgen,Hypertension and angina,Prescription
Meclizine,Antacid/H2 Blocker,Ointment,2%,P&G,Nasal congestion relief,Over-the-Counter
Miconazole,Laxative,Capsule,400mg,Reckitt,Diarrhea treatment,Over-the-Counter
Diphenhydramine,Cough Suppressant,Capsule,20mg,Sanofi,Minor wound infection prevention,Over-the-Counter
Loperamide,Antacid/H2 Blocker,Lozenge,25mg,Sanofi,Acne treatment,Over-the-Counter
Atorvastatin,Leukotriene Inhibitor,Topical Solution,250mg,Gilead Sciences,Hypertension management,Prescription
Aspirin,Antifungal,Drops,200mg,GSK,Diarrhea treatment,Over-the-Counter
Omeprazole,Cough Suppressant,Ointment,500mg,GSK,Minor cuts and skin protection,Over-the-Counter
Cetirizine,Laxative,Capsule,10mg,Bayer,Nasal congestion relief,Over-the-Counter
Clopidogrel,PPI,Extended Release Tablet,400mcg,Eli Lilly,Anxiety and panic disorders,Prescription
Ibuprofen,Antidiarrheal,Gel,150mg,Novartis,Acne treatment,Over-the-Counter
Gabapentin,Calcium Channel Blocker,Sublingual Tablet,1000mg,Novartis,Epilepsy and neuropathic pain,Prescription
Magnesium Hydroxide,Antacid/PPI,Patch,5%,Prestige Brands,Minor pain and itching relief,Over-the-Counter
Clotrimazole,Antifungal,Gel,250mg,Sanofi,Heartburn and indigestion,Over-the-Counter
Aspirin,Topical Antibiotic,Lozenge,400mg,Johnson & Johnson,Diarrhea treatment,Over-the-Counter
Gabapentin,Bronchodilator,Extended Release Tablet,200mg,Gilead Sciences,Heart attack and stroke prevention,Prescription
Doxycycline,Bronchodilator,Liquid,200mcg,Pfizer,Hypertension and angina,Prescription
Diphenhydramine,Topical Anesthetic,Gel,50mg,Bayer,GERD and peptic ulcer,Over-the-Counter
Ranitidine,Cough Suppressant,Liquid,100mg,Prestige Brands,Diarrhea treatment,Over-the-Counter
Warfarin,Anxiolytic/Benzodiazepine,Tablet,150mg,Amgen,Hypertension and angina,Prescription
Amlodipine,Thyroid Hormone,IV Infusion,200mg,GlaxoSmithKline,Hypertension management,Prescription
Meclizine,Sleep Aid,Ointment,100mg,Novartis,Cough suppression,Over-the-Counter
Metformin,Anticoagulant,Suppository,200mcg,Boehringer Ingelheim,Hypertension and heart failure,Prescription
Loratadine,Antacid/PPI,Tablet,1%,Reckitt,Minor cuts and skin protection,Over-the-Counter
Magnesium Hydroxide,Laxative,Powder,200mg,Chattem,Allergic rhinitis and hives,Over-the-Counter
Doxycycline,Opioid Analgesic,Capsule,2mg,Merck,Type 2 diabetes management,Prescription
Simethicone,Antiemetic,Patch,325mg,3M Healthcare,Minor pain and itching relief,Over-the-Counter
Amlodipine,Diuretic,Extended Release Tablet,200mcg,Amgen,Moderate to severe pain management,Prescription
Fluoxetine,Antidiabetic,Tablet,50mcg,Merck,Asthma and allergic rhinitis,Prescription
Amlodipine,Antifungal,Topical Solution,0.25mg,Pfizer,Hypertension and heart failure,Prescription
Prednisone,Anticoagulant,Liquid,5mg,Johnson & Johnson,Bacterial infections treatment,Prescription
Miconazole,Antiplatelet,Spray,325mg,3M Healthcare,Heartburn and indigestion,Over-the-Counter
Calcium Carbonate,Cough Suppressant,Drops,400mg,GSK,Allergic rhinitis and hives,Over-the-Counter
Famotidine,Analgesic,Spray,50mg,Chattem,Nasal congestion relief,Over-the-Counter
Clotrimazole,Antiflatulent,Cream,100mg,Novartis,Constipation relief,Over-the-Counter
Bismuth Subsalicylate,Antihistamine,Gel,125mg,Johnson & Johnson,Heartburn and acid reflux,Over-the-Counter
Docusate Sodium,Laxative,Patch,500mg,Pfizer,Allergic rhinitis and hives,Over-the-Counter
Prednisone,Beta Blocker,Suppository,500mg,Eli Lilly,Asthma and bronchospasm,Prescription
Lidocaine Cream,Antiemetic,Spray,400mg,Unilever,Minor pain and itching relief,Over-the-Counter
Amoxicillin,Anticoagulant,Tablet,400mcg,Merck,Epilepsy and neuropathic pain,Prescription
Pregabalin,Antidepressant/SSRI,Injection,75mg,Abbott,Type 2 diabetes management,Prescription
Trimethoprim,Anticoagulant,Topical Solution,0.25mg,Eli Lilly,Anxiety and panic disorders,Prescription
Salicylic Acid,Antacid,Powder,100mg,Novartis,Constipation relief,Over-the-Counter
Metformin,Leukotriene Inhibitor,Topical Solution,10mg,Roche,Bacterial infections treatment,Prescription
Pseudoephedrine,Antidiarrheal,Capsule,1%,Prestige Brands,Minor pain and itching relief,Over-the-Counter
Dextromethorphan,Antiflatulent,Lozenge,5mg,Reckitt,GERD and peptic ulcer,Over-the-Counter
Aspirin,Antacid/PPI,Liquid,25mg,P&G,Minor pain and itching relief,Over-the-Counter
Warfarin,Antifungal,Nasal Spray,25mg,Abbott,Hypertension management,Prescription
Metronidazole,Calcium Channel Blocker,Sublingual Tablet,75mg,Pfizer,Hypertension and angina,Prescription
Ibuprofen,Sleep Aid,Liquid,10mg,Pfizer,Pain relief and fever reduction,Over-the-Counter
Calcium Carbonate,Antiemetic,Drops,10mg,3M Healthcare,Cough suppression,Over-the-Counter
Losartan,Anticoagulant,Topical Solution,200mg,Novartis,Hypertension and heart failure,Prescription
Benzoyl Peroxide,Antacid/H2 Blocker,Lozenge,325mg,Prestige Brands,Pain relief and fever reduction,Over-the-Counter
Meclizine,Antiflatulent,Patch,100mg,Novartis,Gas and bloating relief,Over-the-Counter
Hydrocortisone Cream,Cough Suppressant,Cream,400mg,Reckitt,Diarrhea treatment,Over-the-Counter
Pregabalin,Leukotriene Inhibitor,Patch,50mg,Merck,High cholesterol management,Prescription
Pseudoephedrine,Sleep Aid,Cream,325mg,Chattem,Skin inflammation and itching,Over-the-Counter
Magnesium Hydroxide,Analgesic,Spray,5%,GSK,Pain relief and fever reduction,Over-the-Counter
Furosemide,Calcium Channel Blocker,Sublingual Tablet,5mg,Amgen,Hypertension and angina,Prescription
Metoprolol,Diuretic,Extended Release Tablet,1mg,Eli Lilly,Type 2 diabetes management,Prescription
Metronidazole,Diuretic,Inhaler,25mg,Boehringer Ingelheim,High cholesterol management,Prescription
Albuterol,Diuretic,Extended Release Tablet,2mg,Pfizer,Fungal infections treatment,Prescription
Magnesium Hydroxide,Skin Protectant,Drops,5mg,Prestige Brands,Cough suppression,Over-the-Counter
Albuterol,Antidepressant/SSRI,Suppository,500mg,Gilead Sciences,Inflammation and autoimmune disorders,Prescription
Clindamycin,Diuretic,Capsule,500mg,AstraZeneca,Hypertension management,Prescription
Zinc Oxide,Antihistamine,Gel,20mg,3M Healthcare,Skin inflammation and itching,Over-the-Counter
Zinc Oxide,Expectorant,Chewable Tablet,150mg,Prestige Brands,Nasal congestion relief,Over-the-Counter
Albuterol,PPI,IV Infusion,50mcg,AstraZeneca,Asthma and bronchospasm,Prescription
Clopidogrel,Anticoagulant,Topical Solution,20mg,AstraZeneca,Bacterial infections treatment,Prescription
Metoprolol,Thyroid Hormone,Nasal Spray,1mg,Sanofi,Inflammation and autoimmune disorders,Prescription
Magnesium Hydroxide,Antidiarrheal,Chewable Tablet,2%,Reckitt,Heartburn and acid reflux,Over-the-Counter
Docusate Sodium,Acne Treatment,Capsule,125mg,Pfizer,Gas and bloating relief,Over-the-Counter
Amoxicillin,Statin,Topical Solution,50mcg,Pfizer,High cholesterol management,Prescription
Sertraline,Statin,Suppository,0.5mg,Sanofi,High cholesterol management,Prescription
Trimethoprim,Antifungal,Suppository,5mg,AstraZeneca,Depression and anxiety disorders,Prescription
Guaifenesin,Acne Treatment,Liquid,5%,GSK,Cough suppression,Over-the-Counter
Ibuprofen,Expectorant,Lozenge,5mg,GSK,Insomnia and sleep aid,Over-the-Counter
Pantoprazole,Calcium Channel Blocker,Patch,2mg,Amgen,GERD and peptic ulcer disease,Prescription
Omeprazole,Antiflatulent,Tablet,325mg,Chattem,Nasal congestion relief,Over-the-Counter
Sertraline,Statin,Suppository,1000mg,Novartis,Type 2 diabetes management,Prescription
Aluminum Hydroxide,Antiplatelet,Cream,2%,P&G,Minor wound infection prevention,Over-the-Counter
Salicylic Acid,Antifungal,Cream,20mg,P&G,Motion sickness and nausea,Over-the-Counter
Salicylic Acid,Antiflatulent,Chewable Tablet,325mg,Prestige Brands,Acne treatment,Over-the-Counter
Omeprazole,Topical Antibiotic,Cream,25mg,Bayer,Pain relief and fever reduction,Over-the-Counter
Loratadine,Expectorant,Cream,20mg,Johnson & Johnson,Diarrhea treatment,Over-the-Counter
Pregabalin,Diuretic,Injection,25mg,Bristol-Myers Squibb,Anxiety and panic disorders,Prescription
Amlodipine,ARB,Suppository,50mg,GlaxoSmithKline,Hypertension management,Prescription
Albuterol,Corticosteroid,Liquid,250mg,Johnson & Johnson,Hypothyroidism treatment,Prescription
Guaifenesin,Antiflatulent,Patch,325mg,Reckitt,GERD and peptic ulcer,Over-the-Counter
Benzoyl Peroxide,Antifungal,Chewable Tablet,50mg,Pfizer,Skin inflammation and itching,Over-the-Counter
Acetaminophen,Antihistamine,Chewable Tablet,125mg,Bayer,Heartburn and indigestion,Over-the-Counter
Clotrimazole,Antacid/PPI,Liquid,125mg,Reckitt,Gas and bloating relief,Over-the-Counter
Lisinopril,ARB,Tablet,5mg,Novartis,Hypertension and angina,Prescription
Aluminum Hydroxide,Analgesic,Liquid,400mg,Bayer,Pain relief and fever reduction,Over-the-Counter
Hydrocodone,Calcium Channel Blocker,Patch,100mcg,Eli Lilly,Type 2 diabetes management,Prescription
Cetirizine,Antacid,Powder,2%,Johnson & Johnson,Minor cuts and skin protection,Over-the-Counter
Simethicone,Decongestant,Capsule,150mg,Chattem,Fungal skin infections,Over-the-Counter
Aluminum Hydroxide,Antacid/PPI,Chewable Tablet,500mg,GSK,Fungal skin infections,Over-the-Counter
Benzoyl Peroxide,Expectorant,Cream,2%,Unilever,Gas and bloating relief,Over-the-Counter
Prednisone,Leukotriene Inhibitor,IV Infusion,0.25mg,Novartis,Depression and anxiety disorders,Prescription
Escitalopram,Antidepressant/SSRI,Injection,100mcg,Abbott,Inflammation and autoimmune disorders,Prescription
Fluoxetine,Antiplatelet,Capsule,20mg,Boehringer Ingelheim,Type 2 diabetes management,Prescription
Loratadine,Topical Anesthetic,Cream,325mg,Novartis,Gas and bloating relief,Over-the-Counter
Fluoxetine,Calcium Channel Blocker,Liquid,100mg,Bristol-Myers Squibb,Anxiety and panic disorders,Prescription
Furosemide,Anticonvulsant,Extended Release Tablet,100mcg,Boehringer Ingelheim,GERD and peptic ulcer disease,Prescription
Metoprolol,Leukotriene Inhibitor,Extended Release Tablet,150mg,Merck,Moderate to severe pain management,Prescription
Gabapentin,Anxiolytic/Benzodiazepine,Liquid,100mcg,Gilead Sciences,GERD and peptic ulcer disease,Prescription
Metformin,Antidiabetic,Inhaler,20mg,Gilead Sciences,Epilepsy and neuropathic pain,Prescription
Bismuth Subsalicylate,Antacid/PPI,Patch,200mg,Sanofi,Gas and bloating relief,Over-the-Counter
Acetaminophen,Antacid/H2 Blocker,Cream,150mg,Unilever,Allergic rhinitis and hives,Over-the-Counter
Ibuprofen,Analgesic,Drops,10mg,Pfizer,Blood clot prevention,Over-the-Counter
Prednisone,ARB,Sublingual Tablet,0.25mg,AstraZeneca,High cholesterol management,Prescription
Cetirizine,Analgesic,Capsule,10mg,Prestige Brands,Constipation relief,Over-the-Counter
Amlodipine,Antidiabetic,Suppository,5mg,Roche,Asthma and bronchospasm,Prescription
Bacitracin,Sleep Aid,Cream,2%,Pfizer,Minor pain and itching relief,Over-the-Counter
Albuterol,Leukotriene Inhibitor,Suppository,500mg,Amgen,Hypertension and heart failure,Prescription
Ciprofloxacin,Antidepressant/SSRI,Capsule,25mg,AstraZeneca,High cholesterol management,Prescription
Salicylic Acid,Antiflatulent,Spray,500mg,Johnson & Johnson,Blood clot prevention,Over-the-Counter
Levothyroxine,Antifungal,Liquid,0.5mg,Boehringer Ingelheim,Edema and hypertension,Prescription
Cetirizine,Antifungal,Lozenge,250mg,Unilever,Motion sickness and nausea,Over-the-Counter
Loratadine,Sleep Aid,Powder,400mg,Unilever,Blood clot prevention,Over-the-Counter
Omeprazole,Antacid/PPI,Patch,125mg,Novartis,Heartburn and acid reflux,Over-the-Counter
Guaifenesin,Analgesic,Gel,500mg,3M Healthcare,Allergic rhinitis and hives,Over-the-Counter
Atorvastatin,Anticonvulsant,Suppository,500mg,Sanofi,Asthma and bronchospasm,Prescription
Meclizine,Antacid/PPI,Chewable Tablet,200mg,Reckitt,Heartburn and acid reflux,Over-the-Counter
Dexamethasone,ACE Inhibitor,Capsule,400mcg,AstraZeneca,Epilepsy and neuropathic pain,Prescription
Famotidine,Expectorant,Tablet,500mg,GSK,Chest congestion and mucus relief,Over-the-Counter
Loratadine,Decongestant,Patch,500mg,P&G,Cough suppression,Over-the-Counter
Amoxicillin,ACE Inhibitor,Patch,50mg,Merck,Type 2 diabetes management,Prescription
Zinc Oxide,Topical Antibiotic,Spray,20mg,Prestige Brands,Minor wound infection prevention,Over-the-Counter
Montelukast,Thyroid Hormone,IV Infusion,50mcg,Sanofi,Edema and hypertension,Prescription
Docusate Sodium,Laxative,Tablet,250mg,Novartis,Fungal skin infections,Over-the-Counter
Docusate Sodium,Laxative,Ointment,100mg,Johnson & Johnson,Heartburn and indigestion,Over-the-Counter
Azithromycin,Antiplatelet,Extended Release Tablet,1000mg,Gilead Sciences,Bacterial infections treatment,Prescription
Prednisone,Anticoagulant,Inhaler,5mg,AstraZeneca,Heart attack and stroke prevention,Prescription
Sertraline,Opioid Analgesic,Patch,100mcg,Sanofi,Hypertension and heart failure,Prescription
Metformin,Diuretic,Sublingual Tablet,2mg,Amgen,Hypertension management,Prescription
Bacitracin,Antacid/PPI,Patch,2%,Pfizer,Insomnia and sleep aid,Over-the-Counter
Losartan,Statin,Topical Solution,500mg,Merck,Asthma and allergic rhinitis,Prescription
Escitalopram,Corticosteroid,Inhaler,25mg,Boehringer Ingelheim,Type 2 diabetes management,Prescription
Montelukast,Antiplatelet,Tablet,2mg,AstraZeneca,Bacterial infections treatment,Prescription
Levothyroxine,Statin,Liquid,10mg,Bristol-Myers Squibb,Anxiety and panic disorders,Prescription
Meclizine,Antacid/H2 Blocker,Cream,1%,3M Healthcare,GERD and peptic ulcer,Over-the-Counter
Dexamethasone,Statin,Sublingual Tablet,250mg,AstraZeneca,Epilepsy and neuropathic pain,Prescription
Dexamethasone,ACE Inhibitor,Topical Solution,75mg,Eli Lilly,Fungal infections treatment,Prescription
Clopidogrel,Corticosteroid,IV Infusion,100mg,Bristol-Myers Squibb,GERD and peptic ulcer disease,Prescription
Fluoxetine,Corticosteroid,Sublingual Tablet,100mg,Johnson & Johnson,Hypothyroidism treatment,Prescription
Calcium Carbonate,Antifungal,Ointment,200mg,Johnson & Johnson,Constipation relief,Over-the-Counter
Losartan,Anxiolytic/Benzodiazepine,Extended Release Tablet,5mg,Bristol-Myers Squibb,Fungal infections treatment,Prescription
Meclizine,Antihistamine,Chewable Tablet,150mg,Sanofi,GERD and peptic ulcer,Over-the-Counter
Lisinopril,Anticonvulsant,Inhaler,20mg,Pfizer,Edema and hypertension,Prescription
Lisinopril,Antiplatelet,Inhaler,50mcg,Johnson & Johnson,GERD and peptic ulcer disease,Prescription
Docusate Sodium,Sleep Aid,Powder,500mg,Pfizer,Minor pain and itching relief,Over-the-Counter
Prednisone,Antidepressant/SSRI,Patch,100mcg,Gilead Sciences,Depression and anxiety disorders,Prescription
Bismuth Subsalicylate,Topical Anesthetic,Gel,5mg,Johnson & Johnson,Acne treatment,Over-the-Counter
Amoxicillin,Antidepressant/SSRI,Sublingual Tablet,75mg,Johnson & Johnson,Fungal infections treatment,Prescription
Gabapentin,Antifungal,Capsule,5mg,GlaxoSmithKline,Hypothyroidism treatment,Prescription
Bacitracin,Topical Anesthetic,Cream,50mg,Sanofi,Insomnia and sleep aid,Over-the-Counter
Diphenhydramine,Antidiarrheal,Drops,25mg,Chattem,Skin inflammation and itching,Over-the-Counter
Fluoxetine,Thyroid Hormone,Extended Release Tablet,10mg,Amgen,Depression and anxiety disorders,Prescription
Naproxen,Antacid/H2 Blocker,Powder,400mg,Pfizer,Minor cuts and skin protection,Over-the-Counter
Oxycodone,PPI,Liquid,25mg,Bristol-Myers Squibb,Hypertension and heart failure,Prescription
Aluminum Hydroxide,Decongestant,Lozenge,500mg,3M Healthcare,Pain relief and fever reduction,Over-the-Counter
Pseudoephedrine,Laxative,Drops,25mg,3M Healthcare,Heartburn and acid reflux,Over-the-Counter
Fluoxetine,Anticoagulant,Tablet,500mg,Abbott,Bacterial infections treatment,Prescription
Montelukast,Opioid Analgesic,Liquid,250mg,Johnson & Johnson,Hypertension and angina,Prescription
Diphenhydramine,Antiemetic,Patch,1%,Bayer,Heartburn and indigestion,Over-the-Counter
Cetirizine,Antiemetic,Capsule,25mg,Novartis,GERD and peptic ulcer,Over-the-Counter
Amoxicillin,Anxiolytic/Benzodiazepine,Nasal Spray,150mg,Amgen,Asthma and bronchospasm,Prescription
Acetaminophen,Antidiarrheal,Capsule,250mg,3M Healthcare,Cough suppression,Over-the-Counter
Sertraline,Antidepressant/SSRI,Nasal Spray,100mcg,Abbott,Bacterial infections treatment,Prescription
Albuterol,ARB,Injection,2mg,Sanofi,GERD and peptic ulcer disease,Prescription
Trimethoprim,Calcium Channel Blocker,Suppository,25mg,Novartis,GERD and peptic ulcer disease,Prescription
Aluminum Hydroxide,Antifungal,Tablet,325mg,Novartis,Allergic rhinitis and hives,Over-the-Counter
Ranitidine,Expectorant,Drops,25mg,Prestige Brands,Motion sickness and nausea,Over-the-Counter
Ibuprofen,Decongestant,Cream,2%,Pfizer,Skin inflammation and itching,Over-the-Counter
Oxycodone,Anxiolytic/Benzodiazepine,Capsule,0.5mg,Novartis,Epilepsy and neuropathic pain,Prescription
Metronidazole,ACE Inhibitor,Topical Solution,25mg,Pfizer,Fungal infections treatment,Prescription
Benzoyl Peroxide,Antidiarrheal,Chewable Tablet,400mg,3M Healthcare,Pain relief and fever reduction,Over-the-Counter
Simethicone,Sleep Aid,Tablet,5mg,Unilever,Heartburn and acid reflux,Over-the-Counter
Docusate Sodium,Analgesic,Patch,325mg,Chattem,Diarrhea treatment,Over-the-Counter
Losartan,Thyroid Hormone,Sublingual Tablet,0.5mg,Eli Lilly,Inflammation and autoimmune disorders,Prescription
Ranitidine,Topical Anesthetic,Lozenge,250mg,P&G,Heartburn and acid reflux,Over-the-Counter
Simethicone,Antacid,Chewable Tablet,1%,Johnson & Johnson,Allergic rhinitis and hives,Over-the-Counter
Levothyroxine,PPI,IV Infusion,250mg,Boehringer Ingelheim,Hypertension and angina,Prescription
Levothyroxine,Diuretic,Extended Release Tablet,0.25mg,Johnson & Johnson,Fungal infections treatment,Prescription
Metoprolol,Anxiolytic/Benzodiazepine,Injection,400mcg,Pfizer,Hypertension and angina,Prescription
Cetirizine,Antiemetic,Spray,150mg,Reckitt,Motion sickness and nausea,Over-the-Counter
Amlodipine,Thyroid Hormone,Injection,50mg,AstraZeneca,GERD and peptic ulcer disease,Prescription
Trimethoprim,Statin,IV Infusion,0.25mg,Johnson & Johnson,Hypertension and heart failure,Prescription
Doxycycline,Anticonvulsant,Nasal Spray,20mg,Novartis,Asthma and bronchospasm,Prescription
Pregabalin,ACE Inhibitor,IV Infusion,75mg,AstraZeneca,Anxiety and panic disorders,Prescription
Docusate Sodium,Sleep Aid,Chewable Tablet,20mg,Chattem,Acne treatment,Over-the-Counter
Omeprazole,Antidiarrheal,Spray,1%,GSK,Blood clot prevention,Over-the-Counter
Dexamethasone,Diuretic,Capsule,250mg,Pfizer,Depression and anxiety disorders,Prescription
Meclizine,Antacid/PPI,Capsule,200mg,Novartis,Diarrhea treatment,Over-the-Counter
Omeprazole,Acne Treatment,Gel,5mg,GSK,Blood clot prevention,Over-the-Counter
Clindamycin,Anticoagulant,Extended Release Tablet,250mg,AstraZeneca,Type 2 diabetes management,Prescription
Metoprolol,Diuretic,Capsule,0.25mg,Boehringer Ingelheim,High cholesterol management,Prescription
Ciprofloxacin,Calcium Channel Blocker,Patch,100mg,Johnson & Johnson,GERD and peptic ulcer disease,Prescription
Amoxicillin,ARB,Tablet,0.25mg,Novartis,Hypertension management,Prescription
Clotrimazole,Antiplatelet,Lozenge,500mg,Sanofi,Minor cuts and skin protection,Over-the-Counter
Clindamycin,Bronchodilator,Capsule,500mg,Abbott,Asthma and bronchospasm,Prescription
Magnesium Hydroxide,Antidiarrheal,Spray,500mg,Johnson & Johnson,Nasal congestion relief,Over-the-Counter
Prednisone,Thyroid Hormone,Capsule,20mg,Amgen,GERD and peptic ulcer disease,Prescription
Diphenhydramine,Antidiarrheal,Cream,400mg,3M Healthcare,Chest congestion and mucus relief,Over-the-Counter
Dextromethorphan,Antidiarrheal,Chewable Tablet,2%,GSK,Cough suppression,Over-the-Counter
Omeprazole,Antiemetic,Cream,400mg,Johnson & Johnson,Pain relief and fever reduction,Over-the-Counter
Lisinopril,Anticonvulsant,Topical Solution,200mcg,Sanofi,Bacterial infections treatment,Prescription
Lidocaine Cream,Topical Anesthetic,Gel,1%,3M Healthcare,Cough suppression,Over-the-Counter
Trimethoprim,PPI,Inhaler,50mg,Amgen,Hypertension and heart failure,Prescription
Hydrocortisone Cream,Laxative,Patch,25mg,Bayer,Pain relief and fever reduction,Over-the-Counter
Pantoprazole,Anticonvulsant,Capsule,25mg,AstraZeneca,Depression and anxiety disorders,Prescription
Sertraline,Thyroid Hormone,Suppository,75mg,Gilead Sciences,Anxiety and panic disorders,Prescription
Bismuth Subsalicylate,Cough Suppressant,Drops,100mg,Bayer,Skin inflammation and itching,Over-the-Counter
Cetirizine,Antihistamine,Chewable Tablet,2%,Pfizer,Nasal congestion relief,Over-the-Counter
Clindamycin,Thyroid Hormone,Sublingual Tablet,0.5mg,Boehringer Ingelheim,Hypertension and heart failure,Prescription
Amoxicillin,Anxiolytic/Benzodiazepine,Injection,10mg,Roche,Asthma and bronchospasm,Prescription
Furosemide,Antiplatelet,Extended Release Tablet,100mg,GlaxoSmithKline,Fungal infections treatment,Prescription
Neosporin,Antacid/H2 Blocker,Patch,20mg,P&G,Pain relief and fever reduction,Over-the-Counter
Acetaminophen,Antacid,Gel,200mg,Bayer,Cough suppression,Over-the-Counter
Prednisone,Antiplatelet,Liquid,10mg,Roche,Inflammation and autoimmune disorders,Prescription
Neosporin,Antacid,Tablet,325mg,3M Healthcare,Acne treatment,Over-the-Counter
Meclizine,Sleep Aid,Liquid,200mg,GSK,Skin inflammation and itching,Over-the-Counter
Prednisone,Anticonvulsant,Extended Release Tablet,1000mg,AstraZeneca,Hypertension and angina,Prescription
Bacitracin,Skin Protectant,Chewable Tablet,5mg,3M Healthcare,Minor wound infection prevention,Over-the-Counter
Metoprolol,Bronchodilator,Injection,50mcg,Johnson & Johnson,Blood clot prevention,Prescription
Albuterol,Antidepressant/SSRI,Inhaler,2mg,Merck,Asthma and bronchospasm,Prescription
Trimethoprim,Antiplatelet,Liquid,100mcg,Abbott,Inflammation and autoimmune disorders,Prescription
Ciprofloxacin,Antibiotic,Suppository,0.25mg,Abbott,Moderate to severe pain management,Prescription
Furosemide,PPI,Liquid,50mg,Merck,Edema and hypertension,Prescription
Losartan,Antibiotic,Injection,20mg,Gilead Sciences,GERD and peptic ulcer disease,Prescription
Pseudoephedrine,Antacid/H2 Blocker,Drops,25mg,Reckitt,Nasal congestion relief,Over-the-Counter
Metformin,Thyroid Hormone,Tablet,10mg,Merck,Anxiety and panic disorders,Prescription
Amlodipine,Opioid Analgesic,Extended Release Tablet,500mg,Boehringer Ingelheim,Asthma and allergic rhinitis,Prescription
Benzoyl Peroxide,Antacid/PPI,Lozenge,200mg,Unilever,Nasal congestion relief,Over-the-Counter
Acetaminophen,Antacid/PPI,Patch,25mg,Bayer,Diarrhea treatment,Over-the-Counter
Calcium Carbonate,Antiplatelet,Chewable Tablet,200mg,Prestige Brands,Minor pain and itching relief,Over-the-Counter
Fluoxetine,Bronchodilator,Liquid,200mcg,Roche,Edema and hypertension,Prescription
Levothyroxine,Statin,Sublingual Tablet,0.5mg,Eli Lilly,Epilepsy and neuropathic pain,Prescription
Cetirizine,Antacid/H2 Blocker,Spray,250mg,Johnson & Johnson,Acne treatment,Over-the-Counter
Albuterol,ACE Inhibitor,Extended Release Tablet,200mg,Roche,Asthma and bronchospasm,Prescription
Fluoxetine,Antibiotic,Patch,100mcg,Johnson & Johnson,Inflammation and autoimmune disorders,Prescription
Cetirizine,Sleep Aid,Chewable Tablet,1%,P&G,Minor pain and itching relief,Over-the-Counter
Meclizine,Topical Corticosteroid,Spray,5%,Unilever,Heartburn and indigestion,Over-the-Counter
Salicylic Acid,Antacid/PPI,Powder,2%,Unilever,Minor cuts and skin protection,Over-the-Counter
Dextromethorphan,Antacid,Tablet,2%,Bayer,Acne treatment,Over-the-Counter
Meclizine,Skin Protectant,Capsule,400mg,Novartis,Blood clot prevention,Over-the-Counter
Benzoyl Peroxide,Antiplatelet,Powder,325mg,Bayer,Fungal skin infections,Over-the-Counter
Amoxicillin,Opioid Analgesic,Patch,10mg,Gilead Sciences,Moderate to severe pain management,Prescription
Diphenhydramine,Antihistamine,Cream,200mg,GSK,Fungal skin infections,Over-the-Counter
Loperamide,Antidiarrheal,Powder,25mg,Chattem,Cough suppression,Over-the-Counter
Ibuprofen,Antiemetic,Tablet,125mg,P&G,Pain relief and fever reduction,Over-the-Counter
Amoxicillin,Anticoagulant,Injection,200mg,Roche,Fungal infections treatment,Prescription
Montelukast,Statin,Patch,100mg,Bristol-Myers Squibb,Depression and anxiety disorders,Prescription
Hydrocodone,ACE Inhibitor,Tablet,1mg,Johnson & Johnson,GERD and peptic ulcer disease,Prescription
Docusate Sodium,Antiemetic,Cream,325mg,GSK,Diarrhea treatment,Over-the-Counter
Bismuth Subsalicylate,Antiflatulent,Patch,25mg,Sanofi,Gas and bloating relief,Over-the-Counter
Loperamide,Antacid,Lozenge,5%,GSK,Heartburn and indigestion,Over-the-Counter
Amoxicillin,Antifungal,Sublingual Tablet,0.25mg,Amgen,Inflammation and autoimmune disorders,Prescription
Naproxen,Skin Protectant,Drops,5%,GSK,Heartburn and acid reflux,Over-the-Counter
Furosemide,Thyroid Hormone,Extended Release Tablet,25mg,Abbott,Edema and hypertension,Prescription
Ranitidine,Acne Treatment,Cream,200mg,Bayer,Diarrhea treatment,Over-the-Counter
Calcium Carbonate,Expectorant,Powder,20mg,Pfizer,Blood clot prevention,Over-the-Counter
Pregabalin,Antidepressant/SSRI,Extended Release Tablet,0.25mg,Eli Lilly,Type 2 diabetes management,Prescription
Metronidazole,Leukotriene Inhibitor,Inhaler,150mg,Sanofi,Hypertension and angina,Prescription
Montelukast,Antidiabetic,Sublingual Tablet,50mg,GlaxoSmithKline,Heart attack and stroke prevention,Prescription
Omeprazole,Antiplatelet,Lozenge,400mg,Chattem,Pain relief and fever reduction,Over-the-Counter
Guaifenesin,Topical Anesthetic,Tablet,25mg,Chattem,Minor cuts and skin protection,Over-the-Counter
Loperamide,Sleep Aid,Liquid,325mg,Sanofi,Minor cuts and skin protection,Over-the-Counter
Cetirizine,Topical Corticosteroid,Chewable Tablet,10mg,Pfizer,Constipation relief,Over-the-Counter
Famotidine,Antifungal,Liquid,5%,Novartis,Fungal skin infections,Over-the-Counter
Acetaminophen,Antacid,Powder,500mg,Novartis,Insomnia and sleep aid,Over-the-Counter
Dextromethorphan,Cough Suppressant,Patch,400mg,P&G,Heartburn and indigestion,Over-the-Counter
Escitalopram,Antibiotic,Capsule,1mg,Boehringer Ingelheim,Depression and anxiety disorders,Prescription
Dextromethorphan,Antacid/H2 Blocker,Gel,325mg,Unilever,Pain relief and fever reduction,Over-the-Counter
Bacitracin,Decongestant,Gel,150mg,Johnson & Johnson,Gas and bloating relief,Over-the-Counter
Alprazolam,Calcium Channel Blocker,Injection,0.5mg,AstraZeneca,Hypertension and heart failure,Prescription
Furosemide,ARB,Suppository,100mg,Johnson & Johnson,Hypertension management,Prescription
Clindamycin,Anticoagulant,Nasal Spray,400mcg,Roche,Hypertension and angina,Prescription
Lisinopril,Beta Blocker,Injection,200mcg,Bristol-Myers Squibb,Asthma and allergic rhinitis,Prescription
Aspirin,Antiplatelet,Spray,1%,Prestige Brands,Cough suppression,Over-the-Counter
Benzoyl Peroxide,Expectorant,Lozenge,5mg,Pfizer,Fungal skin infections,Over-the-Counter
Albuterol,Anticonvulsant,Patch,5mg,Eli Lilly,Hypothyroidism treatment,Prescription
Montelukast,ACE Inhibitor,Tablet,100mg,Merck,Fungal infections treatment,Prescription
Amoxicillin,Opioid Analgesic,Patch,20mg,Amgen,GERD and peptic ulcer disease,Prescription
Famotidine,Antiflatulent,Tablet,1%,Pfizer,Minor cuts and skin protection,Over-the-Counter
Salicylic Acid,Antiemetic,Drops,1%,Chattem,Gas and bloating relief,Over-the-Counter
Losartan,ARB,Patch,10mg,Johnson & Johnson,Fungal infections treatment,Prescription
Atorvastatin,Calcium Channel Blocker,IV Infusion,50mcg,Boehringer Ingelheim,Fungal infections treatment,Prescription
Azithromycin,Calcium Channel Blocker,Injection,0.5mg,AstraZeneca,Asthma and bronchospasm,Prescription
Guaifenesin,Skin Protectant,Spray,500mg,Bayer,Gas and bloating relief,Over-the-Counter
Loratadine,Decongestant,Spray,5%,Bayer,Diarrhea treatment,Over-the-Counter
Lisinopril,Statin,Extended Release Tablet,10mg,GlaxoSmithKline,Hypertension management,Prescription
Alprazolam,Beta Blocker,Liquid,5mg,Novartis,GERD and peptic ulcer disease,Prescription
Pregabalin,Anticoagulant,IV Infusion,0.5mg,Abbott,GERD and peptic ulcer disease,Prescription
Guaifenesin,Antiemetic,Chewable Tablet,25mg,GSK,Minor pain and itching relief,Over-the-Counter
Magnesium Hydroxide,Antacid,Spray,5%,Prestige Brands,Acne treatment,Over-the-Counter
Pregabalin,Antiplatelet,Liquid,10mg,GlaxoSmithKline,Edema and hypertension,Prescription
Aspirin,Cough Suppressant,Lozenge,100mg,P&G,Acne treatment,Over-the-Counter
Acetaminophen,Antacid,Drops,250mg,Sanofi,Heartburn and indigestion,Over-the-Counter
Pantoprazole,Calcium Channel Blocker,Extended Release Tablet,1mg,Eli Lilly,Edema and hypertension,Prescription
Calcium Carbonate,Antacid/H2 Blocker,Powder,10mg,Chattem,Blood clot prevention,Over-the-Counter
Simethicone,Antiflatulent,Gel,100mg,GSK,Heartburn and indigestion,Over-the-Counter
Levothyroxine,Antidiabetic,Nasal Spray,100mg,Sanofi,Type 2 diabetes management,Prescription
Naproxen,Antidiarrheal,Drops,50mg,Sanofi,Blood clot prevention,Over-the-Counter
Metformin,Anxiolytic/Benzodiazepine,Patch,500mg,Gilead Sciences,Heart attack and stroke prevention,Prescription
Miconazole,Topical Antibiotic,Powder,125mg,GSK,Minor pain and itching relief,Over-the-Counter
Levothyroxine,ARB,Tablet,20mg,Merck,Type 2 diabetes management,Prescription
Gabapentin,Antidepressant/SSRI,Patch,1mg,Novartis,Heart attack and stroke prevention,Prescription
Escitalopram,Antibiotic,Inhaler,200mg,Novartis,Hypothyroidism treatment,Prescription
Warfarin,Anticoagulant,Injection,200mcg,Bristol-Myers Squibb,Moderate to severe pain management,Prescription
Ciprofloxacin,Anticoagulant,Capsule,200mg,Gilead Sciences,Hypertension and angina,Prescription
Calcium Carbonate,Topical Corticosteroid,Powder,100mg,Chattem,Pain relief and fever reduction,Over-the-Counter
Omeprazole,Skin Protectant,Cream,5%,Prestige Brands,Skin inflammation and itching,Over-the-Counter
Furosemide,Opioid Analgesic,IV Infusion,50mcg,Novartis,Asthma and allergic rhinitis,Prescription
Clindamycin,Beta Blocker,Patch,250mg,Sanofi,Depression and anxiety disorders,Prescription
Levothyroxine,ACE Inhibitor,Inhaler,10mg,Novartis,Fungal infections treatment,Prescription
Lidocaine Cream,Acne Treatment,Chewable Tablet,5%,3M Healthcare,Acne treatment,Over-the-Counter
Ibuprofen,Decongestant,Chewable Tablet,500mg,Pfizer,Minor cuts and skin protection,Over-the-Counter
Naproxen,Expectorant,Spray,500mg,3M Healthcare,Minor wound infection prevention,Over-the-Counter
Prednisone,Anticoagulant,Suppository,1000mg,Boehringer Ingelheim,Asthma and allergic rhinitis,Prescription
Docusate Sodium,Antacid/PPI,Ointment,400mg,3M Healthcare,Constipation relief,Over-the-Counter
Fluoxetine,Anxiolytic/Benzodiazepine,Capsule,100mg,Roche,High cholesterol management,Prescription
Bacitracin,Antidiarrheal,Chewable Tablet,10mg,Bayer,Allergic rhinitis and hives,Over-the-Counter
Omeprazole,Decongestant,Tablet,200mg,Reckitt,Nasal congestion relief,Over-the-Counter
Loperamide,Antiemetic,Powder,250mg,Novartis,Blood clot prevention,Over-the-Counter
Amoxicillin,Beta Blocker,Liquid,75mg,Johnson & Johnson,Bacterial infections treatment,Prescription
Warfarin,Leukotriene Inhibitor,Suppository,150mg,GlaxoSmithKline,Asthma and allergic rhinitis,Prescription
Trimethoprim,Bronchodilator,Nasal Spray,10mg,GlaxoSmithKline,Asthma and bronchospasm,Prescription
Aspirin,Skin Protectant,Liquid,125mg,Sanofi,Heartburn and indigestion,Over-the-Counter
Guaifenesin,Topical Anesthetic,Powder,100mg,Chattem,Chest congestion and mucus relief,Over-the-Counter
Acetaminophen,Laxative,Cream,25mg,Bayer,Blood clot prevention,Over-the-Counter
Diphenhydramine,Antacid,Powder,325mg,Novartis,Blood clot prevention,Over-the-Counter
Aluminum Hydroxide,Antiflatulent,Liquid,1%,Sanofi,Minor wound infection prevention,Over-the-Counter
Pseudoephedrine,Topical Corticosteroid,Drops,10mg,Sanofi,Heartburn and indigestion,Over-the-Counter
Atorvastatin,Leukotriene Inhibitor,Liquid,2mg,Merck,Asthma and bronchospasm,Prescription
Pseudoephedrine,Topical Antibiotic,Ointment,5mg,P&G,Nasal congestion relief,Over-the-Counter
Pseudoephedrine,Cough Suppressant,Chewable Tablet,25mg,Johnson & Johnson,Fungal skin infections,Over-the-Counter
Amlodipine,Antidiabetic,Patch,2mg,Sanofi,Epilepsy and neuropathic pain,Prescription
Warfarin,Diuretic,Tablet,2mg,Abbott,Anxiety and panic disorders,Prescription
Oxycodone,Diuretic,Injection,0.25mg,Eli Lilly,Inflammation and autoimmune disorders,Prescription
Salicylic Acid,Antifungal,Spray,150mg,Novartis,Minor cuts and skin protection,Over-the-Counter
Doxycycline,Anticonvulsant,Capsule,25mg,Abbott,Hypertension and angina,Prescription
Simethicone,Antiplatelet,Spray,150mg,Chattem,Minor cuts and skin protection,Over-the-Counter
Clotrimazole,Cough Suppressant,Liquid,200mg,Sanofi,Minor wound infection prevention,Over-the-Counter
Bismuth Subsalicylate,Expectorant,Patch,1%,Novartis,Gas and bloating relief,Over-the-Counter
Azithromycin,Antidiabetic,Injection,75mg,Bristol-Myers Squibb,Type 2 diabetes management,Prescription
Naproxen,Topical Antibiotic,Ointment,2%,Prestige Brands,GERD and peptic ulcer,Over-the-Counter
Atorvastatin,ACE Inhibitor,Injection,1mg,Boehringer Ingelheim,Hypothyroidism treatment,Prescription
Clindamycin,Bronchodilator,Tablet,1mg,Boehringer Ingelheim,Hypertension and angina,Prescription
Prednisone,Beta Blocker,Suppository,0.5mg,Eli Lilly,Hypothyroidism treatment,Prescription
Lisinopril,PPI,Suppository,10mg,Gilead Sciences,Anxiety and panic disorders,Prescription
Prednisone,Bronchodilator,Patch,400mcg,Abbott,Asthma and allergic rhinitis,Prescription
Montelukast,Anxiolytic/Benzodiazepine,Sublingual Tablet,2mg,AstraZeneca,Blood clot prevention,Prescription
Famotidine,Antiplatelet,Powder,10mg,Johnson & Johnson,Minor pain and itching relief,Over-the-Counter
Calcium Carbonate,Topical Corticosteroid,Tablet,2%,Chattem,Cough suppression,Over-the-Counter
Levothyroxine,Antibiotic,Capsule,400mcg,Sanofi,Fungal infections treatment,Prescription
Escitalopram,ACE Inhibitor,Suppository,400mcg,Roche,Depression and anxiety disorders,Prescription
Zinc Oxide,Antiflatulent,Gel,2%,Prestige Brands,Minor wound infection prevention,Over-the-Counter
Fluoxetine,ACE Inhibitor,Injection,10mg,Merck,Epilepsy and neuropathic pain,Prescription
Aluminum Hydroxide,Expectorant,Gel,500mg,Reckitt,Allergic rhinitis and hives,Over-the-Counter
Metoprolol,Diuretic,Capsule,100mg,GlaxoSmithKline,Edema and hypertension,Prescription
Alprazolam,ACE Inhibitor,Capsule,150mg,Boehringer Ingelheim,Asthma and bronchospasm,Prescription
Meclizine,Antihistamine,Patch,200mg,Unilever,Constipation relief,Over-the-Counter
Dexamethasone,Opioid Analgesic,Suppository,400mcg,AstraZeneca,High cholesterol management,Prescription
Oxycodone,Antiplatelet,Inhaler,200mg,Merck,Asthma and allergic rhinitis,Prescription
Salicylic Acid,Acne Treatment,Drops,200mg,P&G,Constipation relief,Over-the-Counter
Zinc Oxide,Antiplatelet,Chewable Tablet,250mg,Unilever,Diarrhea treatment,Over-the-Counter
Aspirin,Antacid,Powder,325mg,Sanofi,Nasal congestion relief,Over-the-Counter
Warfarin,Beta Blocker,Tablet,5mg,Pfizer,Bacterial infections treatment,Prescription
Dextromethorphan,Decongestant,Chewable Tablet,100mg,Pfizer,Fungal skin infections,Over-the-Counter
Benzoyl Peroxide,Laxative,Capsule,400mg,Prestige Brands,Acne treatment,Over-the-Counter
Docusate Sodium,Antidiarrheal,Capsule,10mg,3M Healthcare,Chest congestion and mucus relief,Over-the-Counter
Aluminum Hydroxide,Antihistamine,Cream,325mg,Sanofi,Diarrhea treatment,Over-the-Counter
Clotrimazole,Laxative,Gel,1%,Novartis,Minor cuts and skin protection,Over-the-Counter
Hydrocodone,Statin,Suppository,25mg,Amgen,Hypertension and angina,Prescription
Acetaminophen,Acne Treatment,Spray,20mg,Sanofi,Insomnia and sleep aid,Over-the-Counter
Loperamide,Antiplatelet,Tablet,400mg,Chattem,Insomnia and sleep aid,Over-the-Counter
Aluminum Hydroxide,Expectorant,Liquid,50mg,Pfizer,Cough suppression,Over-the-Counter
Metoprolol,Antibiotic,Suppository,25mg,Merck,Fungal infections treatment,Prescription
Pregabalin,Antiplatelet,Liquid,500mg,Gilead Sciences,Asthma and bronchospasm,Prescription
Amlodipine,Opioid Analgesic,Liquid,2mg,Boehringer Ingelheim,Heart attack and stroke prevention,Prescription
Fluoxetine,Beta Blocker,Topical Solution,0.25mg,Roche,Epilepsy and neuropathic pain,Prescription
Fluoxetine,Leukotriene Inhibitor,Injection,5mg,Bristol-Myers Squibb,Hypothyroidism treatment,Prescription
Furosemide,Antibiotic,Injection,20mg,GlaxoSmithKline,Asthma and bronchospasm,Prescription
Diphenhydramine,Antiplatelet,Chewable Tablet,50mg,Novartis,Constipation relief,Over-the-Counter
Albuterol,Thyroid Hormone,Capsule,100mg,Abbott,Hypertension management,Prescription
Pseudoephedrine,Acne Treatment,Drops,200mg,Sanofi,Minor cuts and skin protection,Over-the-Counter
Loperamide,Laxative,Powder,500mg,Reckitt,Diarrhea treatment,Over-the-Counter
Metoprolol,PPI,Liquid,0.25mg,AstraZeneca,Hypertension management,Prescription
Salicylic Acid,Topical Anesthetic,Capsule,10mg,3M Healthcare,Heartburn and indigestion,Over-the-Counter
Salicylic Acid,Expectorant,Powder,200mg,P&G,Insomnia and sleep aid,Over-the-Counter
Atorvastatin,PPI,Sublingual Tablet,100mg,Gilead Sciences,Hypertension and heart failure,Prescription
Meclizine,Topical Anesthetic,Liquid,150mg,Pfizer,Minor cuts and skin protection,Over-the-Counter
Escitalopram,ARB,Inhaler,50mcg,Pfizer,Bacterial infections treatment,Prescription
Diphenhydramine,Decongestant,Patch,150mg,Prestige Brands,Cough suppression,Over-the-Counter
Furosemide,Anticoagulant,Suppository,50mg,Amgen,Blood clot prevention,Prescription
Ranitidine,Topical Antibiotic,Gel,2%,GSK,Insomnia and sleep aid,Over-the-Counter
Miconazole,Topical Corticosteroid,Ointment,20mg,Johnson & Johnson,Chest congestion and mucus relief,Over-the-Counter
Fluoxetine,ACE Inhibitor,Sublingual Tablet,50mcg,AstraZeneca,GERD and peptic ulcer disease,Prescription
Clopidogrel,ACE Inhibitor,Topical Solution,25mg,Abbott,Asthma and bronchospasm,Prescription
Cetirizine,Laxative,Powder,2%,3M Healthcare,Gas and bloating relief,Over-the-Counter
Aspirin,Topical Antibiotic,Cream,10mg,Bayer,Diarrhea treatment,Over-the-Counter
Lisinopril,Antifungal,Injection,50mcg,Amgen,Hypertension and angina,Prescription
Neosporin,Antacid,Gel,400mg,Sanofi,Fungal skin infections,Over-the-Counter
Salicylic Acid,Antiplatelet,Chewable Tablet,2%,3M Healthcare,Chest congestion and mucus relief,Over-the-Counter
Hydrocortisone Cream,Antidiarrheal,Cream,5%,Sanofi,Insomnia and sleep aid,Over-the-Counter
Simethicone,Antacid/H2 Blocker,Gel,500mg,Novartis,Heartburn and indigestion,Over-the-Counter
Loperamide,Antihistamine,Patch,5mg,Reckitt,Fungal skin infections,Over-the-Counter
Famotidine,Antacid,Powder,5mg,P&G,Pain relief and fever reduction,Over-the-Counter
Gabapentin,Bronchodilator,Extended Release Tablet,2mg,Sanofi,Epilepsy and neuropathic pain,Prescription
Docusate Sodium,Antiflatulent,Spray,325mg,Novartis,Fungal skin infections,Over-the-Counter
Albuterol,Anticoagulant,Injection,150mg,Roche,Blood clot prevention,Prescription
Clindamycin,Bronchodilator,IV Infusion,75mg,Eli Lilly,Type 2 diabetes management,Prescription
Gabapentin,Antidiabetic,Extended Release Tablet,250mg,Novartis,Depression and anxiety disorders,Prescription
Alprazolam,Antidepressant/SSRI,Liquid,200mg,Johnson & Johnson,Moderate to severe pain management,Prescription
Amoxicillin,Antibiotic,Capsule,400mcg,Eli Lilly,Hypertension and angina,Prescription
Cetirizine,Antacid/H2 Blocker,Drops,150mg,GSK,GERD and peptic ulcer,Over-the-Counter
Benzoyl Peroxide,Cough Suppressant,Spray,5%,Chattem,Blood clot prevention,Over-the-Counter
Pseudoephedrine,Cough Suppressant,Ointment,20mg,Bayer,Skin inflammation and itching,Over-the-Counter
Miconazole,Expectorant,Powder,500mg,Reckitt,GERD and peptic ulcer,Over-the-Counter
Azithromycin,Anxiolytic/Benzodiazepine,Extended Release Tablet,1mg,Abbott,Epilepsy and neuropathic pain,Prescription
Dextromethorphan,Antiemetic,Cream,400mg,Unilever,Blood clot prevention,Over-the-Counter
Pseudoephedrine,Cough Suppressant,Powder,50mg,GSK,Minor pain and itching relief,Over-the-Counter
Aluminum Hydroxide,Antidiarrheal,Ointment,5mg,Pfizer,Skin inflammation and itching,Over-the-Counter
Clotrimazole,Topical Corticosteroid,Lozenge,5%,Sanofi,Allergic rhinitis and hives,Over-the-Counter
Salicylic Acid,Antacid/H2 Blocker,Liquid,400mg,Chattem,Allergic rhinitis and hives,Over-the-Counter
Famotidine,Expectorant,Drops,100mg,Sanofi,Blood clot prevention,Over-the-Counter
Escitalopram,ARB,Injection,50mg,Roche,Hypertension and heart failure,Prescription
Amlodipine,Antibiotic,Capsule,100mg,Bristol-Myers Squibb,Moderate to severe pain management,Prescription
Gabapentin,ARB,Liquid,1mg,Roche,Edema and hypertension,Prescription
Prednisone,Calcium Channel Blocker,Suppository,25mg,Roche,Asthma and allergic rhinitis,Prescription
Metoprolol,Beta Blocker,Suppository,1000mg,Bristol-Myers Squibb,Hypertension and heart failure,Prescription
Escitalopram,Bronchodilator,Sublingual Tablet,5mg,Bristol-Myers Squibb,Depression and anxiety disorders,Prescription
Dexamethasone,Thyroid Hormone,Capsule,250mg,Roche,Hypertension and heart failure,Prescription
Lidocaine Cream,Topical Corticosteroid,Liquid,100mg,Johnson & Johnson,Minor cuts and skin protection,Over-the-Counter
Furosemide,Calcium Channel Blocker,Injection,1000mg,Novartis,Hypertension management,Prescription
Escitalopram,ACE Inhibitor,Topical Solution,50mg,Bristol-Myers Squibb,Hypertension management,Prescription
Lidocaine Cream,Expectorant,Tablet,1%,Bayer,Acne treatment,Over-the-Counter
Aspirin,Antacid/PPI,Chewable Tablet,500mg,P&G,Cough suppression,Over-the-Counter
Pseudoephedrine,Topical Anesthetic,Liquid,150mg,Reckitt,Minor pain and itching relief,Over-the-Counter
Ranitidine,Antifungal,Gel,400mg,Reckitt,GERD and peptic ulcer,Over-the-Counter
Pseudoephedrine,Antihistamine,Ointment,5mg,Johnson & Johnson,Acne treatment,Over-the-Counter
Loratadine,Antiflatulent,Cream,200mg,Chattem,Nasal congestion relief,Over-the-Counter
Acetaminophen,Laxative,Chewable Tablet,400mg,Reckitt,Insomnia and sleep aid,Over-the-Counter
Cetirizine,Skin Protectant,Cream,500mg,GSK,Minor cuts and skin protection,Over-the-Counter
Miconazole,Antihistamine,Chewable Tablet,125mg,Novartis,Minor wound infection prevention,Over-the-Counter
Simethicone,Antihistamine,Capsule,100mg,P&G,Blood clot prevention,Over-the-Counter
Metformin,PPI,IV Infusion,200mcg,Roche,Epilepsy and neuropathic pain,Prescription
Trimethoprim,Antidiabetic,IV Infusion,75mg,Bristol-Myers Squibb,Type 2 diabetes management,Prescription
Clindamycin,Anxiolytic/Benzodiazepine,IV Infusion,400mcg,Bristol-Myers Squibb,Edema and hypertension,Prescription
Dexamethasone,Corticosteroid,Suppository,1mg,Eli Lilly,Edema and hypertension,Prescription
Pregabalin,PPI,Inhaler,50mcg,Novartis,Fungal infections treatment,Prescription
Cetirizine,Antacid/H2 Blocker,Cream,325mg,Johnson & Johnson,Motion sickness and nausea,Over-the-Counter
Aluminum Hydroxide,Sleep Aid,Lozenge,10mg,Sanofi,Motion sickness and nausea,Over-the-Counter
Ibuprofen,Expectorant,Patch,10mg,P&G,Minor cuts and skin protection,Over-the-Counter
Cetirizine,Analgesic,Tablet,500mg,Reckitt,Heartburn and indigestion,Over-the-Counter
Hydrocodone,Calcium Channel Blocker,Liquid,1mg,Merck,Heart attack and stroke prevention,Prescription
Bismuth Subsalicylate,Laxative,Drops,5mg,Novartis,Gas and bloating relief,Over-the-Counter
Pantoprazole,Antiplatelet,Patch,1mg,AstraZeneca,Hypertension management,Prescription
Simethicone,Analgesic,Liquid,5%,Novartis,Minor cuts and skin protection,Over-the-Counter
Acetaminophen,Sleep Aid,Powder,1%,Novartis,Minor cuts and skin protection,Over-the-Counter
Metronidazole,Antibiotic,Suppository,1000mg,Novartis,Heart attack and stroke prevention,Prescription
Trimethoprim,Opioid Analgesic,Suppository,0.5mg,Sanofi,Asthma and allergic rhinitis,Prescription
Lisinopril,Anxiolytic/Benzodiazepine,Inhaler,25mg,Merck,Hypertension and angina,Prescription
Losartan,Calcium Channel Blocker,Inhaler,5mg,AstraZeneca,Hypertension management,Prescription
Metoprolol,Thyroid Hormone,Injection,250mg,Roche,Hypothyroidism treatment,Prescription
Furosemide,Opioid Analgesic,Topical Solution,200mg,Bristol-Myers Squibb,High cholesterol management,Prescription
Cetirizine,Antacid/H2 Blocker,Cream,1%,Reckitt,Motion sickness and nausea,Over-the-Counter
Montelukast,Antifungal,Inhaler,250mg,Sanofi,High cholesterol management,Prescription
Ibuprofen,Antacid/PPI,Drops,1%,Pfizer,Allergic rhinitis and hives,Over-the-Counter
Amoxicillin,ARB,Sublingual Tablet,100mcg,Eli Lilly,Blood clot prevention,Prescription
Pseudoephedrine,Acne Treatment,Gel,2%,3M Healthcare,Heartburn and indigestion,Over-the-Counter
Amlodipine,Opioid Analgesic,Inhaler,50mg,Novartis,Hypertension and heart failure,Prescription
Aspirin,Antiemetic,Cream,150mg,Chattem,Blood clot prevention,Over-the-Counter
Escitalopram,Antiplatelet,Suppository,75mg,Gilead Sciences,High cholesterol management,Prescription
Benzoyl Peroxide,Antacid,Cream,5mg,GSK,Pain relief and fever reduction,Over-the-Counter
Docusate Sodium,Antifungal,Powder,25mg,Bayer,Pain relief and fever reduction,Over-the-Counter
Zinc Oxide,Antifungal,Chewable Tablet,50mg,Reckitt,Chest congestion and mucus relief,Over-the-Counter
Fluoxetine,PPI,Liquid,100mcg,Eli Lilly,High cholesterol management,Prescription
Guaifenesin,Antiflatulent,Gel,2%,Bayer,Pain relief and fever reduction,Over-the-Counter
Naproxen,Topical Anesthetic,Cream,50mg,3M Healthcare,Acne treatment,Over-the-Counter
Zinc Oxide,Cough Suppressant,Lozenge,50mg,Johnson & Johnson,Fungal skin infections,Over-the-Counter
Doxycycline,Statin,Liquid,0.25mg,Roche,Hypertension and heart failure,Prescription
Miconazole,Cough Suppressant,Lozenge,100mg,Bayer,Heartburn and acid reflux,Over-the-Counter
Amlodipine,Leukotriene Inhibitor,IV Infusion,250mg,AstraZeneca,Inflammation and autoimmune disorders,Prescription
Miconazole,Acne Treatment,Chewable Tablet,250mg,P&G,Minor cuts and skin protection,Over-the-Counter
Metoprolol,Bronchodilator,Nasal Spray,100mg,AstraZeneca,Hypothyroidism treatment,Prescription
Diphenhydramine,Acne Treatment,Spray,500mg,Novartis,Skin inflammation and itching,Over-the-Counter
Metformin,ACE Inhibitor,Patch,400mcg,GlaxoSmithKline,Epilepsy and neuropathic pain,Prescription
Aluminum Hydroxide,Antacid/H2 Blocker,Powder,325mg,GSK,Diarrhea treatment,Over-the-Counter
Azithromycin,Leukotriene Inhibitor,IV Infusion,0.25mg,Abbott,Depression and anxiety disorders,Prescription
Neosporin,Skin Protectant,Ointment,200mg,P&G,Chest congestion and mucus relief,Over-the-Counter
Albuterol,Calcium Channel Blocker,Extended Release Tablet,250mg,AstraZeneca,Epilepsy and neuropathic pain,Prescription
Warfarin,Leukotriene Inhibitor,Sublingual Tablet,200mcg,Bristol-Myers Squibb,Edema and hypertension,Prescription
Salicylic Acid,Topical Corticosteroid,Lozenge,325mg,3M Healthcare,Fungal skin infections,Over-the-Counter
Magnesium Hydroxide,Antiemetic,Chewable Tablet,325mg,GSK,Minor cuts and skin protection,Over-the-Counter
Dexamethasone,Corticosteroid,Extended Release Tablet,50mcg,AstraZeneca,Heart attack and stroke prevention,Prescription
Zinc Oxide,Skin Protectant,Tablet,5%,GSK,Acne treatment,Over-the-Counter
Bacitracin,Cough Suppressant,Cream,5mg,Pfizer,Blood clot prevention,Over-the-Counter
Aspirin,Skin Protectant,Liquid,400mg,Bayer,Insomnia and sleep aid,Over-the-Counter
Amlodipine,ACE Inhibitor,Patch,100mg,Abbott,Epilepsy and neuropathic pain,Prescription
Pantoprazole,Corticosteroid,Sublingual Tablet,5mg,AstraZeneca,Moderate to severe pain management,Prescription
Clopidogrel,Antiplatelet,Tablet,150mg,Merck,Inflammation and autoimmune disorders,Prescription
Diphenhydramine,Cough Suppressant,Cream,100mg,Pfizer,Diarrhea treatment,Over-the-Counter
Lidocaine Cream,Antacid,Spray,25mg,Sanofi,Minor cuts and skin protection,Over-the-Counter
Fluoxetine,Anticoagulant,Capsule,50mcg,Bristol-Myers Squibb,Moderate to severe pain management,Prescription
Azithromycin,Anxiolytic/Benzodiazepine,Inhaler,5mg,Roche,Hypertension management,Prescription
Metronidazole,Thyroid Hormone,Liquid,100mg,Boehringer Ingelheim,Fungal infections treatment,Prescription
Ranitidine,Antiemetic,Patch,10mg,P&G,Chest congestion and mucus relief,Over-the-Counter
Omeprazole,Antiemetic,Spray,5%,Johnson & Johnson,Gas and bloating relief,Over-the-Counter
Hydrocodone,Beta Blocker,IV Infusion,1mg,Bristol-Myers Squibb,High cholesterol management,Prescription
Salicylic Acid,Antiemetic,Patch,5%,Sanofi,Pain relief and fever reduction,Over-the-Counter
Pseudoephedrine,Antiplatelet,Powder,5%,Unilever,GERD and peptic ulcer,Over-the-Counter
Montelukast,Anxiolytic/Benzodiazepine,Suppository,20mg,Novartis,Hypertension and heart failure,Prescription
Metformin,Antidiabetic,Capsule,150mg,Amgen,Bacterial infections treatment,Prescription
Oxycodone,Diuretic,Injection,5mg,Pfizer,Bacterial infections treatment,Prescription
Atorvastatin,ACE Inhibitor,Sublingual Tablet,0.25mg,Merck,Hypertension management,Prescription
Alprazolam,Diuretic,Tablet,500mg,Pfizer,Bacterial infections treatment,Prescription
Famotidine,Skin Protectant,Tablet,1%,GSK,Chest congestion and mucus relief,Over-the-Counter
Albuterol,Diuretic,Topical Solution,75mg,Amgen,Heart attack and stroke prevention,Prescription
Warfarin,Statin,Liquid,400mcg,Boehringer Ingelheim,High cholesterol management,Prescription
Famotidine,Antiflatulent,Capsule,400mg,Pfizer,Minor pain and itching relief,Over-the-Counter
Simethicone,Antiemetic,Gel,50mg,GSK,Blood clot prevention,Over-the-Counter
Ranitidine,Antiflatulent,Gel,325mg,Sanofi,Blood clot prevention,Over-the-Counter
Pantoprazole,Anticoagulant,Liquid,10mg,Roche,GERD and peptic ulcer disease,Prescription
Ranitidine,Antacid,Liquid,5mg,Chattem,Diarrhea treatment,Over-the-Counter
Miconazole,Sleep Aid,Gel,100mg,GSK,GERD and peptic ulcer,Over-the-Counter
Trimethoprim,Beta Blocker,Injection,10mg,Johnson & Johnson,Hypertension and heart failure,Prescription
Azithromycin,Anxiolytic/Benzodiazepine,Extended Release Tablet,100mg,Novartis,Edema and hypertension,Prescription
Dexamethasone,Beta Blocker,Sublingual Tablet,1mg,Sanofi,Anxiety and panic disorders,Prescription
Lidocaine Cream,Topical Antibiotic,Ointment,250mg,3M Healthcare,Minor wound infection prevention,Over-the-Counter
Diphenhydramine,Antiplatelet,Tablet,400mg,Chattem,GERD and peptic ulcer,Over-the-Counter
Levothyroxine,Statin,Tablet,100mcg,Eli Lilly,Hypertension and angina,Prescription
Benzoyl Peroxide,Sleep Aid,Capsule,325mg,Reckitt,Blood clot prevention,Over-the-Counter
Dexamethasone,Thyroid Hormone,Nasal Spray,200mcg,Abbott,Edema and hypertension,Prescription
Clotrimazole,Antidiarrheal,Liquid,25mg,GSK,Heartburn and indigestion,Over-the-Counter
Metronidazole,Diuretic,Sublingual Tablet,200mg,Novartis,Heart attack and stroke prevention,Prescription
Ibuprofen,Skin Protectant,Powder,10mg,Unilever,Heartburn and indigestion,Over-the-Counter
Dextromethorphan,Antiplatelet,Patch,100mg,Chattem,Chest congestion and mucus relief,Over-the-Counter
Doxycycline,Antidepressant/SSRI,Inhaler,20mg,Gilead Sciences,Epilepsy and neuropathic pain,Prescription
Amlodipine,Bronchodilator,Extended Release Tablet,50mcg,Abbott,Heart attack and stroke prevention,Prescription
Escitalopram,Statin,Inhaler,100mcg,Eli Lilly,High cholesterol management,Prescription
Dextromethorphan,Topical Anesthetic,Tablet,125mg,Novartis,Minor cuts and skin protection,Over-the-Counter
Alprazolam,Antiplatelet,Nasal Spray,150mg,GlaxoSmithKline,Type 2 diabetes management,Prescription
Lidocaine Cream,Antiplatelet,Patch,250mg,Johnson & Johnson,Motion sickness and nausea,Over-the-Counter
Sertraline,Opioid Analgesic,Inhaler,20mg,Roche,Edema and hypertension,Prescription
Oxycodone,Beta Blocker,Nasal Spray,0.5mg,Johnson & Johnson,Hypertension and heart failure,Prescription
Clindamycin,Statin,Suppository,100mcg,GlaxoSmithKline,Edema and hypertension,Prescription
Pseudoephedrine,Antacid/PPI,Powder,50mg,Bayer,Blood clot prevention,Over-the-Counter
Montelukast,ARB,Suppository,100mcg,Boehringer Ingelheim,Hypothyroidism treatment,Prescription
Zinc Oxide,Sleep Aid,Patch,200mg,3M Healthcare,Cough suppression,Over-the-Counter
Guaifenesin,Decongestant,Cream,5mg,Chattem,Diarrhea treatment,Over-the-Counter
Pregabalin,Antidepressant/SSRI,Liquid,75mg,Pfizer,GERD and peptic ulcer disease,Prescription
Azithromycin,Beta Blocker,Suppository,400mcg,AstraZeneca,Asthma and allergic rhinitis,Prescription
Neosporin,Skin Protectant,Patch,500mg,3M Healthcare,Gas and bloating relief,Over-the-Counter
Aspirin,Antifungal,Liquid,325mg,Novartis,Cough suppression,Over-the-Counter
Trimethoprim,Anticoagulant,Extended Release Tablet,10mg,Bristol-Myers Squibb,Inflammation and autoimmune disorders,Prescription
Hydrocodone,Antidepressant/SSRI,Topical Solution,400mcg,Roche,Bacterial infections treatment,Prescription
Furosemide,Anticonvulsant,Nasal Spray,100mcg,Bristol-Myers Squibb,Blood clot prevention,Prescription
Losartan,Leukotriene Inhibitor,Patch,400mcg,AstraZeneca,Asthma and bronchospasm,Prescription
Salicylic Acid,Skin Protectant,Powder,2%,Sanofi,Nasal congestion relief,Over-the-Counter
Ciprofloxacin,Bronchodilator,Suppository,75mg,Amgen,Hypertension and angina,Prescription
Pregabalin,Thyroid Hormone,Nasal Spray,25mg,Pfizer,Epilepsy and neuropathic pain,Prescription
Montelukast,Thyroid Hormone,Nasal Spray,1000mg,Merck,Hypertension and angina,Prescription
Dexamethasone,Antifungal,Suppository,5mg,Eli Lilly,Hypertension and angina,Prescription
Ibuprofen,Antihistamine,Cream,5mg,GSK,Minor pain and itching relief,Over-the-Counter
Atorvastatin,Corticosteroid,Injection,20mg,Gilead Sciences,Asthma and allergic rhinitis,Prescription
Furosemide,Bronchodilator,Topical Solution,25mg,Sanofi,Epilepsy and neuropathic pain,Prescription
Doxycycline,Antifungal,Patch,500mg,Boehringer Ingelheim,Heart attack and stroke prevention,Prescription
Amlodipine,Antidiabetic,Suppository,100mcg,Merck,Blood clot prevention,Prescription
Zinc Oxide,Expectorant,Powder,400mg,Unilever,Insomnia and sleep aid,Over-the-Counter
Calcium Carbonate,Antacid/H2 Blocker,Cream,325mg,Pfizer,Fungal skin infections,Over-the-Counter
Meclizine,Antacid/H2 Blocker,Spray,50mg,Johnson & Johnson,Acne treatment,Over-the-Counter
Hydrocodone,Opioid Analgesic,Extended Release Tablet,75mg,Johnson & Johnson,Asthma and allergic rhinitis,Prescription
Hydrocodone,ACE Inhibitor,Injection,100mcg,Sanofi,High cholesterol management,Prescription
Ibuprofen,Topical Anesthetic,Gel,10mg,Unilever,Chest congestion and mucus relief,Over-the-Counter
Alprazolam,Thyroid Hormone,Liquid,200mcg,Bristol-Myers Squibb,Epilepsy and neuropathic pain,Prescription
Diphenhydramine,Topical Corticosteroid,Cream,250mg,Novartis,Nasal congestion relief,Over-the-Counter
Magnesium Hydroxide,Antifungal,Patch,100mg,3M Healthcare,Heartburn and acid reflux,Over-the-Counter
Ciprofloxacin,Diuretic,Sublingual Tablet,1mg,Bristol-Myers Squibb,Epilepsy and neuropathic pain,Prescription
Ciprofloxacin,Antiplatelet,Nasal Spray,500mg,Sanofi,Depression and anxiety disorders,Prescription
Cetirizine,Antiemetic,Patch,125mg,Reckitt,Minor pain and itching relief,Over-the-Counter
Cetirizine,Antacid/PPI,Ointment,5%,P&G,Cough suppression,Over-the-Counter
Cetirizine,Decongestant,Cream,1%,3M Healthcare,Gas and bloating relief,Over-the-Counter
Oxycodone,Antibiotic,Sublingual Tablet,10mg,Sanofi,Hypothyroidism treatment,Prescription
Omeprazole,Acne Treatment,Patch,100mg,Novartis,Nasal congestion relief,Over-the-Counter
Aluminum Hydroxide,Antifungal,Tablet,5%,GSK,Heartburn and acid reflux,Over-the-Counter
Clotrimazole,Topical Anesthetic,Chewable Tablet,250mg,Bayer,Heartburn and acid reflux,Over-the-Counter
Clotrimazole,Acne Treatment,Lozenge,5%,Chattem,Minor wound infection prevention,Over-the-Counter
Famotidine,Laxative,Cream,5mg,Unilever,Minor cuts and skin protection,Over-the-Counter
Clindamycin,Bronchodilator,Nasal Spray,50mg,Novartis,Hypertension and angina,Prescription
Albuterol,Bronchodilator,Topical Solution,0.25mg,Bristol-Myers Squibb,Depression and anxiety disorders,Prescription
Clopidogrel,Leukotriene Inhibitor,Patch,10mg,Roche,Moderate to severe pain management,Prescription
Ciprofloxacin,Thyroid Hormone,Inhaler,500mg,Novartis,Hypertension and heart failure,Prescription
Clopidogrel,Antiplatelet,Injection,0.5mg,Johnson & Johnson,Hypertension and heart failure,Prescription
Magnesium Hydroxide,Topical Corticosteroid,Liquid,200mg,Bayer,Nasal congestion relief,Over-the-Counter
Bacitracin,Antidiarrheal,Gel,200mg,P&G,Heartburn and acid reflux,Over-the-Counter
Pseudoephedrine,Skin Protectant,Lozenge,100mg,Prestige Brands,Pain relief and fever reduction,Over-the-Counter
Lisinopril,PPI,Liquid,1000mg,Eli Lilly,GERD and peptic ulcer disease,Prescription
Alprazolam,Opioid Analgesic,Sublingual Tablet,0.5mg,Johnson & Johnson,Moderate to severe pain management,Prescription
Lisinopril,Bronchodilator,Extended Release Tablet,20mg,AstraZeneca,Anxiety and panic disorders,Prescription
Aluminum Hydroxide,Antidiarrheal,Liquid,400mg,Reckitt,Pain relief and fever reduction,Over-the-Counter
Hydrocodone,Leukotriene Inhibitor,Suppository,25mg,Bristol-Myers Squibb,Inflammation and autoimmune disorders,Prescription
Atorvastatin,Anticoagulant,Injection,200mg,Novartis,Asthma and bronchospasm,Prescription
Pantoprazole,Beta Blocker,Patch,200mcg,Amgen,High cholesterol management,Prescription
Metformin,Antiplatelet,Inhaler,150mg,GlaxoSmithKline,Hypertension and heart failure,Prescription
Pantoprazole,Diuretic,Topical Solution,500mg,Johnson & Johnson,Depression and anxiety disorders,Prescription
Clopidogrel,Antidepressant/SSRI,IV Infusion,2mg,Gilead Sciences,Hypertension and heart failure,Prescription
Ibuprofen,Topical Corticosteroid,Lozenge,325mg,Chattem,Acne treatment,Over-the-Counter
Docusate Sodium,Analgesic,Capsule,400mg,Chattem,Diarrhea treatment,Over-the-Counter
Bismuth Subsalicylate,Expectorant,Lozenge,200mg,Sanofi,Blood clot prevention,Over-the-Counter
Ranitidine,Antiplatelet,Lozenge,2%,Unilever,Motion sickness and nausea,Over-the-Counter
Salicylic Acid,Antacid/H2 Blocker,Capsule,400mg,Unilever,Blood clot prevention,Over-the-Counter
Lisinopril,Antiplatelet,Nasal Spray,250mg,Gilead Sciences,Hypertension and angina,Prescription
Amlodipine,Anticoagulant,Suppository,50mg,Gilead Sciences,Bacterial infections treatment,Prescription
Gabapentin,Diuretic,Topical Solution,400mcg,Johnson & Johnson,Edema and hypertension,Prescription
Oxycodone,Opioid Analgesic,Capsule,75mg,Merck,Asthma and allergic rhinitis,Prescription
Sertraline,Antiplatelet,Capsule,1mg,Pfizer,Asthma and bronchospasm,Prescription
Pantoprazole,Diuretic,Capsule,20mg,Bristol-Myers Squibb,Hypertension and angina,Prescription
Pantoprazole,Antibiotic,Sublingual Tablet,150mg,Abbott,Moderate to severe pain management,Prescription
Doxycycline,Anxiolytic/Benzodiazepine,IV Infusion,200mcg,Gilead Sciences,GERD and peptic ulcer disease,Prescription
Bacitracin,Cough Suppressant,Cream,2%,Johnson & Johnson,Gas and bloating relief,Over-the-Counter
Doxycycline,PPI,Injection,25mg,Novartis,Hypertension management,Prescription
Meclizine,Antiemetic,Spray,1%,Chattem,Constipation relief,Over-the-Counter
Cetirizine,Skin Protectant,Gel,5mg,Bayer,Minor wound infection prevention,Over-the-Counter
Albuterol,Anticonvulsant,Injection,100mg,Gilead Sciences,Inflammation and autoimmune disorders,Prescription
Bacitracin,Antidiarrheal,Capsule,1%,Unilever,Skin inflammation and itching,Over-the-Counter
Montelukast,Diuretic,Injection,2mg,Johnson & Johnson,Edema and hypertension,Prescription
Lisinopril,Thyroid Hormone,Inhaler,400mcg,Gilead Sciences,GERD and peptic ulcer disease,Prescription
Ranitidine,Antifungal,Chewable Tablet,125mg,3M Healthcare,Skin inflammation and itching,Over-the-Counter
Metoprolol,PPI,Sublingual Tablet,100mcg,Eli Lilly,Blood clot prevention,Prescription
Dextromethorphan,Antidiarrheal,Spray,20mg,GSK,Skin inflammation and itching,Over-the-Counter
Pseudoephedrine,Skin Protectant,Capsule,5mg,P&G,Acne treatment,Over-the-Counter
Losartan,Antidiabetic,Liquid,50mcg,Gilead Sciences,Blood clot prevention,Prescription
Benzoyl Peroxide,Cough Suppressant,Spray,325mg,3M Healthcare,Minor cuts and skin protection,Over-the-Counter
Gabapentin,PPI,Tablet,100mcg,Pfizer,Hypertension and heart failure,Prescription
Famotidine,Expectorant,Ointment,500mg,Unilever,Pain relief and fever reduction,Over-the-Counter
Escitalopram,Opioid Analgesic,IV Infusion,75mg,Merck,Depression and anxiety disorders,Prescription
Bismuth Subsalicylate,Topical Anesthetic,Cream,2%,Novartis,GERD and peptic ulcer,Over-the-Counter
Calcium Carbonate,Antiflatulent,Liquid,20mg,Pfizer,Chest congestion and mucus relief,Over-the-Counter
Sertraline,Anxiolytic/Benzodiazepine,Injection,400mcg,GlaxoSmithKline,Depression and anxiety disorders,Prescription
Docusate Sodium,Cough Suppressant,Chewable Tablet,25mg,Sanofi,GERD and peptic ulcer,Over-the-Counter
Salicylic Acid,Skin Protectant,Ointment,5%,Bayer,Heartburn and indigestion,Over-the-Counter
Famotidine,Topical Anesthetic,Powder,2%,Chattem,Nasal congestion relief,Over-the-Counter
Metronidazole,Antifungal,Nasal Spray,2mg,GlaxoSmithKline,Heart attack and stroke prevention,Prescription
Hydrocodone,ACE Inhibitor,Liquid,1mg,Bristol-Myers Squibb,Anxiety and panic disorders,Prescription
Bacitracin,Antidiarrheal,Powder,5%,Unilever,Gas and bloating relief,Over-the-Counter
Pseudoephedrine,Expectorant,Spray,500mg,Sanofi,Diarrhea treatment,Over-the-Counter
Sertraline,Bronchodilator,Nasal Spray,75mg,Abbott,Anxiety and panic disorders,Prescription
Pregabalin,Opioid Analgesic,Capsule,2mg,Sanofi,Type 2 diabetes management,Prescription
Trimethoprim,Calcium Channel Blocker,Sublingual Tablet,200mcg,Bristol-Myers Squibb,Hypothyroidism treatment,Prescription
Levothyroxine,Diuretic,Patch,150mg,Boehringer Ingelheim,Hypertension and angina,Prescription
Atorvastatin,Anxiolytic/Benzodiazepine,Nasal Spray,0.5mg,Abbott,Moderate to severe pain management,Prescription
Pantoprazole,Beta Blocker,Sublingual Tablet,50mcg,Roche,Bacterial infections treatment,Prescription
Famotidine,Antacid,Patch,10mg,P&G,Pain relief and fever reduction,Over-the-Counter
Dextromethorphan,Analgesic,Ointment,125mg,P&G,Chest congestion and mucus relief,Over-the-Counter
Gabapentin,Antidepressant/SSRI,Inhaler,50mg,Gilead Sciences,GERD and peptic ulcer disease,Prescription
Lidocaine Cream,Laxative,Drops,5%,Unilever,Allergic rhinitis and hives,Over-the-Counter
Bismuth Subsalicylate,Antiemetic,Chewable Tablet,500mg,Bayer,Nasal congestion relief,Over-the-Counter
Diphenhydramine,Antihistamine,Powder,500mg,Bayer,Minor cuts and skin protection,Over-the-Counter
Guaifenesin,Laxative,Chewable Tablet,125mg,Bayer,Cough suppression,Over-the-Counter
Hydrocodone,ACE Inhibitor,Suppository,400mcg,AstraZeneca,Epilepsy and neuropathic pain,Prescription
Lidocaine Cream,Acne Treatment,Ointment,10mg,Pfizer,Minor pain and itching relief,Over-the-Counter
Pantoprazole,Antidepressant/SSRI,Inhaler,2mg,Bristol-Myers Squibb,Moderate to severe pain management,Prescription
Doxycycline,Anticonvulsant,Topical Solution,25mg,Merck,Hypertension management,Prescription
Ciprofloxacin,Diuretic,Capsule,100mg,Johnson & Johnson,Hypertension and angina,Prescription
Naproxen,Expectorant,Cream,20mg,Novartis,Fungal skin infections,Over-the-Counter
Famotidine,Antacid,Powder,125mg,Bayer,Nasal congestion relief,Over-the-Counter
Hydrocortisone Cream,Topical Antibiotic,Lozenge,2%,Bayer,GERD and peptic ulcer,Over-the-Counter
Warfarin,PPI,IV Infusion,250mg,Amgen,Type 2 diabetes management,Prescription
Cetirizine,Antihistamine,Chewable Tablet,400mg,Sanofi,GERD and peptic ulcer,Over-the-Counter
Hydrocodone,Opioid Analgesic,Injection,50mg,Abbott,Hypothyroidism treatment,Prescription
Famotidine,Antiemetic,Liquid,250mg,Bayer,Minor cuts and skin protection,Over-the-Counter
Salicylic Acid,Antacid/H2 Blocker,Capsule,100mg,Sanofi,Fungal skin infections,Over-the-Counter
Simethicone,Cough Suppressant,Lozenge,325mg,Pfizer,Minor wound infection prevention,Over-the-Counter
Clindamycin,Anxiolytic/Benzodiazepine,Injection,200mg,AstraZeneca,Epilepsy and neuropathic pain,Prescription
Trimethoprim,Beta Blocker,Tablet,200mcg,Boehringer Ingelheim,Edema and hypertension,Prescription
Benzoyl Peroxide,Topical Antibiotic,Ointment,1%,Prestige Brands,Gas and bloating relief,Over-the-Counter
Pregabalin,ARB,Extended Release Tablet,100mg,Novartis,Heart attack and stroke prevention,Prescription
Neosporin,Cough Suppressant,Chewable Tablet,250mg,Chattem,Insomnia and sleep aid,Over-the-Counter
Clopidogrel,Antiplatelet,Nasal Spray,150mg,Sanofi,Depression and anxiety disorders,Prescription
Losartan,Diuretic,Nasal Spray,1mg,Eli Lilly,Hypertension and heart failure,Prescription
Clindamycin,Anxiolytic/Benzodiazepine,Patch,25mg,Bristol-Myers Squibb,GERD and peptic ulcer disease,Prescription
Benzoyl Peroxide,Antacid/H2 Blocker,Drops,150mg,3M Healthcare,Fungal skin infections,Over-the-Counter
Hydrocortisone Cream,Analgesic,Powder,20mg,Johnson & Johnson,Insomnia and sleep aid,Over-the-Counter
Levothyroxine,Thyroid Hormone,Inhaler,200mg,Eli Lilly,Inflammation and autoimmune disorders,Prescription
Warfarin,Thyroid Hormone,Sublingual Tablet,400mcg,Pfizer,Bacterial infections treatment,Prescription
Trimethoprim,Anticoagulant,IV Infusion,0.5mg,Pfizer,Hypertension and heart failure,Prescription
Bacitracin,Topical Antibiotic,Cream,1%,Bayer,Heartburn and indigestion,Over-the-Counter
Doxycycline,Antiplatelet,Liquid,0.5mg,Novartis,Edema and hypertension,Prescription
Ibuprofen,Antidiarrheal,Capsule,10mg,Novartis,Diarrhea treatment,Over-the-Counter
Clopidogrel,Antidepressant/SSRI,Patch,5mg,GlaxoSmithKline,Blood clot prevention,Prescription
Ibuprofen,Topical Anesthetic,Gel,10mg,Sanofi,Minor cuts and skin protection,Over-the-Counter
Lidocaine Cream,Antacid/PPI,Drops,20mg,Novartis,Diarrhea treatment,Over-the-Counter
Atorvastatin,PPI,Nasal Spray,1000mg,Gilead Sciences,Blood clot prevention,Prescription
Metronidazole,Calcium Channel Blocker,Capsule,20mg,Bristol-Myers Squibb,Hypertension and heart failure,Prescription
Dextromethorphan,Antifungal,Drops,250mg,Sanofi,Insomnia and sleep aid,Over-the-Counter
Amlodipine,Antidiabetic,Tablet,20mg,AstraZeneca,Asthma and bronchospasm,Prescription
Aspirin,Topical Corticosteroid,Tablet,325mg,Pfizer,Fungal skin infections,Over-the-Counter
Pregabalin,Diuretic,Liquid,200mg,Novartis,Edema and hypertension,Prescription
Fluoxetine,Calcium Channel Blocker,Extended Release Tablet,10mg,Abbott,Asthma and allergic rhinitis,Prescription
Docusate Sodium,Antihistamine,Patch,25mg,Bayer,Heartburn and indigestion,Over-the-Counter
Naproxen,Topical Corticosteroid,Ointment,250mg,Reckitt,Chest congestion and mucus relief,Over-the-Counter
Atorvastatin,ARB,Suppository,150mg,Merck,Epilepsy and neuropathic pain,Prescription
Lisinopril,PPI,Capsule,0.25mg,Merck,Anxiety and panic disorders,Prescription
Dextromethorphan,Topical Anesthetic,Ointment,150mg,Unilever,Gas and bloating relief,Over-the-Counter
Aluminum Hydroxide,Antidiarrheal,Gel,325mg,Bayer,Minor pain and itching relief,Over-the-Counter
Fluoxetine,Calcium Channel Blocker,Nasal Spray,200mg,Sanofi,Hypertension and heart failure,Prescription
Metoprolol,ARB,Injection,100mcg,Amgen,Hypertension and heart failure,Prescription
Levothyroxine,ARB,Liquid,5mg,Amgen,Blood clot prevention,Prescription
Fluoxetine,Thyroid Hormone,Liquid,1mg,Boehringer Ingelheim,Hypertension and heart failure,Prescription
Neosporin,Decongestant,Powder,500mg,Bayer,GERD and peptic ulcer,Over-the-Counter
Calcium Carbonate,Topical Corticosteroid,Gel,325mg,Chattem,Diarrhea treatment,Over-the-Counter
Calcium Carbonate,Topical Anesthetic,Capsule,20mg,Johnson & Johnson,Allergic rhinitis and hives,Over-the-Counter
Guaifenesin,Antacid/H2 Blocker,Powder,5%,P&G,Heartburn and acid reflux,Over-the-Counter
Pseudoephedrine,Antacid/H2 Blocker,Patch,100mg,P&G,Fungal skin infections,Over-the-Counter
Lisinopril,Corticosteroid,Patch,50mcg,AstraZeneca,Hypertension and heart failure,Prescription
Sertraline,Bronchodilator,Extended Release Tablet,10mg,Abbott,High cholesterol management,Prescription
Neosporin,Antacid,Ointment,100mg,GSK,Minor cuts and skin protection,Over-the-Counter
Oxycodone,Anticoagulant,IV Infusion,400mcg,Abbott,Anxiety and panic disorders,Prescription
Diphenhydramine,Topical Antibiotic,Patch,200mg,Novartis,Minor cuts and skin protection,Over-the-Counter
Aluminum Hydroxide,Antacid/PPI,Cream,250mg,Sanofi,Minor wound infection prevention,Over-the-Counter
Guaifenesin,Antiflatulent,Liquid,10mg,Reckitt,Allergic rhinitis and hives,Over-the-Counter
Amlodipine,Leukotriene Inhibitor,IV Infusion,25mg,Abbott,Hypertension management,Prescription
Furosemide,Opioid Analgesic,Inhaler,2mg,Boehringer Ingelheim,Asthma and allergic rhinitis,Prescription
Oxycodone,Antiplatelet,Tablet,400mcg,Eli Lilly,Inflammation and autoimmune disorders,Prescription
Fluoxetine,Corticosteroid,Extended Release Tablet,50mcg,Bristol-Myers Squibb,Asthma and bronchospasm,Prescription
Pantoprazole,Thyroid Hormone,Suppository,250mg,Sanofi,Epilepsy and neuropathic pain,Prescription
Azithromycin,Antibiotic,Patch,100mcg,Bristol-Myers Squibb,Hypertension management,Prescription
Omeprazole,Antifungal,Lozenge,200mg,3M Healthcare,Heartburn and acid reflux,Over-the-Counter
Meclizine,Analgesic,Lozenge,150mg,P&G,Minor wound infection prevention,Over-the-Counter
Docusate Sodium,Decongestant,Gel,325mg,Pfizer,Minor pain and itching relief,Over-the-Counter
Neosporin,Antiemetic,Tablet,150mg,GSK,Motion sickness and nausea,Over-the-Counter
Oxycodone,Bronchodilator,Extended Release Tablet,150mg,Amgen,Moderate to severe pain management,Prescription
Cetirizine,Decongestant,Chewable Tablet,5mg,Sanofi,Allergic rhinitis and hives,Over-the-Counter
Calcium Carbonate,Antacid/H2 Blocker,Lozenge,125mg,Johnson & Johnson,Constipation relief,Over-the-Counter
Losartan,Antidiabetic,IV Infusion,75mg,Merck,Hypothyroidism treatment,Prescription
Montelukast,Thyroid Hormone,Extended Release Tablet,10mg,GlaxoSmithKline,Hypertension and heart failure,Prescription
Salicylic Acid,Skin Protectant,Powder,125mg,Bayer,Minor pain and itching relief,Over-the-Counter
Miconazole,Antacid/H2 Blocker,Ointment,50mg,P&G,Blood clot prevention,Over-the-Counter
Fluoxetine,Anticonvulsant,Inhaler,400mcg,AstraZeneca,Hypertension and angina,Prescription
Ciprofloxacin,Corticosteroid,Injection,200mg,Gilead Sciences,Heart attack and stroke prevention,Prescription
Pregabalin,Opioid Analgesic,Capsule,2mg,Pfizer,Moderate to severe pain management,Prescription
Famotidine,Sleep Aid,Ointment,150mg,Unilever,Fungal skin infections,Over-the-Counter
Trimethoprim,Opioid Analgesic,Tablet,1mg,Merck,Asthma and allergic rhinitis,Prescription
Warfarin,Antifungal,Extended Release Tablet,500mg,Pfizer,Moderate to severe pain management,Prescription
Montelukast,Calcium Channel Blocker,Liquid,5mg,Johnson & Johnson,Epilepsy and neuropathic pain,Prescription
Meclizine,Topical Corticosteroid,Tablet,100mg,P&G,GERD and peptic ulcer,Over-the-Counter
Diphenhydramine,Sleep Aid,Gel,5mg,Pfizer,Allergic rhinitis and hives,Over-the-Counter
Dexamethasone,Thyroid Hormone,Liquid,1mg,AstraZeneca,Asthma and bronchospasm,Prescription
Docusate Sodium,Antacid,Lozenge,50mg,Chattem,Constipation relief,Over-the-Counter
Pregabalin,PPI,IV Infusion,500mg,Sanofi,GERD and peptic ulcer disease,Prescription
Fluoxetine,Statin,Nasal Spray,0.5mg,Abbott,Asthma and bronchospasm,Prescription
Meclizine,Cough Suppressant,Gel,400mg,Novartis,Minor pain and itching relief,Over-the-Counter
Diphenhydramine,Expectorant,Ointment,25mg,Reckitt,Heartburn and indigestion,Over-the-Counter
Escitalopram,Antifungal,Liquid,75mg,Merck,High cholesterol management,Prescription
Doxycycline,Corticosteroid,IV Infusion,500mg,AstraZeneca,Blood clot prevention,Prescription
Dextromethorphan,Sleep Aid,Tablet,2%,Pfizer,Allergic rhinitis and hives,Over-the-Counter
Cetirizine,Antiplatelet,Patch,400mg,Sanofi,Acne treatment,Over-the-Counter
Ranitidine,Antacid/H2 Blocker,Powder,10mg,P&G,Cough suppression,Over-the-Counter
Metformin,Calcium Channel Blocker,Patch,250mg,Abbott,Epilepsy and neuropathic pain,Prescription
Prednisone,ARB,Sublingual Tablet,2mg,Gilead Sciences,Fungal infections treatment,Prescription
Zinc Oxide,Expectorant,Gel,500mg,3M Healthcare,Nasal congestion relief,Over-the-Counter
Diphenhydramine,Antihistamine,Tablet,500mg,Pfizer,Acne treatment,Over-the-Counter
Losartan,Antibiotic,Tablet,0.25mg,Johnson & Johnson,Moderate to severe pain management,Prescription
Cetirizine,Antiflatulent,Spray,2%,Chattem,GERD and peptic ulcer,Over-the-Counter
Famotidine,Antacid/H2 Blocker,Powder,25mg,Johnson & Johnson,Motion sickness and nausea,Over-the-Counter
Losartan,Bronchodilator,Topical Solution,1mg,GlaxoSmithKline,Bacterial infections treatment,Prescription
Benzoyl Peroxide,Topical Corticosteroid,Drops,400mg,Pfizer,Motion sickness and nausea,Over-the-Counter
Miconazole,Antiflatulent,Liquid,1%,Johnson & Johnson,Fungal skin infections,Over-the-Counter
Miconazole,Expectorant,Liquid,400mg,Unilever,Motion sickness and nausea,Over-the-Counter
Lisinopril,Calcium Channel Blocker,Sublingual Tablet,25mg,Pfizer,Hypothyroidism treatment,Prescription
Bismuth Subsalicylate,Topical Anesthetic,Chewable Tablet,400mg,Prestige Brands,Minor wound infection prevention,Over-the-Counter
Losartan,Diuretic,Nasal Spray,10mg,Novartis,Moderate to severe pain management,Prescription
Clindamycin,Anxiolytic/Benzodiazepine,IV Infusion,20mg,Sanofi,Anxiety and panic disorders,Prescription
Metronidazole,Antibiotic,Liquid,0.25mg,Johnson & Johnson,GERD and peptic ulcer disease,Prescription
Trimethoprim,Opioid Analgesic,Tablet,400mcg,Merck,Heart attack and stroke prevention,Prescription
Omeprazole,Topical Anesthetic,Patch,125mg,GSK,GERD and peptic ulcer,Over-the-Counter
Bacitracin,Topical Antibiotic,Cream,1%,Prestige Brands,Heartburn and acid reflux,Over-the-Counter
Bismuth Subsalicylate,Antifungal,Ointment,400mg,Unilever,Minor pain and itching relief,Over-the-Counter
Meclizine,Decongestant,Spray,400mg,GSK,Diarrhea treatment,Over-the-Counter
Amlodipine,Leukotriene Inhibitor,Capsule,100mg,Sanofi,Anxiety and panic disorders,Prescription
Losartan,ACE Inhibitor,Nasal Spray,1mg,Amgen,Depression and anxiety disorders,Prescription
Simethicone,Antacid/PPI,Chewable Tablet,250mg,Chattem,Fungal skin infections,Over-the-Counter
Warfarin,Antidepressant/SSRI,Injection,5mg,Gilead Sciences,Hypertension and heart failure,Prescription
Aluminum Hydroxide,Antiflatulent,Liquid,325mg,Johnson & Johnson,Diarrhea treatment,Over-the-Counter
Levothyroxine,PPI,Topical Solution,25mg,AstraZeneca,GERD and peptic ulcer disease,Prescription
Ranitidine,Antiplatelet,Tablet,10mg,P&G,Acne treatment,Over-the-Counter
Diphenhydramine,Antiplatelet,Drops,20mg,Reckitt,Gas and bloating relief,Over-the-Counter
Alprazolam,Leukotriene Inhibitor,Injection,25mg,Abbott,Fungal infections treatment,Prescription
Neosporin,Topical Anesthetic,Tablet,125mg,3M Healthcare,Diarrhea treatment,Over-the-Counter
Hydrocodone,Calcium Channel Blocker,Sublingual Tablet,25mg,Abbott,GERD and peptic ulcer disease,Prescription
Neosporin,Antihistamine,Gel,250mg,P&G,Blood clot prevention,Over-the-Counter
Hydrocortisone Cream,Acne Treatment,Gel,5%,Johnson & Johnson,Insomnia and sleep aid,Over-the-Counter
Levothyroxine,Anticoagulant,Nasal Spray,400mcg,GlaxoSmithKline,Blood clot prevention,Prescription
Oxycodone,Bronchodilator,Inhaler,0.5mg,Novartis,Fungal infections treatment,Prescription
Montelukast,Thyroid Hormone,Inhaler,150mg,Novartis,GERD and peptic ulcer disease,Prescription
Dexamethasone,ARB,Patch,200mg,Pfizer,Depression and anxiety disorders,Prescription
Fluoxetine,Anticoagulant,Inhaler,200mg,Merck,Bacterial infections treatment,Prescription
Pantoprazole,ARB,Capsule,400mcg,Abbott,Asthma and bronchospasm,Prescription
Calcium Carbonate,Antacid/H2 Blocker,Drops,5%,Bayer,Pain relief and fever reduction,Over-the-Counter
Sertraline,PPI,Topical Solution,200mg,Roche,Asthma and allergic rhinitis,Prescription
Acetaminophen,Antacid/PPI,Drops,1%,P&G,Acne treatment,Over-the-Counter
Trimethoprim,Antibiotic,Sublingual Tablet,0.5mg,Abbott,Asthma and bronchospasm,Prescription
Gabapentin,Antifungal,Topical Solution,2mg,AstraZeneca,Asthma and bronchospasm,Prescription
Docusate Sodium,Antacid/PPI,Powder,5%,3M Healthcare,Cough suppression,Over-the-Counter
Amlodipine,Diuretic,Injection,5mg,Amgen,Type 2 diabetes management,Prescription
Aspirin,Decongestant,Drops,5mg,Bayer,Diarrhea treatment,Over-the-Counter
Pregabalin,Beta Blocker,IV Infusion,100mcg,Merck,Inflammation and autoimmune disorders,Prescription
Acetaminophen,Topical Anesthetic,Powder,400mg,P&G,Diarrhea treatment,Over-the-Counter
Naproxen,Sleep Aid,Powder,200mg,Johnson & Johnson,Minor wound infection prevention,Over-the-Counter
Clopidogrel,Thyroid Hormone,Patch,10mg,GlaxoSmithKline,Inflammation and autoimmune disorders,Prescription
Pregabalin,Corticosteroid,Liquid,50mcg,Gilead Sciences,Heart attack and stroke prevention,Prescription
Benzoyl Peroxide,Antacid/H2 Blocker,Ointment,400mg,Bayer,Minor wound infection prevention,Over-the-Counter
Metoprolol,Leukotriene Inhibitor,Sublingual Tablet,200mg,Boehringer Ingelheim,Epilepsy and neuropathic pain,Prescription
Metronidazole,Anticonvulsant,Suppository,250mg,AstraZeneca,Inflammation and autoimmune disorders,Prescription
Ranitidine,Antifungal,Liquid,100mg,Pfizer,Nasal congestion relief,Over-the-Counter
Oxycodone,Antiplatelet,Inhaler,100mcg,Johnson & Johnson,Blood clot prevention,Prescription
Escitalopram,PPI,Inhaler,20mg,Boehringer Ingelheim,Hypertension and angina,Prescription
Atorvastatin,Bronchodilator,Inhaler,5mg,GlaxoSmithKline,Hypothyroidism treatment,Prescription
Dexamethasone,Antidepressant/SSRI,Extended Release Tablet,150mg,Sanofi,Hypertension and heart failure,Prescription
Cetirizine,Skin Protectant,Chewable Tablet,500mg,Novartis,Heartburn and indigestion,Over-the-Counter
Metformin,Antiplatelet,Topical Solution,10mg,Boehringer Ingelheim,Hypothyroidism treatment,Prescription
Ciprofloxacin,Leukotriene Inhibitor,Inhaler,500mg,Amgen,Heart attack and stroke prevention,Prescription
Metformin,Beta Blocker,Inhaler,2mg,Gilead Sciences,Hypertension and heart failure,Prescription
Trimethoprim,Beta Blocker,Extended Release Tablet,2mg,Amgen,Hypothyroidism treatment,Prescription
Simethicone,Antacid/PPI,Lozenge,400mg,3M Healthcare,Cough suppression,Over-the-Counter
Ibuprofen,Laxative,Liquid,25mg,Unilever,Fungal skin infections,Over-the-Counter
Dextromethorphan,Sleep Aid,Gel,20mg,GSK,Gas and bloating relief,Over-the-Counter
Simethicone,Antiplatelet,Lozenge,20mg,Novartis,Skin inflammation and itching,Over-the-Counter
Trimethoprim,Beta Blocker,Liquid,1mg,Johnson & Johnson,Hypertension and heart failure,Prescription
Amlodipine,Calcium Channel Blocker,Suppository,100mg,Bristol-Myers Squibb,Hypothyroidism treatment,Prescription
Furosemide,Anxiolytic/Benzodiazepine,Injection,400mcg,Pfizer,Asthma and bronchospasm,Prescription
Loperamide,Antiflatulent,Ointment,150mg,Chattem,Insomnia and sleep aid,Over-the-Counter
Sertraline,Leukotriene Inhibitor,Suppository,200mcg,Merck,High cholesterol management,Prescription
Diphenhydramine,Sleep Aid,Gel,250mg,Prestige Brands,Gas and bloating relief,Over-the-Counter
Clindamycin,Diuretic,Tablet,1mg,Abbott,Asthma and allergic rhinitis,Prescription
Alprazolam,Diuretic,IV Infusion,250mg,Merck,Moderate to severe pain management,Prescription
Docusate Sodium,Expectorant,Chewable Tablet,25mg,Prestige Brands,Motion sickness and nausea,Over-the-Counter
Simethicone,Laxative,Patch,125mg,GSK,Chest congestion and mucus relief,Over-the-Counter
Zinc Oxide,Analgesic,Capsule,25mg,Prestige Brands,Fungal skin infections,Over-the-Counter
Simethicone,Antihistamine,Gel,100mg,Novartis,Skin inflammation and itching,Over-the-Counter
Dextromethorphan,Antihistamine,Gel,2%,Bayer,GERD and peptic ulcer,Over-the-Counter
Aluminum Hydroxide,Sleep Aid,Powder,1%,Novartis,Minor pain and itching relief,Over-the-Counter
Azithromycin,Opioid Analgesic,Nasal Spray,0.5mg,Abbott,Hypertension and heart failure,Prescription
Sertraline,Leukotriene Inhibitor,Tablet,5mg,AstraZeneca,Bacterial infections treatment,Prescription
Acetaminophen,Antifungal,Ointment,20mg,Pfizer,Minor pain and itching relief,Over-the-Counter
Metformin,Bronchodilator,Tablet,10mg,Amgen,Hypertension and heart failure,Prescription
Lisinopril,Antidiabetic,Sublingual Tablet,100mcg,Amgen,Epilepsy and neuropathic pain,Prescription
Hydrocortisone Cream,Topical Anesthetic,Cream,500mg,Sanofi,Gas and bloating relief,Over-the-Counter
Benzoyl Peroxide,Analgesic,Patch,100mg,Novartis,Nasal congestion relief,Over-the-Counter
Furosemide,Leukotriene Inhibitor,Topical Solution,100mg,Boehringer Ingelheim,Depression and anxiety disorders,Prescription
Prednisone,Thyroid Hormone,Sublingual Tablet,50mcg,Amgen,Hypertension and heart failure,Prescription
Alprazolam,Antidiabetic,IV Infusion,25mg,Novartis,Asthma and bronchospasm,Prescription
Neosporin,Skin Protectant,Spray,500mg,Bayer,Minor wound infection prevention,Over-the-Counter
Naproxen,Antihistamine,Gel,20mg,Chattem,Diarrhea treatment,Over-the-Counter
Metronidazole,Antifungal,Liquid,75mg,Eli Lilly,High cholesterol management,Prescription
Dextromethorphan,Antifungal,Cream,400mg,3M Healthcare,Chest congestion and mucus relief,Over-the-Counter
Benzoyl Peroxide,Laxative,Tablet,5%,Sanofi,Motion sickness and nausea,Over-the-Counter
Prednisone,ACE Inhibitor,Topical Solution,0.5mg,GlaxoSmithKline,GERD and peptic ulcer disease,Prescription
Clopidogrel,Antidiabetic,IV Infusion,200mg,GlaxoSmithKline,Bacterial infections treatment,Prescription
Zinc Oxide,Acne Treatment,Lozenge,5mg,Prestige Brands,Cough suppression,Over-the-Counter
Amlodipine,PPI,Liquid,200mcg,Gilead Sciences,GERD and peptic ulcer disease,Prescription
Ciprofloxacin,Statin,Topical Solution,0.5mg,Boehringer Ingelheim,Type 2 diabetes management,Prescription
Loperamide,Topical Anesthetic,Liquid,5%,GSK,Minor pain and itching relief,Over-the-Counter
Acetaminophen,Acne Treatment,Liquid,100mg,Unilever,Gas and bloating relief,Over-the-Counter
Zinc Oxide,Laxative,Tablet,50mg,3M Healthcare,Nasal congestion relief,Over-the-Counter
Docusate Sodium,Acne Treatment,Gel,125mg,Pfizer,Skin inflammation and itching,Over-the-Counter
Salicylic Acid,Antiemetic,Capsule,100mg,Novartis,Fungal skin infections,Over-the-Counter
Magnesium Hydroxide,Sleep Aid,Powder,200mg,3M Healthcare,Gas and bloating relief,Over-the-Counter
Metoprolol,Beta Blocker,Injection,200mg,Amgen,Asthma and allergic rhinitis,Prescription
Escitalopram,ARB,Nasal Spray,100mcg,Johnson & Johnson,Hypertension and heart failure,Prescription
Atorvastatin,Calcium Channel Blocker,Inhaler,75mg,Pfizer,Inflammation and autoimmune disorders,Prescription
Loratadine,Antacid/H2 Blocker,Spray,5%,Unilever,Nasal congestion relief,Over-the-Counter
Hydrocodone,Anticonvulsant,Extended Release Tablet,20mg,Boehringer Ingelheim,Bacterial infections treatment,Prescription
Dexamethasone,Anticoagulant,Nasal Spray,200mcg,Boehringer Ingelheim,GERD and peptic ulcer disease,Prescription
Aspirin,Topical Anesthetic,Liquid,1%,Pfizer,Minor cuts and skin protection,Over-the-Counter
Prednisone,Thyroid Hormone,Tablet,2mg,Eli Lilly,Bacterial infections treatment,Prescription
Sertraline,Antidepressant/SSRI,Suppository,100mg,Amgen,Heart attack and stroke prevention,Prescription
Guaifenesin,Antidiarrheal,Capsule,20mg,Pfizer,Chest congestion and mucus relief,Over-the-Counter
Miconazole,Antiplatelet,Gel,200mg,Chattem,Pain relief and fever reduction,Over-the-Counter
Cetirizine,Antihistamine,Drops,200mg,Prestige Brands,Minor cuts and skin protection,Over-the-Counter
Hydrocodone,Diuretic,IV Infusion,400mcg,AstraZeneca,Type 2 diabetes management,Prescription
Gabapentin,Antibiotic,Inhaler,1000mg,AstraZeneca,Type 2 diabetes management,Prescription
Magnesium Hydroxide,Cough Suppressant,Drops,25mg,Sanofi,Nasal congestion relief,Over-the-Counter
Levothyroxine,Bronchodilator,IV Infusion,2mg,Novartis,Edema and hypertension,Prescription
Metformin,Calcium Channel Blocker,IV Infusion,200mcg,Roche,Heart attack and stroke prevention,Prescription
Miconazole,Expectorant,Liquid,500mg,Reckitt,GERD and peptic ulcer,Over-the-Counter
Dexamethasone,Antidiabetic,Tablet,0.25mg,Novartis,Asthma and bronchospasm,Prescription
Cetirizine,Cough Suppressant,Chewable Tablet,25mg,Pfizer,Minor wound infection prevention,Over-the-Counter
Trimethoprim,Anticoagulant,Capsule,2mg,Gilead Sciences,Hypertension and heart failure,Prescription
Dextromethorphan,Antihistamine,Spray,50mg,Novartis,Cough suppression,Over-the-Counter
Calcium Carbonate,Antidiarrheal,Tablet,325mg,Novartis,Minor pain and itching relief,Over-the-Counter
Oxycodone,Calcium Channel Blocker,Extended Release Tablet,25mg,Roche,Asthma and allergic rhinitis,Prescription
Lidocaine Cream,Antifungal,Chewable Tablet,5%,Sanofi,Diarrhea treatment,Over-the-Counter
Lidocaine Cream,Antiflatulent,Chewable Tablet,2%,Prestige Brands,Chest congestion and mucus relief,Over-the-Counter
Ciprofloxacin,Statin,Injection,5mg,Eli Lilly,Inflammation and autoimmune disorders,Prescription
Escitalopram,Corticosteroid,Tablet,1mg,AstraZeneca,Hypertension and heart failure,Prescription
Amoxicillin,Anticonvulsant,Extended Release Tablet,25mg,Novartis,Bacterial infections treatment,Prescription
Amoxicillin,Diuretic,Suppository,0.5mg,Sanofi,Anxiety and panic disorders,Prescription
Ibuprofen,Antiemetic,Gel,2%,Bayer,Pain relief and fever reduction,Over-the-Counter
Metronidazole,Diuretic,Suppository,10mg,Gilead Sciences,GERD and peptic ulcer disease,Prescription
Aluminum Hydroxide,Antiemetic,Drops,200mg,Pfizer,Constipation relief,Over-the-Counter
Calcium Carbonate,Analgesic,Gel,10mg,Johnson & Johnson,Minor pain and itching relief,Over-the-Counter
Losartan,PPI,Sublingual Tablet,75mg,Johnson & Johnson,Blood clot prevention,Prescription
Hydrocortisone Cream,Antiflatulent,Patch,2%,Chattem,Cough suppression,Over-the-Counter
Miconazole,Sleep Aid,Gel,400mg,3M Healthcare,Allergic rhinitis and hives,Over-the-Counter
Clopidogrel,Diuretic,IV Infusion,100mg,Merck,Depression and anxiety disorders,Prescription
Levothyroxine,Antibiotic,Sublingual Tablet,50mg,Roche,Blood clot prevention,Prescription
Amlodipine,Antidepressant/SSRI,Suppository,100mcg,Abbott,Blood clot prevention,Prescription
Ciprofloxacin,Opioid Analgesic,Liquid,25mg,Sanofi,GERD and peptic ulcer disease,Prescription
Omeprazole,Antacid,Ointment,400mg,Unilever,Minor wound infection prevention,Over-the-Counter
Clotrimazole,Antiemetic,Spray,5mg,Bayer,Chest congestion and mucus relief,Over-the-Counter
Furosemide,Antiplatelet,Liquid,20mg,Novartis,GERD and peptic ulcer disease,Prescription
Losartan,Anticoagulant,Patch,200mcg,Johnson & Johnson,Hypertension management,Prescription
Famotidine,Acne Treatment,Patch,100mg,3M Healthcare,Gas and bloating relief,Over-the-Counter
Pregabalin,Antidepressant/SSRI,Suppository,400mcg,Pfizer,Asthma and bronchospasm,Prescription
Levothyroxine,ARB,Liquid,10mg,Eli Lilly,Asthma and bronchospasm,Prescription
Meclizine,Acne Treatment,Lozenge,20mg,Bayer,Minor wound infection prevention,Over-the-Counter
Pantoprazole,Leukotriene Inhibitor,Injection,200mg,AstraZeneca,Hypothyroidism treatment,Prescription
Metronidazole,Antibiotic,Nasal Spray,200mcg,Pfizer,High cholesterol management,Prescription
Ibuprofen,Cough Suppressant,Capsule,500mg,3M Healthcare,Blood clot prevention,Over-the-Counter
Hydrocodone,Statin,Injection,25mg,Amgen,Blood clot prevention,Prescription
Metformin,Corticosteroid,Extended Release Tablet,75mg,Merck,Type 2 diabetes management,Prescription
Guaifenesin,Acne Treatment,Tablet,5mg,Novartis,Pain relief and fever reduction,Over-the-Counter
Montelukast,PPI,Liquid,1mg,AstraZeneca,Hypertension and heart failure,Prescription
Guaifenesin,Analgesic,Ointment,250mg,Bayer,Minor pain and itching relief,Over-the-Counter
Albuterol,Diuretic,Topical Solution,5mg,GlaxoSmithKline,Depression and anxiety disorders,Prescription
Atorvastatin,Bronchodilator,Topical Solution,200mcg,Eli Lilly,Depression and anxiety disorders,Prescription
Hydrocortisone Cream,Antiplatelet,Drops,325mg,3M Healthcare,GERD and peptic ulcer,Over-the-Counter
Ciprofloxacin,Statin,Topical Solution,0.25mg,Roche,Hypertension and angina,Prescription
Salicylic Acid,Antiflatulent,Powder,2%,Reckitt,Gas and bloating relief,Over-the-Counter
Miconazole,Antihistamine,Capsule,400mg,Novartis,Minor pain and itching relief,Over-the-Counter
Bismuth Subsalicylate,Decongestant,Gel,400mg,GSK,Blood clot prevention,Over-the-Counter
Omeprazole,Expectorant,Ointment,100mg,Pfizer,Allergic rhinitis and hives,Over-the-Counter
Trimethoprim,Anticoagulant,Sublingual Tablet,100mcg,Sanofi,Bacterial infections treatment,Prescription
Albuterol,Leukotriene Inhibitor,IV Infusion,0.25mg,Eli Lilly,Hypothyroidism treatment,Prescription
Calcium Carbonate,Antacid/PPI,Powder,400mg,GSK,Skin inflammation and itching,Over-the-Counter
Loperamide,Skin Protectant,Gel,150mg,Reckitt,Blood clot prevention,Over-the-Counter
Diphenhydramine,Cough Suppressant,Tablet,10mg,Johnson & Johnson,Cough suppression,Over-the-Counter
Metoprolol,Diuretic,Inhaler,100mg,Bristol-Myers Squibb,Hypertension and heart failure,Prescription
Loperamide,Topical Corticosteroid,Cream,200mg,GSK,Minor wound infection prevention,Over-the-Counter
Lidocaine Cream,Antiplatelet,Tablet,250mg,Prestige Brands,Constipation relief,Over-the-Counter
Ciprofloxacin,Anticonvulsant,Patch,10mg,GlaxoSmithKline,Epilepsy and neuropathic pain,Prescription
Losartan,Antidiabetic,Nasal Spray,25mg,Sanofi,Asthma and allergic rhinitis,Prescription
Loratadine,Antifungal,Powder,150mg,Chattem,Insomnia and sleep aid,Over-the-Counter
Simethicone,Antacid,Tablet,325mg,Chattem,Minor pain and itching relief,Over-the-Counter
Aspirin,Antihistamine,Gel,50mg,Pfizer,Diarrhea treatment,Over-the-Counter
Oxycodone,Calcium Channel Blocker,Suppository,500mg,Abbott,High cholesterol management,Prescription
Naproxen,Antidiarrheal,Spray,5mg,Bayer,Gas and bloating relief,Over-the-Counter
Prednisone,Diuretic,Topical Solution,5mg,AstraZeneca,Fungal infections treatment,Prescription
Clotrimazole,Antacid,Spray,20mg,Pfizer,Insomnia and sleep aid,Over-the-Counter
Meclizine,Acne Treatment,Liquid,50mg,Reckitt,Pain relief and fever reduction,Over-the-Counter
Escitalopram,Bronchodilator,Tablet,50mg,Gilead Sciences,Type 2 diabetes management,Prescription
Pregabalin,Antiplatelet,Sublingual Tablet,200mcg,Boehringer Ingelheim,GERD and peptic ulcer disease,Prescription
Albuterol,Diuretic,Topical Solution,100mcg,Amgen,Heart attack and stroke prevention,Prescription
Levothyroxine,Leukotriene Inhibitor,Injection,1mg,Johnson & Johnson,Fungal infections treatment,Prescription
Atorvastatin,Calcium Channel Blocker,IV Infusion,1000mg,Boehringer Ingelheim,High cholesterol management,Prescription
Ranitidine,Antacid,Tablet,5%,Bayer,Heartburn and acid reflux,Over-the-Counter
Losartan,Leukotriene Inhibitor,IV Infusion,200mcg,Pfizer,Blood clot prevention,Prescription
Aspirin,Antiemetic,Powder,250mg,Bayer,Chest congestion and mucus relief,Over-the-Counter
Trimethoprim,Leukotriene Inhibitor,Topical Solution,500mg,Johnson & Johnson,Hypertension and angina,Prescription
Ibuprofen,Decongestant,Drops,1%,Sanofi,Heartburn and acid reflux,Over-the-Counter
Omeprazole,Expectorant,Gel,500mg,Prestige Brands,Minor cuts and skin protection,Over-the-Counter
Amlodipine,Anxiolytic/Benzodiazepine,Injection,0.5mg,Amgen,Depression and anxiety disorders,Prescription
Metformin,Beta Blocker,Inhaler,100mcg,Roche,Fungal infections treatment,Prescription
Prednisone,Leukotriene Inhibitor,Capsule,20mg,Johnson & Johnson,Hypertension management,Prescription
Montelukast,Calcium Channel Blocker,Patch,200mcg,Gilead Sciences,Type 2 diabetes management,Prescription
Neosporin,Antidiarrheal,Chewable Tablet,25mg,P&G,Heartburn and acid reflux,Over-the-Counter
Lisinopril,Statin,IV Infusion,1mg,Pfizer,Blood clot prevention,Prescription
Oxycodone,Antifungal,Nasal Spray,2mg,Abbott,Depression and anxiety disorders,Prescription
Bismuth Subsalicylate,Decongestant,Cream,1%,Sanofi,Constipation relief,Over-the-Counter
Aluminum Hydroxide,Sleep Aid,Patch,500mg,Bayer,Heartburn and acid reflux,Over-the-Counter
Clopidogrel,Anxiolytic/Benzodiazepine,Liquid,50mcg,Sanofi,GERD and peptic ulcer disease,Prescription
Azithromycin,Calcium Channel Blocker,IV Infusion,50mcg,GlaxoSmithKline,Depression and anxiety disorders,Prescription
Loperamide,Antifungal,Capsule,150mg,Reckitt,GERD and peptic ulcer,Over-the-Counter
Meclizine,Expectorant,Lozenge,150mg,Johnson & Johnson,Blood clot prevention,Over-the-Counter
Atorvastatin,Antiplatelet,Suppository,0.25mg,Merck,Bacterial infections treatment,Prescription
Loperamide,Topical Corticosteroid,Gel,400mg,P&G,Chest congestion and mucus relief,Over-the-Counter
Meclizine,Antacid,Liquid,150mg,Prestige Brands,Minor cuts and skin protection,Over-the-Counter
Dextromethorphan,Antifungal,Lozenge,25mg,Prestige Brands,Minor cuts and skin protection,Over-the-Counter
Famotidine,Antacid/H2 Blocker,Capsule,125mg,Chattem,Gas and bloating relief,Over-the-Counter
Metronidazole,Diuretic,Topical Solution,10mg,Abbott,Type 2 diabetes management,Prescription
Amlodipine,Antifungal,Topical Solution,200mg,Bristol-Myers Squibb,Depression and anxiety disorders,Prescription
Hydrocodone,Antibiotic,Patch,75mg,Gilead Sciences,GERD and peptic ulcer disease,Prescription
Hydrocortisone Cream,Antacid,Liquid,20mg,Reckitt,Heartburn and indigestion,Over-the-Counter
Bacitracin,Antiflatulent,Powder,50mg,3M Healthcare,GERD and peptic ulcer,Over-the-Counter
Hydrocortisone Cream,Antacid/PPI,Lozenge,5%,Unilever,Diarrhea treatment,Over-the-Counter
Simethicone,Cough Suppressant,Tablet,400mg,Prestige Brands,Minor wound infection prevention,Over-the-Counter
Lidocaine Cream,Antacid/PPI,Ointment,400mg,Johnson & Johnson,Minor wound infection prevention,Over-the-Counter
Warfarin,ACE Inhibitor,Nasal Spray,200mg,Merck,Epilepsy and neuropathic pain,Prescription
Atorvastatin,Beta Blocker,Topical Solution,50mg,Eli Lilly,Fungal infections treatment,Prescription
Pantoprazole,ACE Inhibitor,Injection,100mg,Johnson & Johnson,Asthma and bronchospasm,Prescription
Hydrocodone,Bronchodilator,Tablet,100mg,Gilead Sciences,Hypertension and heart failure,Prescription
Sertraline,Corticosteroid,Topical Solution,100mcg,Abbott,Asthma and bronchospasm,Prescription
Docusate Sodium,Antiflatulent,Drops,100mg,Sanofi,Minor cuts and skin protection,Over-the-Counter
Losartan,Statin,Liquid,0.25mg,Bristol-Myers Squibb,Hypertension and heart failure,Prescription
Sertraline,Antidepressant/SSRI,Topical Solution,20mg,GlaxoSmithKline,Heart attack and stroke prevention,Prescription
Benzoyl Peroxide,Antifungal,Lozenge,150mg,GSK,Acne treatment,Over-the-Counter
Aluminum Hydroxide,Laxative,Spray,200mg,GSK,Fungal skin infections,Over-the-Counter
Doxycycline,Calcium Channel Blocker,Tablet,100mcg,Roche,Anxiety and panic disorders,Prescription
Miconazole,Antacid/PPI,Liquid,5%,3M Healthcare,Diarrhea treatment,Over-the-Counter
Metoprolol,Beta Blocker,Tablet,200mg,Bristol-Myers Squibb,Inflammation and autoimmune disorders,Prescription
Amoxicillin,Leukotriene Inhibitor,IV Infusion,200mg,Roche,Anxiety and panic disorders,Prescription
Prednisone,Leukotriene Inhibitor,Patch,200mg,Merck,Heart attack and stroke prevention,Prescription
Diphenhydramine,Acne Treatment,Lozenge,400mg,P&G,Constipation relief,Over-the-Counter
Sertraline,Beta Blocker,Liquid,75mg,Roche,Epilepsy and neuropathic pain,Prescription
Salicylic Acid,Skin Protectant,Tablet,325mg,Prestige Brands,Acne treatment,Over-the-Counter
Loperamide,Antidiarrheal,Powder,325mg,Chattem,Diarrhea treatment,Over-the-Counter
Metronidazole,Antiplatelet,Topical Solution,100mg,Boehringer Ingelheim,Fungal infections treatment,Prescription
Losartan,Opioid Analgesic,Suppository,200mcg,Pfizer,Edema and hypertension,Prescription
Pregabalin,Calcium Channel Blocker,IV Infusion,500mg,Merck,High cholesterol management,Prescription
Trimethoprim,Antibiotic,Extended Release Tablet,75mg,Gilead Sciences,Depression and anxiety disorders,Prescription
Clindamycin,Anticonvulsant,Capsule,10mg,Eli Lilly,Hypertension and angina,Prescription
Metformin,Antiplatelet,Nasal Spray,1mg,GlaxoSmithKline,Anxiety and panic disorders,Prescription
Ranitidine,Antifungal,Patch,25mg,3M Healthcare,Allergic rhinitis and hives,Over-the-Counter
Famotidine,Topical Antibiotic,Gel,25mg,Bayer,Gas and bloating relief,Over-the-Counter
Diphenhydramine,Antiflatulent,Tablet,325mg,Novartis,Allergic rhinitis and hives,Over-the-Counter
Clopidogrel,Bronchodilator,Nasal Spray,50mcg,Pfizer,Moderate to severe pain management,Prescription
Famotidine,Laxative,Spray,125mg,Chattem,Cough suppression,Over-the-Counter
Bacitracin,Analgesic,Chewable Tablet,250mg,GSK,Chest congestion and mucus relief,Over-the-Counter
Calcium Carbonate,Topical Anesthetic,Capsule,10mg,Bayer,Allergic rhinitis and hives,Over-the-Counter
Levothyroxine,Diuretic,Patch,25mg,Merck,Fungal infections treatment,Prescription
Hydrocortisone Cream,Decongestant,Liquid,100mg,Johnson & Johnson,Minor pain and itching relief,Over-the-Counter
Magnesium Hydroxide,Antacid/PPI,Patch,200mg,Unilever,GERD and peptic ulcer,Over-the-Counter
Pseudoephedrine,Antiemetic,Drops,100mg,GSK,Skin inflammation and itching,Over-the-Counter
Doxycycline,Anticoagulant,Patch,2mg,Sanofi,High cholesterol management,Prescription
Naproxen,Decongestant,Patch,325mg,Chattem,Minor cuts and skin protection,Over-the-Counter
Pregabalin,Diuretic,Topical Solution,400mcg,Bristol-Myers Squibb,Fungal infections treatment,Prescription
Oxycodone,Antidiabetic,Liquid,500mg,Abbott,Hypertension and angina,Prescription
Pseudoephedrine,Antacid,Powder,25mg,Reckitt,GERD and peptic ulcer,Over-the-Counter
Pantoprazole,Antifungal,Topical Solution,25mg,Sanofi,Hypertension and angina,Prescription
Famotidine,Expectorant,Gel,150mg,Prestige Brands,Acne treatment,Over-the-Counter
Miconazole,Cough Suppressant,Drops,400mg,GSK,GERD and peptic ulcer,Over-the-Counter
Clopidogrel,Anticonvulsant,Patch,0.5mg,Bristol-Myers Squibb,Hypothyroidism treatment,Prescription
Dexamethasone,ARB,Liquid,150mg,Abbott,Hypothyroidism treatment,Prescription
Naproxen,Antihistamine,Liquid,400mg,Sanofi,Heartburn and indigestion,Over-the-Counter
Aspirin,Acne Treatment,Cream,5%,Pfizer,Insomnia and sleep aid,Over-the-Counter
Guaifenesin,Antiflatulent,Chewable Tablet,5%,Chattem,Heartburn and acid reflux,Over-the-Counter
Gabapentin,Antidepressant/SSRI,Liquid,500mg,Johnson & Johnson,Blood clot prevention,Prescription
Clopidogrel,Antidepressant/SSRI,Extended Release Tablet,20mg,Merck,Hypertension and heart failure,Prescription
Naproxen,Acne Treatment,Ointment,150mg,GSK,Diarrhea treatment,Over-the-Counter
Escitalopram,PPI,Nasal Spray,500mg,Eli Lilly,Type 2 diabetes management,Prescription
Zinc Oxide,Topical Corticosteroid,Powder,150mg,Sanofi,Blood clot prevention,Over-the-Counter
Simethicone,Expectorant,Tablet,250mg,GSK,Motion sickness and nausea,Over-the-Counter
Famotidine,Antidiarrheal,Powder,2%,P&G,Heartburn and acid reflux,Over-the-Counter
Albuterol,Leukotriene Inhibitor,Nasal Spray,100mg,Merck,Anxiety and panic disorders,Prescription
Docusate Sodium,Antiflatulent,Capsule,500mg,3M Healthcare,Insomnia and sleep aid,Over-the-Counter
Famotidine,Acne Treatment,Tablet,400mg,Pfizer,Heartburn and indigestion,Over-the-Counter
Bacitracin,Decongestant,Liquid,325mg,Reckitt,GERD and peptic ulcer,Over-the-Counter
Famotidine,Analgesic,Ointment,250mg,GSK,Chest congestion and mucus relief,Over-the-Counter
Lisinopril,PPI,Suppository,200mg,Abbott,Anxiety and panic disorders,Prescription
Amoxicillin,Antidiabetic,Topical Solution,10mg,Amgen,Heart attack and stroke prevention,Prescription
Lisinopril,Leukotriene Inhibitor,Tablet,25mg,Amgen,Epilepsy and neuropathic pain,Prescription
Oxycodone,Diuretic,Capsule,50mcg,Merck,Hypertension and angina,Prescription
Bacitracin,Expectorant,Spray,325mg,Reckitt,Nasal congestion relief,Over-the-Counter
Furosemide,Statin,Nasal Spray,50mcg,Bristol-Myers Squibb,Depression and anxiety disorders,Prescription
Furosemide,Leukotriene Inhibitor,Suppository,25mg,Abbott,Epilepsy and neuropathic pain,Prescription
Clopidogrel,Anticoagulant,Tablet,75mg,Boehringer Ingelheim,Hypertension and heart failure,Prescription
Prednisone,Corticosteroid,Topical Solution,150mg,GlaxoSmithKline,Moderate to severe pain management,Prescription
Fluoxetine,PPI,Sublingual Tablet,25mg,Johnson & Johnson,Hypothyroidism treatment,Prescription
Losartan,Anticoagulant,Inhaler,20mg,Johnson & Johnson,High cholesterol management,Prescription
Clotrimazole,Expectorant,Tablet,10mg,Chattem,Chest congestion and mucus relief,Over-the-Counter
Lidocaine Cream,Antacid,Tablet,325mg,Sanofi,Allergic rhinitis and hives,Over-the-Counter
Aluminum Hydroxide,Antacid/H2 Blocker,Chewable Tablet,125mg,Bayer,Heartburn and acid reflux,Over-the-Counter
Clopidogrel,PPI,Suppository,100mcg,Novartis,Epilepsy and neuropathic pain,Prescription
Pantoprazole,Anticoagulant,Injection,100mg,Abbott,Anxiety and panic disorders,Prescription
Meclizine,Laxative,Cream,150mg,Novartis,Pain relief and fever reduction,Over-the-Counter
Miconazole,Sleep Aid,Spray,325mg,GSK,Constipation relief,Over-the-Counter
Ciprofloxacin,Corticosteroid,Capsule,50mcg,Merck,Type 2 diabetes management,Prescription
Bacitracin,Antiplatelet,Cream,25mg,3M Healthcare,Motion sickness and nausea,Over-the-Counter
Salicylic Acid,Expectorant,Gel,250mg,Novartis,Allergic rhinitis and hives,Over-the-Counter
Prednisone,Antidiabetic,Tablet,100mg,Sanofi,Asthma and bronchospasm,Prescription
Dexamethasone,Anxiolytic/Benzodiazepine,Capsule,0.5mg,AstraZeneca,Bacterial infections treatment,Prescription
Gabapentin,ARB,IV Infusion,150mg,Boehringer Ingelheim,GERD and peptic ulcer disease,Prescription
Hydrocortisone Cream,Antifungal,Gel,325mg,Novartis,Minor wound infection prevention,Over-the-Counter
Salicylic Acid,Antacid,Gel,325mg,GSK,GERD and peptic ulcer,Over-the-Counter
Salicylic Acid,Topical Antibiotic,Tablet,200mg,3M Healthcare,Diarrhea treatment,Over-the-Counter
Losartan,Antibiotic,Inhaler,0.5mg,Gilead Sciences,Depression and anxiety disorders,Prescription
Prednisone,Antiplatelet,Suppository,200mcg,Boehringer Ingelheim,Type 2 diabetes management,Prescription
Loperamide,Acne Treatment,Tablet,150mg,Pfizer,Fungal skin infections,Over-the-Counter
Bismuth Subsalicylate,Analgesic,Chewable Tablet,325mg,Prestige Brands,Blood clot prevention,Over-the-Counter
Oxycodone,Antibiotic,Extended Release Tablet,100mg,Roche,Epilepsy and neuropathic pain,Prescription
Calcium Carbonate,Laxative,Chewable Tablet,125mg,Prestige Brands,Minor wound infection prevention,Over-the-Counter
Fluoxetine,Beta Blocker,Suppository,200mcg,AstraZeneca,Hypertension and heart failure,Prescription
Trimethoprim,Anticonvulsant,Liquid,200mcg,Sanofi,Hypertension and angina,Prescription
Montelukast,Antiplatelet,Inhaler,0.25mg,Sanofi,Hypertension and angina,Prescription
Miconazole,Expectorant,Tablet,250mg,Prestige Brands,Cough suppression,Over-the-Counter
Hydrocortisone Cream,Topical Antibiotic,Chewable Tablet,125mg,Sanofi,Insomnia and sleep aid,Over-the-Counter
Aspirin,Antacid/H2 Blocker,Spray,500mg,Reckitt,Skin inflammation and itching,Over-the-Counter
Naproxen,Analgesic,Ointment,150mg,Unilever,Minor wound infection prevention,Over-the-Counter
Bismuth Subsalicylate,Topical Anesthetic,Gel,1%,Novartis,Fungal skin infections,Over-the-Counter
Dextromethorphan,Acne Treatment,Ointment,1%,Johnson & Johnson,Blood clot prevention,Over-the-Counter
Bismuth Subsalicylate,Topical Corticosteroid,Drops,10mg,GSK,Chest congestion and mucus relief,Over-the-Counter
Levothyroxine,Statin,Patch,250mg,Amgen,Epilepsy and neuropathic pain,Prescription
Famotidine,Antifungal,Cream,325mg,Sanofi,Skin inflammation and itching,Over-the-Counter
Dexamethasone,Diuretic,Inhaler,100mg,Bristol-Myers Squibb,Inflammation and autoimmune disorders,Prescription
Magnesium Hydroxide,Antiflatulent,Tablet,500mg,Sanofi,Diarrhea treatment,Over-the-Counter
Escitalopram,Anxiolytic/Benzodiazepine,Sublingual Tablet,0.5mg,Bristol-Myers Squibb,High cholesterol management,Prescription
Metoprolol,Antiplatelet,Capsule,0.25mg,Gilead Sciences,Type 2 diabetes management,Prescription
Simethicone,Expectorant,Powder,5%,Pfizer,Allergic rhinitis and hives,Over-the-Counter
Gabapentin,Bronchodilator,Sublingual Tablet,75mg,Amgen,High cholesterol management,Prescription
Fluoxetine,Beta Blocker,Extended Release Tablet,400mcg,Gilead Sciences,Fungal infections treatment,Prescription
Ibuprofen,Expectorant,Drops,1%,Novartis,Heartburn and acid reflux,Over-the-Counter
Famotidine,Antiplatelet,Chewable Tablet,20mg,Sanofi,Chest congestion and mucus relief,Over-the-Counter
Ranitidine,Antacid/H2 Blocker,Lozenge,50mg,Pfizer,Constipation relief,Over-the-Counter
Miconazole,Cough Suppressant,Gel,250mg,Johnson & Johnson,Motion sickness and nausea,Over-the-Counter
Oxycodone,Bronchodilator,IV Infusion,0.5mg,Bristol-Myers Squibb,Moderate to severe pain management,Prescription
Pantoprazole,ARB,Nasal Spray,0.25mg,Abbott,Fungal infections treatment,Prescription
Acetaminophen,Cough Suppressant,Patch,1%,Pfizer,Heartburn and acid reflux,Over-the-Counter
Loperamide,Expectorant,Capsule,5mg,P&G,Minor cuts and skin protection,Over-the-Counter
Ciprofloxacin,Anticonvulsant,Tablet,50mg,Roche,Hypothyroidism treatment,Prescription
Zinc Oxide,Antiflatulent,Tablet,50mg,Pfizer,Minor pain and itching relief,Over-the-Counter
Atorvastatin,Diuretic,Extended Release Tablet,1mg,AstraZeneca,Blood clot prevention,Prescription
Sertraline,Antidepressant/SSRI,Nasal Spray,1000mg,Roche,Heart attack and stroke prevention,Prescription
Albuterol,Diuretic,Liquid,20mg,Eli Lilly,Hypertension management,Prescription
Lidocaine Cream,Topical Antibiotic,Powder,125mg,Reckitt,Motion sickness and nausea,Over-the-Counter
Calcium Carbonate,Antacid,Powder,1%,Sanofi,Minor pain and itching relief,Over-the-Counter
Amlodipine,ARB,Inhaler,50mg,Boehringer Ingelheim,Hypertension management,Prescription
Dexamethasone,Thyroid Hormone,IV Infusion,400mcg,Gilead Sciences,Hypertension and angina,Prescription
Metformin,Antifungal,Topical Solution,1mg,Sanofi,Hypertension and heart failure,Prescription
Metformin,ACE Inhibitor,Suppository,2mg,Pfizer,Anxiety and panic disorders,Prescription
Zinc Oxide,Cough Suppressant,Tablet,150mg,Unilever,Fungal skin infections,Over-the-Counter
Miconazole,Decongestant,Powder,400mg,Novartis,Chest congestion and mucus relief,Over-the-Counter
Docusate Sodium,Antacid/PPI,Spray,125mg,P&G,Skin inflammation and itching,Over-the-Counter
Albuterol,Diuretic,Sublingual Tablet,400mcg,Pfizer,Depression and anxiety disorders,Prescription
Alprazolam,Opioid Analgesic,Topical Solution,2mg,Eli Lilly,Epilepsy and neuropathic pain,Prescription
Ibuprofen,Antiemetic,Spray,125mg,Prestige Brands,Fungal skin infections,Over-the-Counter
Diphenhydramine,Antacid/PPI,Patch,2%,Johnson & Johnson,Skin inflammation and itching,Over-the-Counter
Warfarin,Opioid Analgesic,Sublingual Tablet,25mg,Gilead Sciences,Heart attack and stroke prevention,Prescription
Famotidine,Analgesic,Spray,25mg,Reckitt,Chest congestion and mucus relief,Over-the-Counter
Famotidine,Antacid/PPI,Patch,50mg,Johnson & Johnson,Cough suppression,Over-the-Counter
Bismuth Subsalicylate,Cough Suppressant,Tablet,5%,Sanofi,Gas and bloating relief,Over-the-Counter
Gabapentin,Antidiabetic,IV Infusion,1mg,Novartis,Asthma and allergic rhinitis,Prescription
Benzoyl Peroxide,Laxative,Gel,325mg,Reckitt,GERD and peptic ulcer,Over-the-Counter
Clindamycin,Bronchodilator,Sublingual Tablet,1000mg,Novartis,Edema and hypertension,Prescription
Escitalopram,Thyroid Hormone,Injection,5mg,Johnson & Johnson,Bacterial infections treatment,Prescription
Hydrocodone,PPI,IV Infusion,200mg,Pfizer,Hypertension and angina,Prescription
Naproxen,Antiplatelet,Gel,325mg,Chattem,Pain relief and fever reduction,Over-the-Counter
Meclizine,Sleep Aid,Chewable Tablet,100mg,Sanofi,Heartburn and indigestion,Over-the-Counter
Zinc Oxide,Topical Corticosteroid,Gel,25mg,Chattem,Insomnia and sleep aid,Over-the-Counter
Magnesium Hydroxide,Antihistamine,Drops,250mg,3M Healthcare,Acne treatment,Over-the-Counter
Metronidazole,Diuretic,Extended Release Tablet,50mcg,Boehringer Ingelheim,Hypertension and heart failure,Prescription
Levothyroxine,PPI,Inhaler,1mg,Eli Lilly,Hypertension management,Prescription
Doxycycline,Antiplatelet,Tablet,20mg,Eli Lilly,Epilepsy and neuropathic pain,Prescription
Magnesium Hydroxide,Sleep Aid,Powder,400mg,Prestige Brands,Minor cuts and skin protection,Over-the-Counter
Metronidazole,Antibiotic,Injection,5mg,Roche,Moderate to severe pain management,Prescription
Lidocaine Cream,Decongestant,Patch,20mg,Pfizer,Pain relief and fever reduction,Over-the-Counter
Lisinopril,Diuretic,Liquid,250mg,Boehringer Ingelheim,Fungal infections treatment,Prescription
Docusate Sodium,Cough Suppressant,Tablet,20mg,Bayer,Allergic rhinitis and hives,Over-the-Counter
Amoxicillin,Corticosteroid,Extended Release Tablet,150mg,Gilead Sciences,Asthma and bronchospasm,Prescription
Aluminum Hydroxide,Antiflatulent,Capsule,500mg,Novartis,Chest congestion and mucus relief,Over-the-Counter
Pseudoephedrine,Antacid/PPI,Ointment,10mg,P&G,Acne treatment,Over-the-Counter
Lisinopril,Bronchodilator,Inhaler,50mg,AstraZeneca,Edema and hypertension,Prescription
Aspirin,Antiplatelet,Gel,100mg,P&G,Heartburn and acid reflux,Over-the-Counter
Pseudoephedrine,Antiflatulent,Ointment,5%,3M Healthcare,Constipation relief,Over-the-Counter
Miconazole,Expectorant,Gel,200mg,Reckitt,Skin inflammation and itching,Over-the-Counter
Clotrimazole,Topical Antibiotic,Tablet,400mg,Unilever,Acne treatment,Over-the-Counter
Gabapentin,ACE Inhibitor,Patch,100mcg,Abbott,Blood clot prevention,Prescription
Dexamethasone,Anticonvulsant,Topical Solution,100mg,Merck,Hypothyroidism treatment,Prescription
Cetirizine,Antacid/PPI,Powder,1%,Reckitt,Blood clot prevention,Over-the-Counter
Levothyroxine,Diuretic,Suppository,100mcg,Bristol-Myers Squibb,Epilepsy and neuropathic pain,Prescription
Levothyroxine,Calcium Channel Blocker,Nasal Spray,200mg,GlaxoSmithKline,Blood clot prevention,Prescription
Dexamethasone,Anticonvulsant,Inhaler,500mg,AstraZeneca,Moderate to severe pain management,Prescription
Losartan,Antiplatelet,Sublingual Tablet,150mg,Eli Lilly,Blood clot prevention,Prescription
Hydrocodone,ARB,Liquid,250mg,Merck,Epilepsy and neuropathic pain,Prescription
Pregabalin,Antibiotic,Extended Release Tablet,50mcg,Pfizer,Hypothyroidism treatment,Prescription
Calcium Carbonate,Cough Suppressant,Drops,2%,Chattem,Motion sickness and nausea,Over-the-Counter
Salicylic Acid,Antiplatelet,Drops,1%,Sanofi,Constipation relief,Over-the-Counter
Calcium Carbonate,Antacid/H2 Blocker,Tablet,10mg,GSK,GERD and peptic ulcer,Over-the-Counter
Docusate Sodium,Topical Antibiotic,Ointment,100mg,Pfizer,Chest congestion and mucus relief,Over-the-Counter
Ibuprofen,Antihistamine,Lozenge,10mg,Pfizer,Diarrhea treatment,Over-the-Counter
Levothyroxine,Beta Blocker,Capsule,1mg,Pfizer,Asthma and bronchospasm,Prescription
Pantoprazole,Beta Blocker,Sublingual Tablet,1mg,Amgen,Hypertension and angina,Prescription
Docusate Sodium,Antiflatulent,Powder,50mg,Novartis,Motion sickness and nausea,Over-the-Counter
Salicylic Acid,Topical Corticosteroid,Drops,100mg,GSK,Minor cuts and skin protection,Over-the-Counter
Metoprolol,Antidepressant/SSRI,Capsule,250mg,GlaxoSmithKline,Hypertension management,Prescription
Aspirin,Analgesic,Liquid,25mg,Pfizer,Constipation relief,Over-the-Counter
Fluoxetine,Antidepressant/SSRI,Patch,20mg,Bristol-Myers Squibb,GERD and peptic ulcer disease,Prescription
Aspirin,Decongestant,Chewable Tablet,500mg,Prestige Brands,Cough suppression,Over-the-Counter
Guaifenesin,Cough Suppressant,Ointment,325mg,GSK,Minor pain and itching relief,Over-the-Counter
Hydrocortisone Cream,Decongestant,Capsule,400mg,Bayer,Nasal congestion relief,Over-the-Counter
Escitalopram,Corticosteroid,Suppository,100mcg,AstraZeneca,Bacterial infections treatment,Prescription
Neosporin,Decongestant,Patch,150mg,Prestige Brands,Blood clot prevention,Over-the-Counter
Magnesium Hydroxide,Analgesic,Lozenge,325mg,3M Healthcare,Heartburn and indigestion,Over-the-Counter
Aluminum Hydroxide,Antacid/PPI,Ointment,325mg,Johnson & Johnson,Minor cuts and skin protection,Over-the-Counter
Pseudoephedrine,Antiemetic,Liquid,100mg,Sanofi,Gas and bloating relief,Over-the-Counter
Oxycodone,PPI,Patch,100mcg,Boehringer Ingelheim,Type 2 diabetes management,Prescription
Clopidogrel,Anxiolytic/Benzodiazepine,Extended Release Tablet,200mg,GlaxoSmithKline,High cholesterol management,Prescription
Doxycycline,PPI,IV Infusion,200mg,Eli Lilly,Hypertension management,Prescription
Levothyroxine,Antifungal,Injection,25mg,Merck,Edema and hypertension,Prescription
Amoxicillin,Beta Blocker,Patch,10mg,AstraZeneca,Hypertension and angina,Prescription
Atorvastatin,PPI,Extended Release Tablet,100mg,Eli Lilly,Heart attack and stroke prevention,Prescription
Atorvastatin,Anticonvulsant,IV Infusion,1mg,Abbott,Hypertension and angina,Prescription
Loperamide,Decongestant,Lozenge,5mg,Novartis,Chest congestion and mucus relief,Over-the-Counter
Azithromycin,Opioid Analgesic,Tablet,10mg,Novartis,Fungal infections treatment,Prescription
Warfarin,Antidepressant/SSRI,Inhaler,20mg,Johnson & Johnson,Hypertension management,Prescription
Furosemide,Diuretic,Sublingual Tablet,25mg,Amgen,Fungal infections treatment,Prescription
Acetaminophen,Cough Suppressant,Ointment,250mg,Prestige Brands,Heartburn and acid reflux,Over-the-Counter
Levothyroxine,Diuretic,Capsule,400mcg,Sanofi,Fungal infections treatment,Prescription
Montelukast,Anticonvulsant,IV Infusion,2mg,Amgen,High cholesterol management,Prescription
Simethicone,Acne Treatment,Capsule,325mg,Reckitt,Pain relief and fever reduction,Over-the-Counter
Omeprazole,Antifungal,Drops,150mg,Unilever,Constipation relief,Over-the-Counter
Lisinopril,Anticoagulant,Extended Release Tablet,500mg,Merck,Heart attack and stroke prevention,Prescription
Oxycodone,Antifungal,Suppository,2mg,Bristol-Myers Squibb,Fungal infections treatment,Prescription
Aspirin,Topical Antibiotic,Capsule,50mg,Chattem,Allergic rhinitis and hives,Over-the-Counter
Alprazolam,ACE Inhibitor,IV Infusion,75mg,Pfizer,Bacterial infections treatment,Prescription
Neosporin,Laxative,Spray,10mg,Sanofi,Heartburn and acid reflux,Over-the-Counter
Miconazole,Antiemetic,Gel,250mg,Johnson & Johnson,Acne treatment,Over-the-Counter
Diphenhydramine,Analgesic,Cream,400mg,Unilever,Fungal skin infections,Over-the-Counter
Hydrocortisone Cream,Antihistamine,Ointment,200mg,Chattem,Acne treatment,Over-the-Counter
Alprazolam,Anticonvulsant,Injection,100mg,AstraZeneca,Type 2 diabetes management,Prescription
Hydrocodone,PPI,Liquid,2mg,Sanofi,Heart attack and stroke prevention,Prescription
Trimethoprim,Corticosteroid,Injection,50mcg,Pfizer,Hypertension management,Prescription
Loratadine,Topical Antibiotic,Liquid,500mg,3M Healthcare,Cough suppression,Over-the-Counter
Losartan,Beta Blocker,Inhaler,0.25mg,Bristol-Myers Squibb,Heart attack and stroke prevention,Prescription
Warfarin,ACE Inhibitor,Topical Solution,2mg,GlaxoSmithKline,Hypertension and angina,Prescription
Montelukast,Opioid Analgesic,Suppository,25mg,Johnson & Johnson,Hypertension and heart failure,Prescription
Furosemide,Calcium Channel Blocker,Nasal Spray,250mg,Roche,Epilepsy and neuropathic pain,Prescription
Bismuth Subsalicylate,Analgesic,Ointment,1%,Chattem,Cough suppression,Over-the-Counter
Guaifenesin,Analgesic,Chewable Tablet,100mg,GSK,Motion sickness and nausea,Over-the-Counter
Levothyroxine,Thyroid Hormone,Liquid,5mg,Abbott,Hypertension and angina,Prescription
Lidocaine Cream,Topical Anesthetic,Lozenge,1%,Bayer,Heartburn and indigestion,Over-the-Counter
Levothyroxine,Antidepressant/SSRI,Nasal Spray,25mg,Amgen,Asthma and allergic rhinitis,Prescription
Metformin,Statin,Inhaler,5mg,Amgen,Hypothyroidism treatment,Prescription
Amlodipine,Anticonvulsant,Tablet,100mcg,Eli Lilly,Hypertension and heart failure,Prescription
Losartan,ACE Inhibitor,Capsule,2mg,Gilead Sciences,Type 2 diabetes management,Prescription
Guaifenesin,Laxative,Lozenge,250mg,Reckitt,Heartburn and acid reflux,Over-the-Counter
Diphenhydramine,Acne Treatment,Drops,5mg,GSK,Constipation relief,Over-the-Counter
Azithromycin,Antibiotic,Sublingual Tablet,50mg,GlaxoSmithKline,Hypertension and heart failure,Prescription
Oxycodone,Anticonvulsant,Nasal Spray,5mg,Merck,Hypertension management,Prescription
Fluoxetine,Antifungal,Inhaler,200mcg,Sanofi,Hypothyroidism treatment,Prescription
Calcium Carbonate,Antihistamine,Drops,400mg,Novartis,Cough suppression,Over-the-Counter
Levothyroxine,Leukotriene Inhibitor,Nasal Spray,75mg,Abbott,Hypertension and heart failure,Prescription
Salicylic Acid,Laxative,Cream,325mg,Prestige Brands,GERD and peptic ulcer,Over-the-Counter
Simethicone,Antiflatulent,Cream,400mg,P&G,Heartburn and indigestion,Over-the-Counter
Clindamycin,Anticonvulsant,Sublingual Tablet,500mg,Sanofi,Fungal infections treatment,Prescription
Losartan,Antiplatelet,Patch,200mg,Roche,Anxiety and panic disorders,Prescription
Levothyroxine,Anticonvulsant,Capsule,75mg,Boehringer Ingelheim,High cholesterol management,Prescription
Prednisone,Antiplatelet,Inhaler,100mcg,Gilead Sciences,Anxiety and panic disorders,Prescription
Clotrimazole,Sleep Aid,Gel,400mg,Prestige Brands,Minor wound infection prevention,Over-the-Counter
Metronidazole,ACE Inhibitor,IV Infusion,50mcg,Boehringer Ingelheim,Type 2 diabetes management,Prescription
Lidocaine Cream,Antacid/PPI,Chewable Tablet,5mg,3M Healthcare,Allergic rhinitis and hives,Over-the-Counter
Levothyroxine,Antifungal,Topical Solution,50mcg,Eli Lilly,Moderate to severe pain management,Prescription
Hydrocortisone Cream,Decongestant,Spray,125mg,3M Healthcare,Insomnia and sleep aid,Over-the-Counter
Clopidogrel,PPI,Tablet,75mg,Johnson & Johnson,Moderate to severe pain management,Prescription
Montelukast,Antidepressant/SSRI,Sublingual Tablet,50mg,Novartis,Type 2 diabetes management,Prescription
Miconazole,Antiemetic,Liquid,5%,Prestige Brands,Acne treatment,Over-the-Counter
Oxycodone,Opioid Analgesic,Topical Solution,75mg,Amgen,GERD and peptic ulcer disease,Prescription
Dextromethorphan,Antacid,Chewable Tablet,100mg,Unilever,Chest congestion and mucus relief,Over-the-Counter
Metronidazole,ACE Inhibitor,IV Infusion,10mg,Boehringer Ingelheim,Type 2 diabetes management,Prescription
Zinc Oxide,Acne Treatment,Patch,1%,Chattem,Heartburn and indigestion,Over-the-Counter
Amoxicillin,ACE Inhibitor,Suppository,1000mg,Eli Lilly,Fungal infections treatment,Prescription
Metoprolol,ARB,Inhaler,500mg,Merck,Type 2 diabetes management,Prescription
Montelukast,Statin,Inhaler,100mg,Roche,Hypertension and angina,Prescription
Warfarin,Bronchodilator,Capsule,100mg,Pfizer,Hypothyroidism treatment,Prescription
Meclizine,Analgesic,Drops,50mg,Chattem,Fungal skin infections,Over-the-Counter
Calcium Carbonate,Decongestant,Drops,150mg,Johnson & Johnson,Chest congestion and mucus relief,Over-the-Counter
Albuterol,Leukotriene Inhibitor,Extended Release Tablet,0.25mg,GlaxoSmithKline,Asthma and allergic rhinitis,Prescription
Naproxen,Sleep Aid,Capsule,5mg,3M Healthcare,Fungal skin infections,Over-the-Counter
Metoprolol,Anticoagulant,Topical Solution,200mcg,Merck,High cholesterol management,Prescription
Aluminum Hydroxide,Antiplatelet,Spray,2%,P&G,Heartburn and acid reflux,Over-the-Counter
Calcium Carbonate,Antacid/H2 Blocker,Liquid,10mg,Reckitt,Fungal skin infections,Over-the-Counter
Amoxicillin,ACE Inhibitor,Tablet,0.25mg,Amgen,Depression and anxiety disorders,Prescription
Atorvastatin,Diuretic,Capsule,400mcg,Johnson & Johnson,Hypertension and angina,Prescription
Doxycycline,Diuretic,Tablet,20mg,Amgen,Asthma and allergic rhinitis,Prescription
Furosemide,Antifungal,Liquid,200mg,Merck,Hypertension and heart failure,Prescription
Prednisone,Thyroid Hormone,Capsule,500mg,Roche,Fungal infections treatment,Prescription
Naproxen,Antacid,Liquid,25mg,Prestige Brands,Blood clot prevention,Over-the-Counter
Miconazole,Antacid/PPI,Chewable Tablet,2%,Prestige Brands,GERD and peptic ulcer,Over-the-Counter
Doxycycline,Anticonvulsant,Extended Release Tablet,100mcg,Gilead Sciences,Heart attack and stroke prevention,Prescription
Guaifenesin,Cough Suppressant,Liquid,1%,Bayer,Diarrhea treatment,Over-the-Counter
Alprazolam,Opioid Analgesic,Injection,50mcg,Johnson & Johnson,High cholesterol management,Prescription
Oxycodone,Leukotriene Inhibitor,Sublingual Tablet,200mg,Roche,Edema and hypertension,Prescription
Clindamycin,Antidiabetic,Nasal Spray,50mcg,GlaxoSmithKline,Inflammation and autoimmune disorders,Prescription
Fluoxetine,Anticoagulant,Capsule,500mg,Sanofi,GERD and peptic ulcer disease,Prescription
Dexamethasone,Beta Blocker,Topical Solution,100mcg,Johnson & Johnson,Anxiety and panic disorders,Prescription
Metronidazole,Antifungal,Inhaler,100mcg,Eli Lilly,Depression and anxiety disorders,Prescription
Famotidine,Topical Anesthetic,Lozenge,250mg,Bayer,Minor cuts and skin protection,Over-the-Counter
Hydrocodone,Statin,Capsule,100mg,AstraZeneca,Epilepsy and neuropathic pain,Prescription
Pregabalin,Thyroid Hormone,Tablet,200mg,Roche,GERD and peptic ulcer disease,Prescription
Benzoyl Peroxide,Antihistamine,Lozenge,50mg,Novartis,Minor wound infection prevention,Over-the-Counter
Calcium Carbonate,Antidiarrheal,Lozenge,250mg,Prestige Brands,Diarrhea treatment,Over-the-Counter
Meclizine,Topical Anesthetic,Gel,1%,Novartis,GERD and peptic ulcer,Over-the-Counter
Furosemide,ACE Inhibitor,IV Infusion,50mcg,Boehringer Ingelheim,Moderate to severe pain management,Prescription
Metronidazole,Anticonvulsant,Patch,0.5mg,Pfizer,Heart attack and stroke prevention,Prescription
Alprazolam,Antiplatelet,Capsule,50mg,Merck,Type 2 diabetes management,Prescription
Prednisone,Leukotriene Inhibitor,Capsule,500mg,Pfizer,Hypertension management,Prescription
Acetaminophen,Antacid/H2 Blocker,Lozenge,5%,Sanofi,GERD and peptic ulcer,Over-the-Counter
Salicylic Acid,Antacid,Powder,10mg,Novartis,Constipation relief,Over-the-Counter
Clotrimazole,Analgesic,Powder,2%,GSK,Pain relief and fever reduction,Over-the-Counter
Azithromycin,Anticoagulant,Tablet,50mcg,Johnson & Johnson,Depression and anxiety disorders,Prescription
Benzoyl Peroxide,Analgesic,Lozenge,150mg,P&G,Diarrhea treatment,Over-the-Counter
Salicylic Acid,Skin Protectant,Chewable Tablet,250mg,P&G,Pain relief and fever reduction,Over-the-Counter
Simethicone,Antidiarrheal,Patch,400mg,Chattem,Gas and bloating relief,Over-the-Counter
Lisinopril,Anticoagulant,Topical Solution,0.25mg,Merck,Depression and anxiety disorders,Prescription
Docusate Sodium,Antacid/PPI,Ointment,150mg,GSK,Allergic rhinitis and hives,Over-the-Counter
Gabapentin,Beta Blocker,Suppository,200mg,Pfizer,Hypothyroidism treatment,Prescription
Atorvastatin,Anticoagulant,Liquid,100mg,GlaxoSmithKline,Blood clot prevention,Prescription
Hydrocodone,Antiplatelet,Inhaler,400mcg,Eli Lilly,Hypertension and heart failure,Prescription
Doxycycline,Diuretic,Inhaler,50mcg,GlaxoSmithKline,Heart attack and stroke prevention,Prescription
Clopidogrel,Diuretic,Sublingual Tablet,0.5mg,Sanofi,Blood clot prevention,Prescription
Furosemide,Calcium Channel Blocker,Injection,50mg,Boehringer Ingelheim,Asthma and bronchospasm,Prescription
Salicylic Acid,Expectorant,Patch,400mg,Johnson & Johnson,Constipation relief,Over-the-Counter
Pregabalin,PPI,Suppository,1000mg,Bristol-Myers Squibb,Hypertension management,Prescription
Lisinopril,ARB,Capsule,400mcg,Pfizer,Asthma and bronchospasm,Prescription
Doxycycline,Anticoagulant,Inhaler,1mg,Eli Lilly,Anxiety and panic disorders,Prescription
Albuterol,ARB,Extended Release Tablet,500mg,Amgen,Heart attack and stroke prevention,Prescription
Trimethoprim,Corticosteroid,Injection,0.5mg,Gilead Sciences,Hypertension and heart failure,Prescription
Dextromethorphan,Antacid/PPI,Patch,25mg,Bayer,Acne treatment,Over-the-Counter
Acetaminophen,Antacid/H2 Blocker,Chewable Tablet,10mg,Reckitt,Pain relief and fever reduction,Over-the-Counter
Bacitracin,Skin Protectant,Capsule,200mg,3M Healthcare,Motion sickness and nausea,Over-the-Counter
Aluminum Hydroxide,Antifungal,Patch,10mg,3M Healthcare,Minor wound infection prevention,Over-the-Counter
Hydrocodone,Antiplatelet,Inhaler,2mg,Sanofi,Hypertension and angina,Prescription
Guaifenesin,Antiflatulent,Capsule,20mg,Chattem,Minor pain and itching relief,Over-the-Counter
Salicylic Acid,Antiplatelet,Drops,325mg,Chattem,Heartburn and acid reflux,Over-the-Counter
Ranitidine,Topical Anesthetic,Patch,400mg,P&G,Minor cuts and skin protection,Over-the-Counter
Famotidine,Topical Anesthetic,Cream,125mg,P&G,Blood clot prevention,Over-the-Counter
Aluminum Hydroxide,Analgesic,Powder,25mg,Chattem,Blood clot prevention,Over-the-Counter
Montelukast,Diuretic,Sublingual Tablet,20mg,Pfizer,Blood clot prevention,Prescription
Calcium Carbonate,Antacid/PPI,Ointment,50mg,Unilever,Diarrhea treatment,Over-the-Counter
Famotidine,Analgesic,Powder,25mg,Sanofi,Blood clot prevention,Over-the-Counter
Oxycodone,Opioid Analgesic,Inhaler,50mg,Novartis,Hypothyroidism treatment,Prescription
Benzoyl Peroxide,Antacid,Lozenge,400mg,Sanofi,Insomnia and sleep aid,Over-the-Counter
Gabapentin,Diuretic,Injection,100mcg,Sanofi,Edema and hypertension,Prescription
Furosemide,Antibiotic,Inhaler,50mg,Roche,Asthma and allergic rhinitis,Prescription
Trimethoprim,Antidiabetic,Suppository,1mg,Novartis,Depression and anxiety disorders,Prescription
Guaifenesin,Topical Antibiotic,Drops,150mg,Bayer,Heartburn and acid reflux,Over-the-Counter
Loperamide,Analgesic,Cream,25mg,Unilever,Minor pain and itching relief,Over-the-Counter
Guaifenesin,Sleep Aid,Gel,2%,Novartis,Minor pain and itching relief,Over-the-Counter
Atorvastatin,Opioid Analgesic,Suppository,0.5mg,Gilead Sciences,Blood clot prevention,Prescription
Pantoprazole,Bronchodilator,Extended Release Tablet,150mg,Merck,Asthma and bronchospasm,Prescription
Prednisone,Antibiotic,Patch,100mcg,Roche,Hypertension and angina,Prescription
Naproxen,Antiflatulent,Chewable Tablet,200mg,Bayer,Fungal skin infections,Over-the-Counter
Albuterol,Antifungal,Capsule,20mg,GlaxoSmithKline,High cholesterol management,Prescription
Pseudoephedrine,Skin Protectant,Drops,5mg,Prestige Brands,Acne treatment,Over-the-Counter
Benzoyl Peroxide,Antiflatulent,Spray,200mg,Unilever,Skin inflammation and itching,Over-the-Counter
Sertraline,Anticoagulant,IV Infusion,5mg,GlaxoSmithKline,Inflammation and autoimmune disorders,Prescription
Doxycycline,Anxiolytic/Benzodiazepine,Injection,50mg,Eli Lilly,Hypertension and heart failure,Prescription
Miconazole,Antacid/H2 Blocker,Cream,100mg,Bayer,Skin inflammation and itching,Over-the-Counter
Ibuprofen,Laxative,Chewable Tablet,200mg,Johnson & Johnson,Constipation relief,Over-the-Counter
Escitalopram,Diuretic,Suppository,1000mg,Sanofi,High cholesterol management,Prescription
Doxycycline,ACE Inhibitor,Suppository,50mcg,Abbott,Anxiety and panic disorders,Prescription
Warfarin,Opioid Analgesic,Patch,50mg,Merck,GERD and peptic ulcer disease,Prescription
Clopidogrel,Leukotriene Inhibitor,Capsule,0.5mg,Sanofi,Type 2 diabetes management,Prescription
Ranitidine,Antacid,Liquid,10mg,P&G,GERD and peptic ulcer,Over-the-Counter
Fluoxetine,Diuretic,Patch,2mg,Sanofi,Hypertension management,Prescription
